,Unnamed: 0,Unnamed: 0.1,0,1,2,3,4,5,6,7,8,9,10,11,12,13,14,15,16,17,18,19,20,21,22,23,24,25,26,27,28,29,30,31,32,33,34,35,36,37,38,39,40,41,42,43,0.1,1.1,2.1,3.1,4.1,5.1,6.1,7.1,8.1,9.1,10.1,11.1,12.1,13.1,14.1,15.1,16.1,17.1,18.1,19.1,20.1,21.1,22.1,23.1,24.1,25.1,26.1,27.1,28.1,29.1,30.1,31.1,32.1,33.1,34.1,35.1,36.1,37.1,38.1,39.1,40.1,41.1,42.1,43.1
0,0,R/Ohm,0.047597,-0.0065564,-0.068768,-0.12826,-0.12571,-0.24393,-0.26568,-0.32104,-0.33509,-0.36355,-0.40339,-0.45661,-0.45682,-0.47948,-0.54144,-0.56878,-0.58389,-0.62422,-0.62163,-0.67363,-0.69302,-0.73519,-0.77055,-0.77177,-0.79749,-0.80545,-0.80147,-0.80157,-0.77388,-0.74811,-0.70543,-0.65683,-0.6076,-0.54084,-0.47787,-0.41393,-0.3501,-0.28835,-0.2358,-0.18727,-0.14477,-0.10768,-0.080486,-0.057918,4.9208,4.9028,4.9307,4.9631,5.0205,5.0409,5.0811,5.1079,5.1785,5.2325,5.293,5.3669,5.4088,5.496,5.5502,5.6403,5.7327,5.8206,5.9255,6.0086,6.1202,6.2144,6.3363,6.4547,6.5866,6.7183,6.8535,6.9762,7.1118,7.2481,7.3686,7.4794,7.5779,7.6554,7.7261,7.783,7.8296,7.8651,7.888,7.9041,7.9113,7.9147,7.9131,7.9137
1,1,R/Ohm,0.11582,0.012426,-0.041814,-0.12696,-0.16229,-0.23169,-0.26764,-0.31041,-0.35092,-0.37796,-0.41542,-0.4595,-0.4802,-0.50885,-0.53963,-0.57625,-0.60378,-0.62214,-0.64964,-0.66589,-0.69037,-0.69151,-0.68521,-0.67948,-0.66061,-0.63361,-0.5941,-0.55616,-0.49853,-0.44561,-0.39907,-0.34889,-0.30372,-0.26402,-0.22421,-0.18884,-0.15506,-0.12767,-0.10605,-0.084679,-0.071653,-0.055133,-0.041475,-0.030643,4.5388,4.582,4.6057,4.656,4.6888,4.7465,4.7948,4.8332,4.8846,4.9596,5.0227,5.1019,5.1695,5.2694,5.3308,5.4255,5.5247,5.6191,5.7301,5.8173,5.9438,6.0352,6.168,6.2776,6.3855,6.488,6.59,6.673,6.755,6.8155,6.8642,6.9044,6.9349,6.9372,6.9427,6.947,6.9497,6.9535,6.9599,6.9691,6.9834,7.0016,7.0244,7.0561
2,2,R/Ohm,0.41172,0.26935,0.175,0.07999,0.0041757,-0.066242,-0.1206,-0.16678,-0.21644,-0.25496,-0.28773,-0.34571,-0.3629,-0.3899,-0.43295,-0.4507,-0.47136,-0.49937,-0.53259,-0.56357,-0.58144,-0.58382,-0.61737,-0.60755,-0.61939,-0.623,-0.60091,-0.5801,-0.54411,-0.50788,-0.46063,-0.42403,-0.37327,-0.33166,-0.28984,-0.25789,-0.22264,-0.19562,-0.16781,-0.13929,-0.11456,-0.096775,-0.07691,-0.059124,4.3416,4.3618,4.3788,4.4076,4.4277,4.469,4.5046,4.5459,4.5866,4.6368,4.6805,4.7438,4.8026,4.849,4.9207,4.9908,5.0657,5.1432,5.2242,5.3154,5.4066,5.4977,5.6009,5.7024,5.8179,5.9197,6.0332,6.1409,6.2457,6.3314,6.4048,6.4821,6.5409,6.5885,6.631,6.6665,6.7103,6.7233,6.7553,6.7965,6.8177,6.8331,6.8473,6.8562
3,3,R/Ohm,0.042044,-0.058436,-0.099432,-0.15427,-0.20107,-0.23013,-0.29218,-0.34319,-0.36422,-0.39788,-0.43501,-0.46998,-0.50991,-0.53531,-0.55834,-0.58552,-0.6185,-0.63461,-0.65194,-0.68317,-0.7131,-0.70322,-0.72038,-0.71229,-0.69516,-0.66972,-0.63038,-0.58741,-0.5389,-0.48579,-0.43482,-0.38538,-0.34083,-0.29496,-0.25079,-0.21346,-0.17948,-0.14677,-0.12202,-0.097929,-0.075434,-0.055649,-0.043775,-0.031449,4.5418,4.5376,4.5995,4.6443,4.7044,4.7449,4.7905,4.838,4.8865,4.9418,5.0099,5.0747,5.149,5.2126,5.2976,5.3898,5.4741,5.5725,5.672,5.7709,5.8728,5.9954,6.1178,6.2311,6.3466,6.4658,6.5722,6.6691,6.7562,6.8329,6.9018,6.9527,6.9949,7.0145,7.0381,7.0571,7.0714,7.0838,7.0921,7.0994,7.1029,7.1067,7.1069,7.1079
4,4,R/Ohm,0.7411,0.55586,0.37501,0.25047,0.12591,0.025223,-0.048146,-0.088785,-0.13752,-0.21882,-0.24989,-0.28306,-0.33705,-0.37848,-0.42546,-0.43875,-0.48053,-0.50248,-0.53252,-0.5658,-0.59917,-0.61859,-0.6732,-0.7053,-0.75488,-0.79787,-0.84042,-0.88612,-0.93601,-0.98083,-1.0243,-1.0669,-1.1084,-1.1389,-1.1605,-1.1748,-1.1673,-1.1442,-1.1019,-1.0311,-0.93115,-0.81179,-0.67578,-0.53724,4.0059,4.0258,4.073,4.0569,4.0802,4.095,4.1554,4.2451,4.237,4.283,4.3386,4.3808,4.4573,4.4915,4.5319,4.6152,4.6921,4.7612,4.8316,4.9079,4.9912,5.0692,5.1674,5.2574,5.3689,5.461,5.5801,5.7086,5.8346,5.977,6.1271,6.2865,6.4535,6.6413,6.827,7.0201,7.2085,7.4162,7.63,7.8422,8.0435,8.2196,8.3649,8.4727
5,5,R/Ohm,0.13218,0.049992,-0.0073768,-0.11382,-0.17516,-0.24534,-0.30034,-0.36219,-0.38945,-0.43628,-0.47638,-0.53577,-0.5513,-0.59023,-0.64106,-0.65484,-0.68767,-0.73964,-0.76878,-0.81461,-0.86763,-0.91317,-0.9291,-0.99466,-1.031,-1.0725,-1.1031,-1.1318,-1.1419,-1.1414,-1.1296,-1.0922,-1.053,-0.99983,-0.90893,-0.82501,-0.7218,-0.61542,-0.5119,-0.41187,-0.3234,-0.24288,-0.18029,-0.12913,4.9786,4.9824,5.0055,5.0578,5.1025,5.1513,5.1752,5.2533,5.3338,5.4081,5.48,5.5694,5.6394,5.7074,5.8023,5.9228,6.0096,6.116,6.1913,6.3387,6.484,6.5897,6.7289,6.8861,7.0555,7.2036,7.395,7.5764,7.7772,7.9618,8.1582,8.3546,8.5381,8.7489,8.8894,9.0587,9.1972,9.3148,9.4099,9.4805,9.527,9.5545,9.559,9.539
6,6,R/Ohm,0.69643,0.49176,0.33905,0.19207,0.089486,-0.022299,-0.099251,-0.16882,-0.24693,-0.30614,-0.36114,-0.40928,-0.4396,-0.49239,-0.5336,-0.56842,-0.61186,-0.63958,-0.68558,-0.7328,-0.76101,-0.80847,-0.85056,-0.91404,-0.944,-1.0197,-1.0609,-1.1217,-1.1933,-1.2433,-1.2941,-1.3496,-1.3929,-1.4277,-1.4498,-1.4558,-1.4182,-1.3868,-1.3254,-1.2286,-1.1021,-0.95624,-0.79521,-0.63619,4.9656,4.9808,5.0125,5.04,5.0698,5.0962,5.1601,5.2048,5.2568,5.3128,5.3718,5.4472,5.5175,5.59,5.6699,5.7482,5.8287,5.9366,6.0259,6.116,6.2266,6.31,6.4454,6.5525,6.7015,6.8461,6.9937,7.1568,7.3169,7.5023,7.706,7.9124,8.1194,8.3458,8.5887,8.8322,9.0704,9.3311,9.583,9.8315,10.062,10.259,10.418,10.53
7,7,R/Ohm,0.67181,0.48038,0.32286,0.18329,0.070109,-0.027175,-0.11096,-0.18579,-0.25205,-0.31423,-0.36629,-0.41435,-0.45856,-0.50063,-0.54156,-0.57963,-0.61778,-0.65661,-0.69438,-0.73584,-0.77905,-0.82384,-0.87306,-0.92591,-0.98296,-1.0453,-1.1129,-1.1886,-1.2643,-1.3453,-1.4295,-1.5152,-1.5984,-1.6768,-1.7431,-1.8006,-1.8314,-1.8435,-1.8264,-1.7663,-1.6587,-1.5029,-1.2992,-1.0696,4.9702,4.9904,5.0102,5.0419,5.0711,5.1059,5.1464,5.1939,5.2446,5.3038,5.3651,5.4313,5.5006,5.5749,5.6534,5.7379,5.8245,5.9144,6.0091,6.1085,6.2127,6.3233,6.438,6.5595,6.6886,6.8248,6.9715,7.128,7.2975,7.4819,7.6817,7.9005,8.138,8.3934,8.6678,8.9602,9.2715,9.6124,9.9747,10.355,10.736,11.102,11.431,11.703
8,8,R/Ohm,0.026983,-0.045774,-0.10675,-0.16879,-0.22457,-0.26557,-0.30956,-0.35486,-0.39594,-0.43377,-0.46489,-0.49361,-0.53063,-0.55807,-0.60164,-0.63178,-0.67736,-0.71403,-0.74671,-0.79268,-0.82677,-0.8704,-0.89582,-0.92914,-0.95604,-0.97135,-0.97773,-0.97374,-0.95297,-0.9147,-0.86205,-0.80283,-0.74015,-0.6813,-0.58486,-0.5128,-0.43426,-0.35972,-0.29705,-0.23725,-0.18475,-0.13866,-0.10427,-0.075688,4.7643,4.7946,4.8225,4.8662,4.915,4.9592,5.032,5.0758,5.131,5.2006,5.2672,5.3489,5.4251,5.5184,5.587,5.6822,5.7698,5.8824,5.9935,6.1049,6.2159,6.3542,6.4975,6.6522,6.8106,6.9684,7.1417,7.3038,7.4788,7.6463,7.803,7.9478,8.0732,8.2003,8.307,8.4016,8.4766,8.5417,8.5949,8.639,8.6726,8.6988,8.7091,8.7033
9,9,R/Ohm,0.068827,-0.011016,-0.083467,-0.146,-0.20216,-0.25106,-0.29985,-0.33985,-0.3783,-0.41422,-0.44895,-0.48474,-0.51907,-0.55328,-0.58858,-0.62431,-0.66116,-0.69849,-0.73588,-0.7738,-0.81049,-0.84686,-0.87913,-0.9069,-0.9291,-0.94161,-0.94348,-0.93337,-0.91008,-0.8738,-0.82642,-0.76684,-0.70381,-0.63244,-0.55568,-0.48162,-0.40986,-0.33913,-0.27934,-0.22364,-0.17409,-0.13255,-0.099048,-0.072765,4.7134,4.7374,4.7685,4.8049,4.8452,4.8907,4.9449,4.9977,5.0544,5.1116,5.1758,5.2436,5.3209,5.3961,5.4775,5.5648,5.6564,5.7542,5.8595,5.9706,6.0892,6.2156,6.3501,6.4923,6.6414,6.7965,6.9559,7.117,7.2776,7.4318,7.578,7.71,7.8276,7.9318,8.0276,8.109,8.1787,8.2384,8.2878,8.3301,8.3668,8.4045,8.4392,8.4775
10,10,R/Ohm,0.59141,0.41381,0.26308,0.13628,0.041409,-0.052049,-0.14548,-0.21168,-0.29751,-0.33662,-0.38234,-0.39679,-0.47019,-0.50434,-0.53917,-0.58196,-0.63074,-0.64221,-0.70621,-0.73905,-0.78698,-0.83187,-0.87334,-0.92898,-0.99766,-1.0303,-1.0966,-1.1674,-1.2334,-1.3126,-1.3807,-1.4615,-1.5107,-1.5634,-1.6023,-1.6318,-1.6353,-1.6122,-1.5583,-1.4709,-1.3405,-1.1818,-0.99442,-0.79886,4.9866,4.997,5.0237,5.0537,5.0338,5.0646,5.1532,5.1646,5.2889,5.3392,5.3971,5.4483,5.5512,5.6007,5.6811,5.7731,5.8556,5.9498,6.0538,6.1541,6.2732,6.3616,6.4923,6.5985,6.7603,6.9131,7.0633,7.2186,7.384,7.5838,7.7842,8.0004,8.2428,8.4876,8.7539,9.0274,9.34,9.6092,9.9301,10.236,10.532,10.797,11.017,11.18
11,11,R/Ohm,0.27163,0.12766,-0.0091429,-0.078164,-0.15622,-0.25131,-0.28921,-0.31282,-0.37885,-0.43205,-0.47307,-0.53518,-0.55838,-0.55242,-0.62658,-0.65623,-0.69464,-0.74023,-0.81501,-0.8401,-0.884,-0.93389,-0.95388,-1.022,-1.0625,-1.1218,-1.1564,-1.1893,-1.2128,-1.2302,-1.2269,-1.21,-1.1771,-1.1227,-1.047,-0.96538,-0.86092,-0.74239,-0.62198,-0.50343,-0.39475,-0.2967,-0.21944,-0.15569,4.9783,4.9766,5.0205,5.0982,5.1552,5.2068,5.2498,5.3225,5.4037,5.4485,5.5316,5.6085,5.6929,5.787,5.8639,5.9614,6.0519,6.1611,6.2745,6.3885,6.5264,6.6443,6.7936,6.9362,7.1007,7.2778,7.4524,7.6363,7.8339,8.0454,8.2581,8.4688,8.6716,8.9026,9.0829,9.2666,9.439,9.5852,9.7059,9.794,9.8527,9.8852,9.8895,9.8713
12,12,R/Ohm,0.23258,0.091488,-0.0081529,-0.092716,-0.1695,-0.23292,-0.29802,-0.34462,-0.3942,-0.43983,-0.47723,-0.51822,-0.5551,-0.59146,-0.63074,-0.66868,-0.707,-0.74643,-0.79005,-0.83284,-0.88005,-0.92872,-0.97908,-1.0302,-1.0817,-1.1326,-1.1811,-1.2254,-1.2627,-1.2901,-1.3082,-1.3063,-1.2925,-1.2655,-1.2034,-1.1268,-1.0287,-0.90657,-0.77891,-0.64025,-0.5053,-0.38703,-0.28817,-0.20607,4.9792,5.0016,5.0448,5.0785,5.1239,5.1785,5.2317,5.2935,5.3603,5.4315,5.504,5.5784,5.6604,5.7468,5.8355,5.929,6.0257,6.131,6.2384,6.3539,6.4771,6.6049,6.7436,6.8996,7.0568,7.224,7.4023,7.5939,7.7951,8.0068,8.225,8.4497,8.6758,8.9171,9.1505,9.3793,9.6006,9.804,9.9807,10.13,10.248,10.343,10.417,10.474
13,13,R/Ohm,0.25192,0.10593,0.0033636,-0.076463,-0.15018,-0.23263,-0.29181,-0.35049,-0.38845,-0.46314,-0.47983,-0.53384,-0.57263,-0.59799,-0.65012,-0.68002,-0.72564,-0.77157,-0.81184,-0.85566,-0.90447,-0.95894,-1.0092,-1.074,-1.1271,-1.1832,-1.2474,-1.3149,-1.3463,-1.4009,-1.4281,-1.4446,-1.45,-1.4341,-1.3775,-1.3098,-1.21,-1.0809,-0.93406,-0.77373,-0.61362,-0.46472,-0.34315,-0.2436,5.0588,5.0822,5.1234,5.169,5.2199,5.2631,5.3218,5.386,5.4546,5.534,5.582,5.6719,5.738,5.8452,5.9297,6.0251,6.1383,6.233,6.3195,6.4632,6.5679,6.7232,6.8492,7.0067,7.177,7.331,7.5232,7.7104,7.9298,8.1457,8.3785,8.6179,8.8642,9.0924,9.358,9.616,9.8577,10.081,10.271,10.422,10.526,10.591,10.615,10.625
14,14,R/Ohm,0.64966,0.46207,0.30404,0.14715,0.039082,-0.052539,-0.12807,-0.20204,-0.28279,-0.36006,-0.38465,-0.42421,-0.46076,-0.50254,-0.52429,-0.5679,-0.624,-0.65654,-0.70478,-0.74237,-0.77982,-0.80612,-0.87971,-0.93623,-0.97522,-1.0246,-1.089,-1.1634,-1.2268,-1.2879,-1.3532,-1.422,-1.4721,-1.5111,-1.5526,-1.5773,-1.5644,-1.553,-1.4997,-1.4158,-1.2923,-1.1413,-0.96129,-0.77016,4.9774,4.9967,5.0316,5.0754,5.0957,5.1274,5.1586,5.2253,5.3004,5.3279,5.3944,5.454,5.5159,5.5945,5.7109,5.7847,5.8698,5.9582,6.0613,6.1557,6.2665,6.3825,6.4937,6.6381,6.7408,6.8871,7.0419,7.2012,7.3689,7.556,7.7482,7.9664,8.1903,8.4303,8.679,8.938,9.1904,9.4799,9.7674,10.054,10.33,10.575,10.783,10.938
15,15,R/Ohm,0.27214,0.14085,0.034107,-0.058131,-0.14343,-0.20088,-0.2729,-0.33088,-0.38699,-0.42697,-0.47607,-0.52456,-0.55345,-0.59847,-0.62845,-0.67188,-0.69816,-0.74526,-0.77552,-0.82777,-0.85473,-0.92387,-0.95688,-1.02,-1.0696,-1.1034,-1.1444,-1.1868,-1.1989,-1.2071,-1.205,-1.1809,-1.1424,-1.0717,-1.0088,-0.92193,-0.81617,-0.69894,-0.5851,-0.47382,-0.37168,-0.28029,-0.20851,-0.14897,4.9982,5.0285,5.0646,5.1079,5.1539,5.2122,5.2632,5.3288,5.3902,5.4617,5.5352,5.6119,5.7101,5.7906,5.8762,5.9798,6.0818,6.1786,6.2729,6.4014,6.532,6.6696,6.7983,6.958,7.1078,7.285,7.4631,7.6629,7.8617,8.0583,8.2707,8.4809,8.6823,8.8775,9.0986,9.2767,9.4438,9.589,9.7071,9.802,9.8698,9.9193,9.9421,9.9393
16,16,R/Ohm,0.025196,-0.039079,-0.1082,-0.15983,-0.21231,-0.26881,-0.32519,-0.36307,-0.39517,-0.43202,-0.48116,-0.49966,-0.53596,-0.56407,-0.60748,-0.6426,-0.6863,-0.71617,-0.77435,-0.79598,-0.82969,-0.88119,-0.91899,-0.94376,-0.96445,-0.98914,-0.98753,-0.99042,-0.95528,-0.92651,-0.88045,-0.82039,-0.7503,-0.67586,-0.59214,-0.5089,-0.42594,-0.35273,-0.2897,-0.23078,-0.18644,-0.14273,-0.10612,-0.076539,4.7563,4.7759,4.8137,4.8605,4.895,4.9484,5.0115,5.0642,5.1304,5.192,5.2805,5.3403,5.435,5.5216,5.6016,5.6979,5.7953,5.8903,6.0047,6.1158,6.2554,6.3692,6.5204,6.6475,6.8077,6.9583,7.1243,7.2798,7.4517,7.6064,7.755,7.8864,8.0075,8.0881,8.1607,8.2188,8.267,8.3047,8.336,8.3637,8.3902,8.4213,8.4557,8.5007
17,17,R/Ohm,0.7176,0.51141,0.3503,0.20502,0.088561,-0.012964,-0.10102,-0.17629,-0.24288,-0.30732,-0.36072,-0.40928,-0.45448,-0.49703,-0.53821,-0.57662,-0.61495,-0.65389,-0.69286,-0.73405,-0.77668,-0.82133,-0.87008,-0.92255,-0.97925,-1.0401,-1.1061,-1.1783,-1.254,-1.3319,-1.4128,-1.4953,-1.5737,-1.6461,-1.708,-1.7601,-1.7873,-1.7915,-1.767,-1.6994,-1.5853,-1.4275,-1.2259,-1.0022,5.0071,5.0309,5.0468,5.0778,5.1075,5.1417,5.1822,5.227,5.2782,5.3363,5.3966,5.462,5.5302,5.6039,5.6805,5.7636,5.8487,5.9381,6.0324,6.1305,6.2339,6.3427,6.4566,6.5767,6.705,6.8405,6.9856,7.1406,7.309,7.4912,7.6895,7.9046,8.1388,8.392,8.6607,8.946,9.2473,9.5798,9.9303,10.293,10.657,10.999,11.304,11.552
18,18,R/Ohm,0.18551,0.079278,-0.0091139,-0.092914,-0.15632,-0.21698,-0.26743,-0.31719,-0.37144,-0.41251,-0.44919,-0.48656,-0.51535,-0.54106,-0.58342,-0.61762,-0.64349,-0.68278,-0.72741,-0.73528,-0.74824,-0.77816,-0.80888,-0.80885,-0.81684,-0.80574,-0.78797,-0.75604,-0.71638,-0.66739,-0.61112,-0.55251,-0.49498,-0.43228,-0.37168,-0.31567,-0.26336,-0.21506,-0.1758,-0.13926,-0.10624,-0.079074,-0.059871,-0.044065,4.5588,4.5825,4.6198,4.6609,4.7117,4.7484,4.8011,4.8579,4.9163,4.9558,5.0372,5.1083,5.1774,5.2579,5.3502,5.4352,5.5269,5.6168,5.7093,5.83,5.945,6.0734,6.2035,6.3271,6.4581,6.5888,6.726,6.8632,6.9844,7.0961,7.1964,7.2827,7.3546,7.4008,7.4465,7.4839,7.5107,7.5319,7.5456,7.5567,7.562,7.5672,7.5703,7.5779
19,19,R/Ohm,0.18278,0.053399,-0.036958,-0.12217,-0.14606,-0.24169,-0.26734,-0.34503,-0.38734,-0.44107,-0.46026,-0.50396,-0.53866,-0.58167,-0.6065,-0.64613,-0.68316,-0.72486,-0.74714,-0.80373,-0.82273,-0.8862,-0.9164,-0.97249,-1.0078,-1.0271,-1.0545,-1.0567,-1.0576,-1.0359,-1.0117,-0.95534,-0.89554,-0.80226,-0.73533,-0.64213,-0.5499,-0.45627,-0.37372,-0.29793,-0.23201,-0.17398,-0.1293,-0.092887,5.0019,5.0157,5.0612,5.073,5.1487,5.1973,5.2333,5.3112,5.372,5.4457,5.5211,5.587,5.6682,5.7559,5.8452,5.9282,6.0249,6.1366,6.2606,6.3636,6.4729,6.6212,6.7486,6.9122,7.0683,7.2449,7.4162,7.5894,7.7829,7.9687,8.1528,8.3291,8.4866,8.6448,8.7853,8.8996,9.0034,9.0857,9.152,9.2023,9.2352,9.2597,9.2659,9.2546
20,20,R/Ohm,0.16791,0.032477,-0.025891,-0.1135,-0.18348,-0.23317,-0.29144,-0.34345,-0.38638,-0.42804,-0.46784,-0.50518,-0.54096,-0.57745,-0.61272,-0.64997,-0.68608,-0.72386,-0.76239,-0.80098,-0.84009,-0.87904,-0.91673,-0.95228,-0.98461,-1.0096,-1.0269,-1.033,-1.0278,-1.0073,-0.97343,-0.92603,-0.86722,-0.79623,-0.71303,-0.62639,-0.53785,-0.44878,-0.37078,-0.2952,-0.22826,-0.17219,-0.12932,-0.093655,4.9926,5.0313,5.0547,5.0915,5.1359,5.179,5.232,5.2889,5.3508,5.4157,5.4833,5.5542,5.632,5.7127,5.7959,5.8851,5.9804,6.0787,6.1836,6.2952,6.4127,6.5379,6.6726,6.8182,6.9683,7.1271,7.2924,7.4639,7.6392,7.8125,7.9822,8.143,8.2904,8.4198,8.5443,8.6525,8.7435,8.8201,8.8804,8.9289,8.9689,9.006,9.0406,9.0754
21,21,R/Ohm,0.54029,0.35612,0.22133,0.1088,0.015524,-0.056978,-0.1211,-0.17624,-0.20421,-0.30231,-0.3356,-0.3581,-0.39334,-0.41974,-0.46354,-0.49696,-0.52464,-0.56368,-0.58625,-0.61671,-0.64003,-0.68132,-0.69199,-0.71837,-0.71871,-0.7277,-0.72722,-0.71677,-0.69534,-0.66525,-0.62501,-0.57729,-0.52691,-0.47588,-0.42334,-0.37529,-0.32673,-0.27906,-0.2375,-0.19972,-0.16346,-0.13566,-0.10848,-0.083317,4.4543,4.4668,4.5065,4.519,4.5507,4.5818,4.6218,4.6623,4.7189,4.7619,4.7955,4.8638,4.9217,4.986,5.0512,5.1222,5.2023,5.2742,5.3592,5.4429,5.5337,5.642,5.7388,5.8456,5.9635,6.0841,6.2007,6.3222,6.4404,6.5523,6.6549,6.7527,6.8371,6.9146,6.974,7.0227,7.0489,7.0779,7.102,7.1178,7.13,7.1382,7.1438,7.1482
22,22,R/Ohm,0.36479,0.24007,0.15574,0.051821,-0.021349,-0.080488,-0.14257,-0.20624,-0.21885,-0.28421,-0.32815,-0.37451,-0.39814,-0.4435,-0.47496,-0.50587,-0.53608,-0.57083,-0.60871,-0.64442,-0.67899,-0.72593,-0.75152,-0.7849,-0.81674,-0.84167,-0.86082,-0.87211,-0.87196,-0.86224,-0.83833,-0.80331,-0.75621,-0.70068,-0.63962,-0.57771,-0.51135,-0.44294,-0.37933,-0.31998,-0.26326,-0.21673,-0.17356,-0.13332,4.676,4.6796,4.7,4.73,4.7543,4.7859,4.8191,4.8125,4.9128,4.9492,4.9981,5.064,5.1109,5.1757,5.2387,5.3116,5.3815,5.4641,5.5456,5.6325,5.7261,5.8254,5.9331,6.0486,6.1703,6.3007,6.4369,6.5793,6.7286,6.8748,7.02,7.1589,7.2882,7.4062,7.5099,7.5987,7.6616,7.7216,7.7706,7.8083,7.8414,7.8642,7.8838,7.8988
23,23,R/Ohm,0.085949,0.0048956,-0.068188,-0.12983,-0.18571,-0.23271,-0.27999,-0.31744,-0.35406,-0.38972,-0.42185,-0.45574,-0.48514,-0.51603,-0.54879,-0.57886,-0.60261,-0.62763,-0.66163,-0.67942,-0.6879,-0.70908,-0.70335,-0.70791,-0.69053,-0.67577,-0.63727,-0.59895,-0.54847,-0.49912,-0.44855,-0.40083,-0.35606,-0.31881,-0.26732,-0.22978,-0.19457,-0.16033,-0.13415,-0.10725,-0.083686,-0.062558,-0.048789,-0.035658,4.4437,4.4781,4.5115,4.5493,4.5915,4.6398,4.6874,4.7414,4.7998,4.8598,4.925,4.9917,5.0624,5.1404,5.2224,5.311,5.396,5.498,5.5883,5.7033,5.809,5.9391,6.0625,6.1847,6.3037,6.427,6.5409,6.6522,6.7472,6.831,6.9151,6.9782,7.0313,7.0833,7.1419,7.1776,7.2156,7.2479,7.2761,7.3024,7.3231,7.3411,7.353,7.3524
24,24,R/Ohm,0.031688,-0.026749,-0.11422,-0.1665,-0.2344,-0.28495,-0.29876,-0.36316,-0.41177,-0.43982,-0.48197,-0.49254,-0.55293,-0.59541,-0.61446,-0.65548,-0.67793,-0.72147,-0.75197,-0.79665,-0.84157,-0.86911,-0.90959,-0.94189,-0.97587,-1.0042,-1.012,-1.0175,-1.0072,-0.9807,-0.94345,-0.88873,-0.82659,-0.74902,-0.66306,-0.57741,-0.48982,-0.40415,-0.3302,-0.26213,-0.20125,-0.15129,-0.11184,-0.080738,4.9503,4.9896,5.0139,5.0527,5.089,5.1653,5.1824,5.2652,5.3102,5.3827,5.4447,5.5282,5.5908,5.6632,5.7549,5.8381,5.9421,6.038,6.1546,6.2537,6.3853,6.4915,6.6207,6.7671,6.9298,7.0865,7.2464,7.4149,7.588,7.7578,7.9206,8.073,8.2123,8.3238,8.4299,8.5189,8.5895,8.6446,8.6829,8.7122,8.7304,8.7443,8.7509,8.7607
25,25,R/Ohm,0.59899,0.38426,0.24434,0.13366,0.033721,-0.040414,-0.11381,-0.18615,-0.24139,-0.28382,-0.32557,-0.35909,-0.40289,-0.43892,-0.47446,-0.5084,-0.54201,-0.57496,-0.60583,-0.63727,-0.66838,-0.697,-0.72539,-0.74874,-0.77115,-0.78695,-0.7949,-0.7937,-0.78505,-0.76438,-0.7312,-0.69022,-0.63981,-0.58487,-0.52701,-0.47102,-0.41177,-0.35372,-0.30087,-0.2521,-0.20585,-0.16883,-0.13416,-0.10318,4.4815,4.5055,4.5426,4.5574,4.5769,4.6153,4.6483,4.6935,4.7481,4.7878,4.8416,4.8987,4.9575,5.0247,5.0902,5.1628,5.2376,5.3191,5.4048,5.4953,5.5923,5.6918,5.8015,5.9136,6.0317,6.1562,6.2845,6.4161,6.5492,6.6785,6.8109,6.9285,7.0356,7.1326,7.2132,7.2826,7.3286,7.3747,7.4145,7.4439,7.468,7.4867,7.5027,7.5157
26,26,R/Ohm,0.51411,0.36202,0.22328,0.11398,0.0021378,-0.059893,-0.12555,-0.19056,-0.23489,-0.28736,-0.34104,-0.39219,-0.41538,-0.45681,-0.48784,-0.50706,-0.54075,-0.58065,-0.59964,-0.64159,-0.66129,-0.71071,-0.71943,-0.74874,-0.77875,-0.78254,-0.78514,-0.79121,-0.77746,-0.75139,-0.73008,-0.68437,-0.63133,-0.57419,-0.51797,-0.46082,-0.39546,-0.34235,-0.29483,-0.24596,-0.20028,-0.16403,-0.13034,-0.10085,4.4503,4.4614,4.4888,4.518,4.5135,4.5883,4.6252,4.6744,4.7238,4.7711,4.8436,4.9034,4.9413,5.0121,5.1002,5.1735,5.2486,5.3406,5.423,5.5167,5.622,5.7134,5.8317,5.9701,6.0743,6.1955,6.3383,6.4761,6.602,6.7419,6.883,6.9951,7.1092,7.2122,7.2892,7.3617,7.4076,7.4719,7.507,7.5392,7.5626,7.5784,7.5878,7.5879
27,27,R/Ohm,0.34173,0.20438,0.077709,-0.023442,-0.10185,-0.18745,-0.26007,-0.32095,-0.37627,-0.41616,-0.46783,-0.51148,-0.54238,-0.58576,-0.61761,-0.66694,-0.70826,-0.75702,-0.79758,-0.83679,-0.90068,-0.93364,-0.98449,-1.0217,-1.0745,-1.1228,-1.1554,-1.1916,-1.2062,-1.2198,-1.223,-1.1971,-1.1643,-1.0881,-1.0248,-0.93992,-0.83312,-0.71438,-0.59634,-0.48073,-0.37484,-0.28163,-0.20727,-0.14684,5.0545,5.0698,5.1172,5.1588,5.21,5.2743,5.3238,5.3911,5.4479,5.5273,5.5959,5.6707,5.7698,5.8398,5.9216,6.0305,6.1241,6.2145,6.3586,6.4509,6.5689,6.7117,6.8423,7.0107,7.169,7.3233,7.5092,7.7022,7.9029,8.0984,8.3084,8.5125,8.7161,8.9045,9.0949,9.2693,9.4268,9.5595,9.6612,9.736,9.783,9.8064,9.8077,9.7947
28,28,R/Ohm,0.363,0.23824,0.13816,0.051062,-0.020189,-0.085874,-0.14494,-0.19414,-0.24053,-0.28122,-0.31977,-0.35587,-0.38966,-0.42286,-0.45717,-0.48957,-0.52304,-0.55756,-0.59269,-0.62911,-0.66327,-0.69796,-0.73011,-0.76275,-0.79298,-0.81583,-0.83396,-0.84255,-0.83977,-0.82592,-0.80137,-0.76489,-0.71734,-0.66338,-0.60262,-0.54339,-0.4837,-0.41883,-0.35948,-0.30358,-0.25002,-0.20774,-0.16688,-0.12883,4.5851,4.5967,4.6155,4.6312,4.6585,4.6852,4.7232,4.7599,4.8005,4.8466,4.8965,4.9521,5.0101,5.0697,5.1333,5.2015,5.2742,5.3521,5.4347,5.5232,5.6181,5.7177,5.8264,5.9421,6.0643,6.1947,6.3295,6.4727,6.6141,6.7587,6.9055,7.041,7.1664,7.28,7.3797,7.4651,7.5424,7.611,7.6699,7.7184,7.7623,7.799,7.8329,7.8663
29,29,R/Ohm,0.60334,0.44788,0.28143,0.15204,0.056653,-0.04988,-0.12817,-0.20224,-0.25534,-0.32659,-0.38833,-0.42691,-0.46902,-0.49989,-0.54583,-0.58432,-0.62112,-0.66021,-0.69852,-0.73799,-0.7797,-0.82418,-0.87071,-0.91986,-0.97386,-1.0296,-1.0892,-1.1531,-1.2169,-1.2833,-1.3493,-1.4121,-1.4703,-1.5202,-1.5573,-1.5844,-1.5859,-1.566,-1.5216,-1.4408,-1.3218,-1.1733,-0.99383,-0.80257,4.9955,5.0254,5.0481,5.0759,5.1225,5.144,5.1937,5.2269,5.2632,5.324,5.4045,5.4546,5.5276,5.6016,5.6816,5.7641,5.8448,5.9445,6.0312,6.1304,6.2347,6.3424,6.4586,6.5808,6.716,6.8534,6.9993,7.1547,7.3227,7.5027,7.696,7.9038,8.1275,8.3625,8.6126,8.8714,9.1334,9.4185,9.7139,10.013,10.303,10.569,10.8,10.983
30,30,R/Ohm,-0.12375,-0.07633,-0.06522,-0.0069657,-0.056062,-0.087162,-0.15247,-0.15444,-0.21971,-0.24383,-0.27107,-0.32399,-0.34572,-0.37461,-0.40316,-0.43203,-0.4597,-0.48715,-0.51431,-0.54243,-0.5733,-0.60226,-0.62661,-0.65617,-0.68113,-0.70488,-0.7261,-0.74395,-0.75435,-0.75842,-0.75513,-0.73192,-0.70753,-0.6646,-0.6292,-0.57916,-0.52404,-0.4625,-0.42032,-0.36642,-0.31253,-0.26275,-0.22047,-0.17993,4.5505,4.509,4.4874,4.4801,4.4888,4.5111,4.5258,4.5655,4.5808,4.6187,4.6665,4.7081,4.7616,4.8166,4.8717,4.9257,4.9924,5.0595,5.1274,5.203,5.2811,5.3638,5.4552,5.5468,5.6489,5.7548,5.8637,5.9827,6.1024,6.2253,6.3525,6.4828,6.5993,6.7107,6.8304,6.9224,7.0101,7.0789,7.1396,7.188,7.2169,7.2517,7.281,7.3038
31,31,R/Ohm,0.77637,0.53855,0.37537,0.2593,0.13299,0.024246,-0.05952,-0.15849,-0.19493,-0.26513,-0.29887,-0.35661,-0.39965,-0.43444,-0.46508,-0.51048,-0.54497,-0.59136,-0.62592,-0.65437,-0.69545,-0.75626,-0.77044,-0.79227,-0.8326,-0.86201,-0.8914,-0.90995,-0.91197,-0.91258,-0.89059,-0.86642,-0.82068,-0.76715,-0.70095,-0.63796,-0.56288,-0.49438,-0.42311,-0.35719,-0.29352,-0.24173,-0.19267,-0.14647,4.8163,4.8112,4.8369,4.8519,4.8928,4.8974,4.9605,4.9669,5.0404,5.1013,5.163,5.2144,5.2871,5.3413,5.3988,5.4839,5.5539,5.6483,5.7352,5.825,5.9231,6.024,6.1422,6.2441,6.4027,6.5269,6.6773,6.8271,6.9928,7.1413,7.3002,7.4413,7.5875,7.7192,7.8381,7.9348,8.0176,8.0781,8.1361,8.1773,8.2083,8.2276,8.2399,8.2427
32,32,R/Ohm,0.40981,0.27917,0.1671,0.0703,-0.010647,-0.080996,-0.14562,-0.20111,-0.25072,-0.29892,-0.3404,-0.37835,-0.4163,-0.45042,-0.48517,-0.51767,-0.55404,-0.58861,-0.62454,-0.66152,-0.69891,-0.73622,-0.77339,-0.81029,-0.84674,-0.87805,-0.90476,-0.92437,-0.93587,-0.93529,-0.92274,-0.89638,-0.85605,-0.80568,-0.74471,-0.6797,-0.60829,-0.53197,-0.45842,-0.38766,-0.32015,-0.2634,-0.21025,-0.16251,4.6815,4.6914,4.7115,4.7393,4.7624,4.7934,4.8275,4.8689,4.9111,4.9608,5.0143,5.0716,5.1316,5.1951,5.2612,5.3319,5.4065,5.4874,5.5715,5.6627,5.7583,5.8605,5.9724,6.0891,6.2129,6.3469,6.4895,6.6423,6.7967,6.9549,7.1143,7.2713,7.4211,7.5623,7.6874,7.7989,7.8905,7.9742,8.046,8.1054,8.1538,8.1936,8.2281,8.2576
33,33,R/Ohm,0.73008,0.53052,0.36359,0.18762,0.064431,-0.031096,-0.11152,-0.1465,-0.23167,-0.31138,-0.37717,-0.45548,-0.46445,-0.50896,-0.54914,-0.59787,-0.6224,-0.66302,-0.69825,-0.73868,-0.79282,-0.81603,-0.87866,-0.91203,-0.98596,-1.0497,-1.1049,-1.1813,-1.2433,-1.3209,-1.3894,-1.4638,-1.5367,-1.5975,-1.6497,-1.6919,-1.707,-1.7055,-1.6786,-1.6097,-1.5001,-1.3492,-1.1593,-0.94694,4.9958,5.0081,5.0432,5.0605,5.092,5.1206,5.1744,5.2241,5.2761,5.3298,5.394,5.4531,5.5307,5.6161,5.6919,5.78,5.8621,5.9538,6.0498,6.1457,6.2548,6.3663,6.4749,6.613,6.7568,6.874,7.0227,7.187,7.3636,7.5417,7.7427,7.9468,8.1779,8.4262,8.6835,8.956,9.2339,9.5415,9.8616,10.197,10.527,10.838,11.109,11.325
34,34,R/Ohm,0.064016,0.023073,-0.083583,-0.1542,-0.21667,-0.24099,-0.29351,-0.31491,-0.36083,-0.39918,-0.43707,-0.46005,-0.48204,-0.50099,-0.54788,-0.56958,-0.60653,-0.63465,-0.66505,-0.68272,-0.70697,-0.71713,-0.72609,-0.70685,-0.69693,-0.66661,-0.63674,-0.59689,-0.54295,-0.49259,-0.44317,-0.39056,-0.34613,-0.29781,-0.26011,-0.22006,-0.18413,-0.15163,-0.12611,-0.1002,-0.078186,-0.057732,-0.045342,-0.032611,4.5303,4.554,4.5934,4.6213,4.7014,4.7281,4.7809,4.8319,4.8881,4.9446,5.0095,5.0839,5.1559,5.2415,5.3225,5.4023,5.4976,5.5945,5.7123,5.8097,5.9067,6.0436,6.1569,6.2901,6.4057,6.5259,6.6438,6.7682,6.854,6.9369,7.0078,7.0675,7.1154,7.1704,7.195,7.2189,7.2417,7.2587,7.2686,7.2721,7.2702,7.2624,7.2417,7.2099
35,35,R/Ohm,0.69201,0.50846,0.35244,0.21825,0.10945,0.016928,-0.064613,-0.13279,-0.19492,-0.25136,-0.29694,-0.34096,-0.3812,-0.41981,-0.4573,-0.49145,-0.52891,-0.56467,-0.60154,-0.63807,-0.67506,-0.71118,-0.74741,-0.78174,-0.81382,-0.84308,-0.86291,-0.87793,-0.88131,-0.8727,-0.85127,-0.81879,-0.7741,-0.72186,-0.65943,-0.59761,-0.5322,-0.46376,-0.39918,-0.33688,-0.27835,-0.22959,-0.18417,-0.14428,4.6952,4.7082,4.7183,4.7413,4.7689,4.7988,4.8343,4.8741,4.9206,4.9659,5.0181,5.0768,5.1377,5.1999,5.2662,5.3378,5.4127,5.4929,5.578,5.6683,5.7661,5.8688,5.9801,6.0988,6.224,6.3572,6.4985,6.6554,6.8066,6.9591,7.11,7.2567,7.3945,7.5221,7.6343,7.7334,7.8261,7.9056,7.974,8.0319,8.0814,8.1249,8.1635,8.1991
36,36,R/Ohm,0.67306,0.41666,0.060286,0.15998,0.069729,-0.041865,-0.13317,-0.22467,-0.27698,-0.33834,-0.36481,-0.42433,-0.45822,-0.50522,-0.54306,-0.59758,-0.62031,-0.66111,-0.69934,-0.74114,-0.77975,-0.84459,-0.86758,-0.9404,-0.97006,-1.0324,-1.0882,-1.148,-1.224,-1.2762,-1.3488,-1.4005,-1.4475,-1.4818,-1.5109,-1.5269,-1.5126,-1.4823,-1.4197,-1.3258,-1.2018,-1.05,-0.87841,-0.70263,5.017,5.0422,5.0971,5.0922,5.1318,5.1669,5.2144,5.2543,5.294,5.3814,5.4417,5.5007,5.5557,5.6512,5.7375,5.8042,5.9054,5.9855,6.0974,6.191,6.3082,6.4304,6.5349,6.6762,6.793,6.9587,7.0913,7.259,7.4271,7.6145,7.8058,8.0243,8.251,8.4856,8.732,8.9903,9.2645,9.5208,9.7925,10.064,10.318,10.541,10.723,10.853
37,37,R/Ohm,0.40532,0.26993,0.16625,0.06923,-0.011905,-0.081411,-0.13919,-0.19617,-0.24402,-0.29048,-0.33146,-0.37008,-0.40493,-0.43836,-0.47382,-0.50659,-0.54025,-0.5753,-0.61227,-0.6479,-0.6829,-0.71853,-0.75454,-0.78922,-0.82263,-0.85066,-0.87218,-0.888,-0.89299,-0.88815,-0.8697,-0.84016,-0.79819,-0.74671,-0.68626,-0.62476,-0.55874,-0.4878,-0.421,-0.35645,-0.29517,-0.24439,-0.19533,-0.15201,4.6224,4.6368,4.6566,4.6816,4.7091,4.7368,4.7739,4.8134,4.8584,4.9056,4.9581,5.015,5.0755,5.1394,5.2042,5.276,5.3515,5.4315,5.516,5.6077,5.7042,5.8059,5.9174,6.0365,6.1608,6.293,6.4326,6.5776,6.7374,6.8911,7.0434,7.1926,7.3336,7.4644,7.5814,7.6838,7.7768,7.8587,7.9288,7.9869,8.0391,8.0819,8.1224,8.1586
38,38,R/Ohm,0.3695,0.23968,0.14895,0.056656,-0.011828,-0.072521,-0.1278,-0.17184,-0.21107,-0.25449,-0.28571,-0.31673,-0.34746,-0.37562,-0.40454,-0.42476,-0.45373,-0.47686,-0.50572,-0.52976,-0.54481,-0.56263,-0.57283,-0.57802,-0.57339,-0.55991,-0.54464,-0.52071,-0.48268,-0.44284,-0.3955,-0.35917,-0.31767,-0.28325,-0.24246,-0.21427,-0.18786,-0.15875,-0.13567,-0.1129,-0.092355,-0.079135,-0.059471,-0.046834,4.334,4.3505,4.3696,4.3934,4.4206,4.451,4.4888,4.526,4.5662,4.6105,4.6582,4.7085,4.7639,4.8217,4.8822,4.9481,5.0147,5.0873,5.166,5.2466,5.3343,5.4307,5.5211,5.6126,5.7188,5.8253,5.9286,6.0216,6.0984,6.183,6.2466,6.3067,6.3578,6.397,6.4359,6.4634,6.4816,6.5166,6.5422,6.5625,6.5835,6.6003,6.6189,6.6578
39,39,R/Ohm,0.67066,0.47712,0.33019,0.18083,0.068834,-0.020147,-0.10965,-0.18145,-0.2473,-0.30679,-0.35219,-0.40271,-0.45623,-0.48806,-0.52586,-0.57432,-0.61441,-0.66368,-0.68744,-0.72613,-0.77119,-0.8394,-0.87143,-0.90366,-0.97779,-1.0439,-1.0921,-1.1636,-1.243,-1.3077,-1.3922,-1.4547,-1.5086,-1.5611,-1.6018,-1.6286,-1.6151,-1.6008,-1.5558,-1.4644,-1.3395,-1.1802,-0.99529,-0.80613,4.9516,4.9743,5.004,5.0241,5.0549,5.0929,5.1394,5.1895,5.2508,5.3115,5.3718,5.4431,5.5009,5.5819,5.679,5.7578,5.8374,5.9233,6.0248,6.129,6.229,6.3368,6.4613,6.5743,6.7431,6.8766,7.0288,7.1895,7.3655,7.5501,7.752,7.9694,8.2114,8.4628,8.7266,9.0004,9.3107,9.6048,9.9255,10.248,10.555,10.837,11.071,11.255
40,40,R/Ohm,0.24722,0.13432,0.061187,-0.023671,-0.084466,-0.13932,-0.19464,-0.23908,-0.27779,-0.31897,-0.35317,-0.38465,-0.41771,-0.4479,-0.48124,-0.50984,-0.54064,-0.57049,-0.60061,-0.63069,-0.65869,-0.68628,-0.71127,-0.73394,-0.75254,-0.76497,-0.76805,-0.76306,-0.74933,-0.72344,-0.69023,-0.64516,-0.59499,-0.54087,-0.48432,-0.43191,-0.37748,-0.3235,-0.27624,-0.23188,-0.18959,-0.15654,-0.12494,-0.096658,4.4848,4.5005,4.517,4.5382,4.5712,4.6001,4.6385,4.6785,4.7246,4.7711,4.823,4.8809,4.9402,5.0025,5.0693,5.1406,5.2158,5.2956,5.3803,5.4707,5.5668,5.6684,5.7731,5.8864,6.0046,6.1289,6.2541,6.3847,6.515,6.6402,6.7666,6.8792,6.98,7.0671,7.1419,7.2054,7.2567,7.3055,7.3453,7.3781,7.4071,7.4316,7.4553,7.478
41,41,R/Ohm,0.21519,0.15342,0.0083358,-0.021545,-0.14685,-0.22981,-0.27482,-0.30614,-0.39815,-0.4235,-0.45616,-0.52821,-0.53085,-0.55284,-0.61186,-0.65918,-0.69123,-0.72849,-0.74668,-0.81192,-0.86513,-0.893,-0.94334,-0.97299,-0.99973,-1.0376,-1.0486,-1.0654,-1.0575,-1.0358,-1.0009,-0.94835,-0.89226,-0.83705,-0.72702,-0.64299,-0.54981,-0.45802,-0.37558,-0.29951,-0.23158,-0.17433,-0.13014,-0.092572,5.0253,5.076,5.0942,5.1005,5.1928,5.2582,5.2965,5.3462,5.4256,5.4864,5.554,5.6075,5.7105,5.7987,5.8959,5.968,6.0853,6.1794,6.3142,6.4004,6.5216,6.6671,6.8206,6.9624,7.1189,7.2774,7.458,7.6296,7.816,7.9986,8.1789,8.3455,8.5056,8.6496,8.7711,8.888,8.9824,9.0569,9.1132,9.1515,9.1727,9.1788,9.1644,9.1315
42,42,R/Ohm,0.46238,0.30125,0.20526,0.061974,0.016768,-0.058445,-0.11551,-0.15929,-0.2076,-0.25941,-0.31733,-0.33348,-0.36605,-0.39819,-0.43097,-0.45471,-0.48389,-0.51573,-0.53841,-0.5649,-0.57944,-0.58845,-0.62735,-0.62053,-0.63642,-0.64148,-0.60907,-0.59754,-0.56039,-0.52121,-0.46678,-0.4281,-0.38381,-0.34251,-0.30203,-0.26501,-0.21564,-0.20006,-0.16559,-0.14159,-0.1157,-0.096376,-0.076525,-0.060149,4.3758,4.4025,4.4023,4.451,4.4692,4.4962,4.5422,4.5756,4.6208,4.6625,4.6893,4.7673,4.8342,4.885,4.9657,5.0205,5.0957,5.1673,5.2555,5.3448,5.4417,5.5531,5.6397,5.7648,5.8407,5.9712,6.0791,6.1844,6.2957,6.3786,6.4677,6.5331,6.5954,6.6439,6.6868,6.723,6.7592,6.7796,6.8044,6.8411,6.8556,6.8653,6.8746,6.8768
43,43,R/Ohm,0.50482,0.28484,0.1446,0.034659,-0.061069,-0.12911,-0.18868,-0.25185,-0.28374,-0.34462,-0.38341,-0.41003,-0.45186,-0.48202,-0.52249,-0.5584,-0.58645,-0.6086,-0.63873,-0.63405,-0.6288,-0.59736,-0.55803,-0.50894,-0.45265,-0.38547,-0.3407,-0.29191,-0.24632,-0.20383,-0.16754,-0.13607,-0.10625,-0.084775,-0.063938,-0.047031,-0.033069,-0.025099,-0.015465,-0.0092642,-0.0072677,-0.0045484,-0.00048484,-0.0066517,4.4589,4.5008,4.5211,4.5513,4.594,4.6342,4.6752,4.7405,4.7909,4.8827,4.9303,5.0273,5.1062,5.1834,5.2833,5.392,5.5035,5.6199,5.7328,5.8901,6.0304,6.1384,6.2713,6.3698,6.4622,6.5194,6.5993,6.6474,6.6797,6.6913,6.7085,6.7301,6.7354,6.736,6.733,6.7274,6.722,6.7143,6.7163,6.7405,6.7972,6.8867,6.7692,6.8048
44,44,R/Ohm,0.19543,0.085576,-0.0094057,-0.091039,-0.16249,-0.2242,-0.28401,-0.33409,-0.37895,-0.42072,-0.45895,-0.4981,-0.53351,-0.56849,-0.60422,-0.63991,-0.67668,-0.71378,-0.75089,-0.79026,-0.83004,-0.87052,-0.90939,-0.94735,-0.9838,-1.0132,-1.0366,-1.051,-1.0535,-1.044,-1.0219,-0.98172,-0.93375,-0.8659,-0.78788,-0.70248,-0.60918,-0.51402,-0.42713,-0.34286,-0.2677,-0.20265,-0.15265,-0.11067,4.9878,5.0166,5.048,5.0857,5.1273,5.1743,5.2285,5.2833,5.3428,5.4055,5.4727,5.543,5.6205,5.6995,5.7828,5.8704,5.9631,6.0608,6.1645,6.2736,6.3897,6.5127,6.6434,6.7829,6.9307,7.087,7.2512,7.4225,7.5985,7.7766,7.9532,8.1235,8.2851,8.429,8.5711,8.699,8.8102,8.9055,8.9829,9.0458,9.0972,9.1441,9.1845,9.2287
45,45,R/Ohm,0.22611,0.11018,0.0073172,-0.082654,-0.16279,-0.22729,-0.29313,-0.34557,-0.39344,-0.43736,-0.47841,-0.51904,-0.55546,-0.59234,-0.62928,-0.66654,-0.70519,-0.74485,-0.78532,-0.82823,-0.87267,-0.91946,-0.96665,-1.0146,-1.0639,-1.1083,-1.1487,-1.1844,-1.2099,-1.2238,-1.2262,-1.2098,-1.182,-1.1292,-1.0596,-0.97493,-0.87121,-0.75535,-0.63675,-0.51756,-0.4078,-0.30933,-0.23047,-0.16601,5.0505,5.0711,5.1042,5.1434,5.1915,5.2379,5.2929,5.3517,5.415,5.4814,5.5526,5.6268,5.7073,5.7898,5.8764,5.9679,6.0633,6.1643,6.2709,6.3834,6.5022,6.6287,6.7638,6.9072,7.0597,7.2234,7.3974,7.581,7.7753,7.9766,8.1822,8.3883,8.5909,8.7864,8.9821,9.17,9.3419,9.4942,9.6212,9.7234,9.8026,9.8676,9.9173,9.9645
46,46,R/Ohm,0.21631,0.10057,0.0034872,-0.082184,-0.15652,-0.22112,-0.28234,-0.33408,-0.38019,-0.42272,-0.46295,-0.50216,-0.5388,-0.57474,-0.61109,-0.64753,-0.6848,-0.72246,-0.76121,-0.80109,-0.84184,-0.88384,-0.92449,-0.96394,-1.0026,-1.0335,-1.0599,-1.0768,-1.0825,-1.0766,-1.0561,-1.0199,-0.97448,-0.90994,-0.83057,-0.74477,-0.65004,-0.5508,-0.45826,-0.36893,-0.28862,-0.21831,-0.16364,-0.1201,4.9724,4.9991,5.0315,5.0696,5.1122,5.1601,5.216,5.272,5.3329,5.3955,5.464,5.5363,5.6146,5.6949,5.7792,5.8686,5.9623,6.0613,6.1664,6.2773,6.3944,6.5186,6.6517,6.7924,6.9419,7.1002,7.2669,7.4412,7.6206,7.8035,7.9865,8.163,8.3309,8.4861,8.6358,8.7708,8.889,8.9904,9.0732,9.1427,9.197,9.2458,9.2897,9.3324
47,47,R/Ohm,0.42765,0.29525,0.19488,0.09171,0.031855,-0.041845,-0.1092,-0.15217,-0.22403,-0.24202,-0.26432,-0.29704,-0.33435,-0.35877,-0.38575,-0.42478,-0.44006,-0.4574,-0.48589,-0.51316,-0.52734,-0.54693,-0.56484,-0.56963,-0.57234,-0.55424,-0.54,-0.51919,-0.48239,-0.44644,-0.39998,-0.36033,-0.31674,-0.27383,-0.24325,-0.21046,-0.17556,-0.15107,-0.1249,-0.10055,-0.082903,-0.068396,-0.053677,-0.038932,4.3384,4.369,4.3782,4.4013,4.4364,4.4634,4.4992,4.5267,4.5731,4.6077,4.6611,4.7152,4.7577,4.8223,4.8728,4.9438,5.0055,5.0788,5.1506,5.2296,5.3121,5.383,5.4989,5.6127,5.6889,5.7889,5.8904,5.9904,6.0835,6.1541,6.2203,6.277,6.3233,6.3649,6.396,6.4228,6.4445,6.4468,6.4615,6.4667,6.4688,6.47,6.4651,6.4647
48,48,R/Ohm,0.17573,0.064225,-0.027713,-0.10995,-0.18138,-0.24524,-0.30734,-0.35758,-0.40324,-0.44541,-0.48497,-0.52488,-0.55987,-0.59647,-0.63292,-0.6709,-0.70919,-0.74915,-0.79009,-0.83416,-0.88016,-0.92963,-0.97959,-1.0312,-1.0855,-1.1377,-1.1876,-1.2349,-1.2753,-1.3057,-1.3264,-1.3295,-1.3202,-1.2881,-1.2352,-1.1604,-1.0623,-0.93983,-0.80818,-0.66729,-0.52858,-0.40386,-0.2999,-0.21715,5.025,5.0543,5.0873,5.1272,5.1712,5.2203,5.2762,5.335,5.3991,5.4649,5.5361,5.6114,5.6925,5.7751,5.8614,5.9496,6.0452,6.1457,6.2523,6.3638,6.4828,6.6085,6.7406,6.8834,7.0357,7.2,7.3747,7.5609,7.7594,7.9683,8.1847,8.4087,8.633,8.8579,9.0902,9.3216,9.5422,9.7458,9.9219,10.069,10.185,10.278,10.35,10.415
49,49,R/Ohm,0.062637,-0.004642,-0.090494,-0.15531,-0.21741,-0.27218,-0.31637,-0.36244,-0.40784,-0.43385,-0.47171,-0.4973,-0.53046,-0.55391,-0.6021,-0.64637,-0.67989,-0.71871,-0.77834,-0.80129,-0.85123,-0.87128,-0.9008,-0.94032,-0.9726,-0.98714,-1.0027,-0.99373,-0.98994,-0.96209,-0.91426,-0.86036,-0.80067,-0.72995,-0.64156,-0.5609,-0.47773,-0.39646,-0.3252,-0.25902,-0.20121,-0.15096,-0.11249,-0.082228,4.7397,4.7726,4.8057,4.859,4.8907,4.9424,4.9922,5.0542,5.1288,5.1638,5.251,5.2988,5.3991,5.4769,5.5637,5.6669,5.7601,5.8636,5.978,6.0826,6.1926,6.3405,6.4725,6.6206,6.7809,6.9426,7.1126,7.2768,7.4513,7.6215,7.7793,7.927,8.0624,8.1673,8.2827,8.3741,8.4452,8.5014,8.5391,8.5651,8.5783,8.5807,8.5722,8.5559
50,50,R/Ohm,0.37974,0.27245,0.17077,0.077546,-0.0089258,-0.088119,-0.14596,-0.1989,-0.25134,-0.30244,-0.35814,-0.38048,-0.41684,-0.43416,-0.48286,-0.5236,-0.56522,-0.59013,-0.62999,-0.66582,-0.70642,-0.74116,-0.78438,-0.79698,-0.8598,-0.8953,-0.91013,-0.93142,-0.9385,-0.93985,-0.93146,-0.89657,-0.85844,-0.80564,-0.74289,-0.67667,-0.60792,-0.52716,-0.45263,-0.38192,-0.31376,-0.25803,-0.2051,-0.15761,4.6837,4.693,4.7197,4.7447,4.7737,4.8027,4.8367,4.8909,4.932,4.9813,5.0297,5.0985,5.1533,5.2089,5.2935,5.3676,5.4478,5.5181,5.616,5.7045,5.807,5.8878,6.0224,6.1441,6.2727,6.4047,6.547,6.7035,6.8617,7.0195,7.1749,7.3331,7.4832,7.6238,7.7475,7.8562,7.9395,8.0144,8.0765,8.1231,8.1599,8.1838,8.2024,8.2116
51,51,R/Ohm,0.24334,0.21666,0.12477,0.047294,-0.024913,-0.08877,-0.14507,-0.19596,-0.23996,-0.28298,-0.32018,-0.35466,-0.38807,-0.41916,-0.44969,-0.48014,-0.50886,-0.5445,-0.56602,-0.59616,-0.62266,-0.65564,-0.66923,-0.66,-0.70925,-0.70305,-0.69596,-0.6884,-0.65338,-0.6247,-0.58007,-0.53006,-0.4777,-0.43539,-0.38226,-0.33316,-0.2917,-0.25797,-0.21496,-0.17544,-0.14464,-0.12005,-0.094108,-0.078925,4.4562,4.4729,4.4932,4.507,4.5361,4.5641,4.5987,4.6393,4.6846,4.7338,4.7856,4.842,4.8879,4.9519,5.0211,5.0994,5.1809,5.2567,5.3472,5.4437,5.5461,5.6598,5.7593,5.8669,5.998,6.1142,6.2551,6.3799,6.5004,6.6153,6.7193,6.8173,6.9059,6.9745,7.0364,7.0874,7.1527,7.1736,7.2054,7.222,7.2292,7.2228,7.2102,7.185
52,52,R/Ohm,0.19882,0.08729,-0.0074195,-0.086467,-0.16291,-0.22433,-0.28355,-0.33367,-0.38146,-0.42179,-0.46288,-0.49965,-0.53666,-0.57105,-0.60927,-0.64546,-0.68168,-0.71946,-0.75617,-0.79523,-0.83317,-0.8737,-0.91086,-0.94523,-0.97659,-1.0012,-1.0188,-1.026,-1.0225,-1.0046,-0.97468,-0.92782,-0.87336,-0.80612,-0.72545,-0.64051,-0.55183,-0.46298,-0.38347,-0.30776,-0.23845,-0.18014,-0.1353,-0.09854,4.9623,4.99,5.0212,5.0555,5.0998,5.1482,5.1997,5.2575,5.3186,5.3838,5.4523,5.5238,5.6013,5.6805,5.7648,5.8544,5.9481,6.0476,6.1511,6.2633,6.3812,6.5052,6.6411,6.7875,6.937,7.0953,7.2604,7.431,7.6046,7.779,7.9493,8.1103,8.2607,8.4001,8.5297,8.6443,8.7442,8.8283,8.8982,8.9547,9.0014,9.0437,9.0835,9.1278
53,53,R/Ohm,0.78994,0.58601,0.40574,0.27184,0.14613,0.077546,-0.035068,-0.10222,-0.16684,-0.20537,-0.2672,-0.30562,-0.36344,-0.375,-0.41163,-0.43169,-0.47716,-0.50393,-0.53815,-0.56891,-0.60754,-0.62856,-0.68399,-0.71455,-0.77254,-0.80794,-0.85923,-0.91063,-0.96312,-1.0152,-1.0683,-1.1179,-1.1616,-1.1997,-1.2286,-1.2471,-1.2446,-1.2247,-1.1843,-1.1116,-1.0079,-0.88075,-0.73454,-0.58334,4.0147,4.0399,4.0495,4.071,4.1068,4.1162,4.1639,4.21,4.251,4.3016,4.3319,4.4047,4.4685,4.5122,4.5709,4.64,4.6955,4.7752,4.8362,4.9172,4.9987,5.0769,5.1741,5.2783,5.3701,5.4736,5.5955,5.7162,5.8504,5.9935,6.1462,6.3112,6.49,6.6841,6.8807,7.0841,7.289,7.5122,7.7442,7.9755,8.1963,8.3914,8.5507,8.6716
54,54,R/Ohm,0.059544,-0.013642,-0.078326,-0.13371,-0.18422,-0.22939,-0.2723,-0.31012,-0.34544,-0.37882,-0.41204,-0.4458,-0.47887,-0.51153,-0.54537,-0.57979,-0.61445,-0.64814,-0.68174,-0.71376,-0.74316,-0.76973,-0.79044,-0.80362,-0.80948,-0.80433,-0.78718,-0.75995,-0.72078,-0.67342,-0.61965,-0.56246,-0.50595,-0.44618,-0.38692,-0.33149,-0.28014,-0.23143,-0.19084,-0.15332,-0.12009,-0.090508,-0.069416,-0.05085,4.6365,4.6599,4.688,4.7213,4.7578,4.7987,4.8492,4.8956,4.947,4.9986,5.0568,5.1189,5.19,5.2604,5.3358,5.4185,5.5056,5.5989,5.6999,5.8063,5.9198,6.0398,6.1666,6.2987,6.4346,6.5723,6.7105,6.8433,6.9703,7.0882,7.1941,7.2851,7.3644,7.434,7.4956,7.5472,7.592,7.6303,7.6627,7.6933,7.7206,7.7515,7.7791,7.8113
55,55,R/Ohm,0.19442,0.082146,-0.015924,-0.10141,-0.17441,-0.23987,-0.30065,-0.35267,-0.39931,-0.44328,-0.48374,-0.52397,-0.56138,-0.59836,-0.6357,-0.67393,-0.71281,-0.75322,-0.7953,-0.83913,-0.88502,-0.9343,-0.98353,-1.0342,-1.0859,-1.1339,-1.1796,-1.2204,-1.2518,-1.2721,-1.2807,-1.2716,-1.2487,-1.2011,-1.1439,-1.0585,-0.95698,-0.83488,-0.71182,-0.58309,-0.45899,-0.34906,-0.26052,-0.1883,5.0119,5.0434,5.0796,5.1194,5.1661,5.2182,5.277,5.3378,5.4043,5.4726,5.5469,5.6243,5.7078,5.7938,5.8835,5.9779,6.0772,6.1817,6.2921,6.4084,6.5318,6.6619,6.8011,6.9493,7.1073,7.2766,7.4565,7.6488,7.8503,8.0613,8.2782,8.4974,8.7157,8.9396,9.1634,9.3803,9.5822,9.7668,9.9254,10.058,10.165,10.255,10.324,10.381
56,56,R/Ohm,0.38752,0.25,-0.074816,0.054615,-0.0041051,-0.084937,-0.1368,-0.18978,-0.23088,-0.27347,-0.31013,-0.3497,-0.39393,-0.41381,-0.43991,-0.47039,-0.50123,-0.53063,-0.55624,-0.58278,-0.61182,-0.62779,-0.64326,-0.64365,-0.65684,-0.65913,-0.64349,-0.63231,-0.60298,-0.55635,-0.51821,-0.46732,-0.41648,-0.36853,-0.32415,-0.28577,-0.25054,-0.21756,-0.18293,-0.1546,-0.1263,-0.10572,-0.084846,-0.064983,4.4307,4.4596,4.512,4.5071,4.5689,4.5697,4.6117,4.6567,4.6944,4.7491,4.7963,4.847,4.9159,4.9794,5.0526,5.1282,5.1908,5.266,5.3568,5.4423,5.5367,5.6221,5.7468,5.8455,5.9654,6.0952,6.1982,6.3137,6.4201,6.5184,6.5997,6.6836,6.7481,6.8145,6.8624,6.8999,6.945,6.9584,6.9828,6.9996,7.0125,7.0205,7.0251,7.0225
57,57,R/Ohm,0.14083,0.047791,-0.037351,-0.12706,-0.19329,-0.26056,-0.31441,-0.34436,-0.41678,-0.46854,-0.49504,-0.53842,-0.56671,-0.61836,-0.63971,-0.67747,-0.72791,-0.77301,-0.82239,-0.85598,-0.91449,-0.94962,-0.98503,-1.0483,-1.1069,-1.1677,-1.2098,-1.241,-1.2901,-1.3161,-1.323,-1.3204,-1.3026,-1.2829,-1.1993,-1.1184,-1.0145,-0.88702,-0.75624,-0.61692,-0.48398,-0.36543,-0.26935,-0.19094,5.0452,5.0779,5.1075,5.1515,5.2107,5.2461,5.2947,5.3675,5.4345,5.527,5.5851,5.6636,5.7388,5.8443,5.9232,6.0318,6.1175,6.2272,6.354,6.4636,6.5932,6.7291,6.8748,7.0299,7.1944,7.354,7.5431,7.7376,7.937,8.1614,8.3897,8.6106,8.8416,9.08,9.2932,9.5229,9.7303,9.9146,10.068,10.189,10.272,10.321,10.336,10.322
58,58,R/Ohm,0.22272,0.10577,-0.0071559,-0.082565,-0.14882,-0.20461,-0.26072,-0.36384,-0.37141,-0.433,-0.47617,-0.49465,-0.54177,-0.553,-0.59176,-0.63744,-0.69402,-0.72927,-0.75487,-0.8126,-0.82164,-0.88178,-0.91846,-0.97297,-1.0058,-1.0408,-1.0533,-1.0771,-1.0726,-1.0594,-1.0301,-0.98738,-0.93867,-0.85312,-0.79291,-0.70226,-0.60945,-0.51194,-0.4235,-0.33931,-0.26185,-0.19635,-0.14618,-0.1055,4.9674,4.989,4.9998,5.0699,5.1196,5.175,5.247,5.2933,5.3522,5.4397,5.5081,5.5723,5.6646,5.7196,5.8154,5.9198,6.0261,6.1206,6.2223,6.3476,6.4706,6.6027,6.7335,6.8888,7.0482,7.2139,7.3887,7.5638,7.747,7.9298,8.113,8.2865,8.4505,8.6021,8.7561,8.8788,8.9849,9.0725,9.1378,9.1854,9.213,9.223,9.2135,9.1896
59,59,R/Ohm,0.079204,0.18062,0.32789,0.42081,0.27809,0.17375,0.079201,-0.0042024,-0.061953,-0.12814,-0.16223,-0.21363,-0.25865,-0.30551,-0.33384,-0.36398,-0.37324,-0.40985,-0.45103,-0.47435,-0.50574,-0.53665,-0.55417,-0.57999,-0.60769,-0.60498,-0.62854,-0.63032,-0.61398,-0.59242,-0.56824,-0.52837,-0.49273,-0.45133,-0.40349,-0.35718,-0.31813,-0.2765,-0.24213,-0.20566,-0.17773,-0.15213,-0.12545,-0.10186,4.49,4.4645,4.464,4.4393,4.4525,4.4697,4.496,4.51,4.5592,4.5956,4.6269,4.6756,4.729,4.7755,4.8233,4.8736,4.9318,4.9921,5.0546,5.1339,5.2082,5.2868,5.3762,5.4655,5.5526,5.6576,5.748,5.872,5.9819,6.0829,6.1835,6.2701,6.3513,6.4312,6.4893,6.5388,6.5792,6.6154,6.6442,6.6542,6.6637,6.6729,6.68,6.6808
60,60,R/Ohm,0.69267,0.49661,0.33679,0.1942,0.080878,-0.028695,-0.10676,-0.18937,-0.25217,-0.33223,-0.37859,-0.4326,-0.4646,-0.50494,-0.53138,-0.5821,-0.61539,-0.64799,-0.69473,-0.73874,-0.78004,-0.83056,-0.88165,-0.94971,-0.98067,-1.0438,-1.1104,-1.1701,-1.2334,-1.3164,-1.3847,-1.4601,-1.526,-1.5865,-1.632,-1.6639,-1.6591,-1.666,-1.634,-1.5589,-1.4414,-1.2891,-1.1016,-0.89385,4.9568,4.9786,5.0029,5.0307,5.0699,5.097,5.1454,5.1931,5.2549,5.2938,5.3578,5.4222,5.5296,5.5914,5.6803,5.7634,5.8346,5.927,6.0322,6.1361,6.2471,6.3777,6.474,6.6033,6.7592,6.8764,7.0376,7.2072,7.3848,7.5668,7.7701,7.983,8.2201,8.4716,8.7383,9.0139,9.308,9.6228,9.9607,10.296,10.627,10.933,11.201,11.411
61,61,R/Ohm,0.093764,0.029886,-0.053357,-0.097048,-0.14629,-0.19061,-0.23391,-0.27104,-0.3022,-0.3049,-0.36677,-0.39882,-0.42921,-0.43878,-0.50246,-0.52597,-0.55021,-0.58996,-0.59264,-0.64088,-0.65132,-0.68971,-0.71046,-0.71367,-0.72223,-0.71439,-0.69401,-0.66978,-0.62523,-0.59322,-0.5455,-0.49227,-0.44078,-0.38215,-0.3335,-0.28834,-0.24405,-0.20192,-0.16602,-0.13398,-0.10497,-0.078976,-0.05974,-0.044033,4.6009,4.627,4.6583,4.6861,4.7186,4.785,4.8018,4.8481,4.8985,4.9564,5.0038,5.0633,5.1383,5.1929,5.2758,5.3429,5.4263,5.5133,5.6175,5.7061,5.7955,5.9119,6.0262,6.1641,6.2853,6.4022,6.5312,6.6385,6.7607,6.8781,6.976,7.0574,7.1257,7.1752,7.2481,7.2884,7.3282,7.3606,7.3845,7.4037,7.4135,7.4181,7.4124,7.3924
62,62,R/Ohm,0.7788,0.56292,0.3881,0.23819,0.11506,0.0092621,-0.082344,-0.16286,-0.23186,-0.29635,-0.35239,-0.402,-0.44861,-0.49122,-0.53334,-0.57254,-0.61082,-0.65002,-0.68962,-0.73006,-0.77253,-0.81661,-0.86373,-0.91405,-0.96817,-1.0255,-1.0857,-1.1512,-1.2162,-1.2845,-1.3526,-1.4209,-1.483,-1.5401,-1.5832,-1.6172,-1.6337,-1.6226,-1.5903,-1.5206,-1.41,-1.2669,-1.0855,-0.88386,4.9698,4.9952,5.0156,5.0465,5.0757,5.1124,5.1548,5.1991,5.2514,5.3101,5.3711,5.4382,5.5061,5.5803,5.658,5.742,5.8284,5.919,6.0146,6.114,6.2188,6.3294,6.4454,6.5684,6.698,6.8364,6.9838,7.1416,7.3112,7.493,7.6901,7.8998,8.1255,8.3675,8.621,8.8883,9.172,9.476,9.7949,10.12,10.444,10.749,11.023,11.246
63,63,R/Ohm,0.36404,0.24862,0.12275,0.04883,-0.022081,-0.088849,-0.13904,-0.19295,-0.23656,-0.2685,-0.31567,-0.37568,-0.3766,-0.39719,-0.4512,-0.46702,-0.50705,-0.52618,-0.54901,-0.57925,-0.59973,-0.60108,-0.636,-0.66398,-0.65192,-0.65258,-0.63982,-0.62562,-0.59307,-0.54958,-0.50103,-0.45069,-0.40632,-0.36515,-0.31845,-0.28158,-0.23506,-0.20834,-0.17712,-0.14742,-0.12093,-0.10006,-0.079968,-0.062924,4.4369,4.4666,4.4857,4.5045,4.5363,4.5727,4.5936,4.6455,4.6958,4.7596,4.7995,4.8421,4.904,4.9693,5.0297,5.1018,5.1826,5.2462,5.34,5.4255,5.522,5.6074,5.7205,5.8147,5.9325,6.0609,6.1681,6.2727,6.3859,6.4744,6.5478,6.636,6.6907,6.7505,6.7932,6.826,6.8418,6.8632,6.8766,6.8845,6.8847,6.8834,6.8808,6.8725
0,0,R/Ohm,0.032527,-0.01612,-0.05977,-0.092711,-0.12007,-0.14433,-0.16957,-0.19212,-0.2136,-0.23695,-0.2606,-0.28729,-0.31293,-0.33986,-0.36719,-0.39575,-0.42392,-0.45145,-0.479,-0.50637,-0.53333,-0.55977,-0.58374,-0.60543,-0.62533,-0.64069,-0.65165,-0.65575,-0.65554,-0.64588,-0.63205,-0.60577,-0.57843,-0.54216,-0.49679,-0.45043,-0.39974,-0.3442,-0.29475,-0.24369,-0.1934,-0.14989,-0.11555,-0.085336,6.3647,6.3944,6.4211,6.4491,6.4775,6.5068,6.5358,6.5654,6.5969,6.6302,6.6657,6.704,6.7472,6.7949,6.8466,6.9026,6.9629,7.0292,7.0994,7.1743,7.254,7.3387,7.4272,7.5217,7.6203,7.7237,7.8308,7.9408,8.0533,8.1658,8.2755,8.3826,8.4831,8.588,8.6865,8.7759,8.8578,8.9325,8.9978,9.0573,9.1086,9.1578,9.1993,9.2318
1,1,R/Ohm,0.043724,0.0019227,-0.035924,-0.068464,-0.097166,-0.12255,-0.14965,-0.17207,-0.1936,-0.21474,-0.23709,-0.26093,-0.28305,-0.30794,-0.33309,-0.35874,-0.38408,-0.40993,-0.43494,-0.45869,-0.48322,-0.505,-0.52577,-0.54526,-0.56454,-0.57584,-0.58058,-0.58049,-0.57102,-0.55336,-0.53197,-0.50106,-0.46412,-0.42711,-0.3837,-0.33488,-0.28309,-0.23441,-0.19343,-0.15077,-0.12194,-0.090706,-0.066416,-0.046789,6.2959,6.3126,6.3329,6.3547,6.3783,6.4025,6.4295,6.458,6.4878,6.5221,6.5607,6.6019,6.6464,6.6949,6.7462,6.8022,6.8629,6.9277,6.9959,7.0703,7.1493,7.2314,7.319,7.4114,7.5083,7.6089,7.7129,7.8165,7.9201,8.0233,8.121,8.2115,8.2964,8.373,8.4381,8.4914,8.526,8.5415,8.5403,8.5239,8.4951,8.4646,8.434,8.415
2,2,R/Ohm,0.37334,0.25725,0.16721,0.094509,0.031925,-0.017912,-0.052328,-0.085938,-0.11483,-0.13173,-0.15676,-0.18051,-0.20438,-0.22779,-0.25294,-0.2764,-0.29979,-0.32327,-0.34764,-0.37063,-0.39274,-0.41496,-0.4362,-0.45613,-0.47688,-0.49377,-0.50741,-0.5186,-0.52384,-0.52362,-0.51486,-0.50221,-0.4824,-0.45649,-0.42452,-0.39225,-0.35609,-0.31395,-0.27276,-0.23159,-0.1897,-0.15677,-0.12328,-0.09265,6.0422,6.0772,6.0927,6.1092,6.1372,6.1541,6.1856,6.208,6.2292,6.2627,6.2881,6.3157,6.3452,6.377,6.4108,6.4495,6.4913,6.537,6.5855,6.6385,6.6949,6.7555,6.8199,6.8885,6.9608,7.0371,7.1184,7.2027,7.2893,7.3786,7.4688,7.556,7.6415,7.7206,7.7956,7.8615,7.9269,7.9844,8.0342,8.0772,8.1141,8.1459,8.175,8.2005
3,3,R/Ohm,0.089157,0.026483,-0.019251,-0.056934,-0.091122,-0.11803,-0.15165,-0.17346,-0.19588,-0.21771,-0.24051,-0.26711,-0.28785,-0.31306,-0.3381,-0.36454,-0.3896,-0.41411,-0.4376,-0.46213,-0.48545,-0.50811,-0.52828,-0.54499,-0.56062,-0.56968,-0.57243,-0.56962,-0.56,-0.54272,-0.51983,-0.49098,-0.45891,-0.42075,-0.37584,-0.33301,-0.28882,-0.24146,-0.20166,-0.16214,-0.12614,-0.094088,-0.071893,-0.051624,6.4169,6.4401,6.4665,6.4915,6.5177,6.5395,6.5617,6.587,6.6145,6.6441,6.6751,6.7077,6.7445,6.7845,6.8277,6.8748,6.9273,6.9835,7.0443,7.1084,7.177,7.2482,7.3241,7.4038,7.4885,7.5753,7.6662,7.7572,7.8481,7.9368,8.0215,8.1024,8.1756,8.2293,8.2867,8.3373,8.3816,8.4187,8.4461,8.4691,8.4862,8.5005,8.5185,8.5405
4,4,R/Ohm,0.34231,0.23482,0.14704,0.086551,0.027675,-0.017707,-0.055531,-0.083733,-0.11335,-0.14031,-0.16695,-0.18957,-0.2142,-0.23867,-0.26583,-0.29011,-0.31475,-0.34078,-0.36775,-0.39333,-0.41741,-0.44215,-0.46651,-0.48937,-0.51296,-0.53496,-0.55502,-0.56754,-0.58947,-0.60079,-0.61319,-0.61224,-0.60929,-0.60039,-0.58271,-0.56075,-0.53273,-0.4925,-0.44781,-0.39883,-0.34404,-0.2954,-0.24423,-0.19211,5.2882,5.3103,5.3334,5.3477,5.3805,5.3977,5.4238,5.4464,5.4712,5.495,5.5237,5.5539,5.5838,5.6179,5.6545,5.6952,5.7396,5.7885,5.8417,5.8983,5.9596,6.0234,6.093,6.1665,6.2431,6.3218,6.4084,6.5024,6.5905,6.6893,6.7976,6.905,7.008,7.1125,7.216,7.3154,7.4184,7.5153,7.6035,7.6849,7.7586,7.8235,7.881,7.9314
5,5,R/Ohm,0.019588,-0.030872,-0.071191,-0.10311,-0.13248,-0.15516,-0.18413,-0.20489,-0.22551,-0.2484,-0.27169,-0.29873,-0.32412,-0.35107,-0.37959,-0.40798,-0.43762,-0.46658,-0.49529,-0.52477,-0.55345,-0.58196,-0.60909,-0.63434,-0.6611,-0.68071,-0.69679,-0.70905,-0.71313,-0.71082,-0.70177,-0.68092,-0.65572,-0.61601,-0.56859,-0.51822,-0.46056,-0.39767,-0.33882,-0.28005,-0.22637,-0.17602,-0.13478,-0.099897,6.5428,6.5712,6.5963,6.6237,6.651,6.6764,6.7024,6.7295,6.7583,6.7886,6.8218,6.8576,6.8978,6.9425,6.9912,7.0447,7.1029,7.1662,7.2343,7.3073,7.3849,7.4676,7.5556,7.6482,7.7457,7.8491,7.9569,8.0697,8.1857,8.3039,8.4224,8.5364,8.6482,8.7508,8.8542,8.9491,9.0353,9.1124,9.1784,9.2363,9.2852,9.3313,9.3727,9.4168
6,6,R/Ohm,0.25233,0.15123,0.07817,0.0071587,-0.042243,-0.084047,-0.1152,-0.14352,-0.16905,-0.19723,-0.21806,-0.23945,-0.2619,-0.28622,-0.31345,-0.3381,-0.36705,-0.39802,-0.42597,-0.45825,-0.49042,-0.52065,-0.55376,-0.58827,-0.61941,-0.65084,-0.68448,-0.72153,-0.75096,-0.77754,-0.80337,-0.82427,-0.83777,-0.84491,-0.84117,-0.83105,-0.80309,-0.75919,-0.70896,-0.64134,-0.56364,-0.48344,-0.40201,-0.32635,6.5759,6.6077,6.6458,6.6756,6.7136,6.7446,6.7789,6.8117,6.8454,6.878,6.9125,6.9496,6.9881,7.0274,7.0706,7.1192,7.1704,7.2267,7.2885,7.3546,7.426,7.5041,7.584,7.6703,7.7622,7.8586,7.9602,8.0659,8.1797,8.3,8.4253,8.5572,8.6953,8.8382,8.9828,9.1278,9.2772,9.4189,9.5592,9.6887,9.8027,9.8988,9.9737,10.026
7,7,R/Ohm,0.30299,0.19385,0.10134,0.029389,-0.030041,-0.072689,-0.11035,-0.13954,-0.17413,-0.19908,-0.22372,-0.25029,-0.26968,-0.29797,-0.32463,-0.35109,-0.38033,-0.41106,-0.44124,-0.47412,-0.5075,-0.53992,-0.5749,-0.60966,-0.64538,-0.68098,-0.71777,-0.75745,-0.79396,-0.83097,-0.86749,-0.9042,-0.93662,-0.96579,-0.98578,-0.99938,-0.99384,-0.97383,-0.93827,-0.87836,-0.79529,-0.69876,-0.58774,-0.47361,6.7363,6.7751,6.8031,6.8397,6.8703,6.9171,6.9437,6.979,7.0112,7.054,7.0856,7.1268,7.1643,7.2098,7.2514,7.2729,7.32,7.3715,7.429,7.4898,7.5562,7.6287,7.7047,7.786,7.8735,7.9653,8.0626,8.1649,8.2738,8.3899,8.5131,8.6447,8.7849,8.935,9.0897,9.2525,9.4111,9.5874,9.77,9.951,10.123,10.276,10.406,10.508
8,8,R/Ohm,0.10331,0.049664,0.0048423,-0.035771,-0.070062,-0.10106,-0.13031,-0.15695,-0.18298,-0.20927,-0.23529,-0.26167,-0.28815,-0.31594,-0.34258,-0.36877,-0.39671,-0.42325,-0.44758,-0.47583,-0.50075,-0.52526,-0.5497,-0.57184,-0.59762,-0.61598,-0.6314,-0.64361,-0.64969,-0.64916,-0.64357,-0.6272,-0.60225,-0.57531,-0.52881,-0.47633,-0.41547,-0.35656,-0.29983,-0.24345,-0.19815,-0.15297,-0.11468,-0.083665,5.421,5.4364,5.4546,5.4756,5.4978,5.5219,5.5528,5.5809,5.6108,5.6456,5.6823,5.7232,5.7693,5.818,5.871,5.9288,5.9908,6.0571,6.129,6.2064,6.2869,6.3686,6.4555,6.5452,6.6396,6.738,6.8424,6.9484,7.0591,7.1701,7.2803,7.3889,7.495,7.5915,7.6758,7.7462,7.8017,7.8416,7.8684,7.8829,7.8918,7.9015,7.9128,7.9309
9,9,R/Ohm,0.0010229,-0.042928,-0.079812,-0.10842,-0.13508,-0.15566,-0.17871,-0.19958,-0.21997,-0.24146,-0.26474,-0.29069,-0.31608,-0.34193,-0.36912,-0.39755,-0.42549,-0.45329,-0.48128,-0.50841,-0.53491,-0.56227,-0.58668,-0.6096,-0.63,-0.64718,-0.6599,-0.66562,-0.66676,-0.65843,-0.64392,-0.61897,-0.59013,-0.55308,-0.50596,-0.45659,-0.40267,-0.34566,-0.29461,-0.24213,-0.19155,-0.14781,-0.1119,-0.08252,6.5188,6.545,6.5718,6.5956,6.6209,6.6467,6.6714,6.6976,6.7249,6.7541,6.7859,6.8202,6.859,6.9016,6.949,7,7.0558,7.1165,7.1817,7.2516,7.326,7.4056,7.49,7.5796,7.6735,7.7717,7.8756,7.983,8.092,8.2021,8.3092,8.4125,8.5111,8.5972,8.6847,8.7649,8.836,8.9002,8.9545,9.0023,9.044,9.0835,9.1145,9.1522
10,10,R/Ohm,0.046424,-0.014959,-0.058212,-0.086246,-0.12109,-0.14105,-0.1714,-0.19343,-0.21153,-0.24001,-0.26263,-0.28967,-0.31357,-0.34323,-0.37068,-0.3972,-0.42781,-0.45483,-0.47997,-0.5104,-0.53719,-0.56614,-0.59246,-0.61294,-0.63543,-0.65089,-0.66481,-0.67004,-0.67139,-0.6634,-0.65,-0.62461,-0.59571,-0.55701,-0.50848,-0.45838,-0.40451,-0.34656,-0.29484,-0.24192,-0.1912,-0.14691,-0.1116,-0.082123,6.5226,6.5498,6.5738,6.6062,6.6265,6.6596,6.6882,6.7158,6.7432,6.7755,6.8128,6.8471,6.8878,6.934,6.9799,7.0327,7.0904,7.1549,7.2224,7.2915,7.3709,7.4462,7.5356,7.6238,7.7183,7.8164,7.9199,8.0269,8.1359,8.2453,8.3542,8.4564,8.5534,8.6309,8.7103,8.7831,8.8454,8.8964,8.9364,8.9683,8.9904,9.0068,9.0171,9.0278
11,11,R/Ohm,0.29593,0.18672,0.10499,0.030416,-0.022866,-0.071279,-0.10658,-0.13587,-0.16216,-0.19024,-0.2134,-0.23578,-0.25915,-0.28473,-0.31294,-0.34011,-0.36902,-0.39951,-0.4298,-0.46166,-0.49397,-0.52603,-0.5589,-0.59215,-0.62585,-0.65956,-0.69287,-0.72704,-0.75911,-0.79065,-0.81986,-0.84397,-0.86448,-0.87762,-0.8798,-0.8745,-0.85378,-0.81956,-0.77058,-0.70356,-0.62276,-0.53816,-0.44664,-0.35878,6.5707,6.6069,6.6398,6.6667,6.6991,6.7334,6.7635,6.7949,6.8273,6.8597,6.8928,6.9281,6.9645,7.0034,7.0451,7.0917,7.1425,7.1981,7.2582,7.3229,7.3938,7.4691,7.5494,7.6354,7.7259,7.8215,7.9231,8.0303,8.1439,8.2652,8.391,8.5256,8.6672,8.8146,8.9652,9.1188,9.2858,9.4506,9.6126,9.7681,9.9111,10.037,10.145,10.235
12,12,R/Ohm,0.088488,0.025873,-0.031191,-0.072431,-0.10988,-0.13897,-0.17723,-0.19894,-0.22211,-0.24908,-0.27177,-0.30116,-0.32628,-0.35306,-0.38425,-0.41439,-0.44416,-0.47661,-0.50903,-0.53671,-0.5649,-0.59696,-0.62358,-0.65275,-0.68244,-0.70515,-0.7244,-0.74003,-0.7493,-0.75035,-0.74468,-0.72817,-0.70495,-0.66299,-0.61547,-0.56196,-0.49861,-0.4313,-0.36631,-0.30198,-0.24363,-0.18822,-0.14468,-0.10616,6.668,6.6983,6.7279,6.7573,6.7802,6.8148,6.8425,6.8676,6.8982,6.9305,6.9643,7.0019,7.0406,7.0867,7.134,7.1876,7.2455,7.3099,7.3797,7.4512,7.5312,7.6105,7.6985,7.7914,7.8888,7.9921,8.101,8.2141,8.3328,8.4536,8.5754,8.6944,8.811,8.9035,9.0069,9.1018,9.1872,9.2599,9.3192,9.3686,9.4036,9.4344,9.4571,9.4793
13,13,R/Ohm,0.032272,-0.019727,-0.064765,-0.099393,-0.13078,-0.15571,-0.18331,-0.20654,-0.22874,-0.2524,-0.27724,-0.30521,-0.3315,-0.35984,-0.38952,-0.4229,-0.45302,-0.4834,-0.51525,-0.54621,-0.57691,-0.6097,-0.63945,-0.66848,-0.69577,-0.72235,-0.74664,-0.76646,-0.78182,-0.78983,-0.78989,-0.78019,-0.76376,-0.73878,-0.69543,-0.64242,-0.58251,-0.50898,-0.44008,-0.36537,-0.29099,-0.22677,-0.17392,-0.1283,6.596,6.627,6.6615,6.691,6.7211,6.7524,6.783,6.8141,6.8482,6.8836,6.9221,6.9623,7.0085,7.0584,7.1125,7.1706,7.2347,7.3038,7.3774,7.4564,7.5407,7.6291,7.7233,7.8233,7.9297,8.0408,8.1579,8.2803,8.4079,8.5409,8.6759,8.8135,8.9487,9.0917,9.2306,9.3626,9.4852,9.5978,9.6966,9.784,9.859,9.9267,9.9819,10.028
14,14,R/Ohm,-0.00054782,-0.046998,-0.08769,-0.11929,-0.1459,-0.16812,-0.1986,-0.21923,-0.23955,-0.26223,-0.28552,-0.31294,-0.33774,-0.36548,-0.3953,-0.42396,-0.45525,-0.4865,-0.51669,-0.54917,-0.58136,-0.61431,-0.64555,-0.67828,-0.71293,-0.74239,-0.77059,-0.79755,-0.81959,-0.83483,-0.84312,-0.84088,-0.83227,-0.80414,-0.76417,-0.71431,-0.64846,-0.57199,-0.4924,-0.41037,-0.33317,-0.25911,-0.19951,-0.14606,6.6564,6.686,6.7142,6.7439,6.7717,6.8003,6.8265,6.8561,6.8877,6.9201,6.9559,6.9931,7.0368,7.0838,7.1357,7.1923,7.2537,7.32,7.3921,7.4688,7.55,7.6364,7.7276,7.8248,7.9273,8.0371,8.1518,8.2744,8.4025,8.5375,8.677,8.8199,8.9621,9.1083,9.2548,9.3988,9.5332,9.6587,9.7678,9.8607,9.9407,10.011,10.077,10.142
15,15,R/Ohm,0.12052,0.053648,0.012348,-0.017051,-0.059098,-0.10298,-0.13344,-0.1638,-0.18536,-0.20251,-0.22301,-0.25021,-0.26686,-0.29057,-0.32424,-0.34896,-0.37478,-0.4049,-0.43681,-0.46928,-0.50242,-0.53344,-0.56599,-0.60033,-0.62979,-0.66816,-0.69843,-0.72706,-0.75896,-0.78469,-0.80615,-0.83024,-0.84262,-0.8491,-0.84374,-0.8306,-0.80842,-0.76243,-0.70596,-0.63838,-0.55792,-0.47972,-0.39701,-0.31275,6.7056,6.7254,6.7442,6.7929,6.8305,6.8656,6.897,6.9297,6.9671,6.9989,7.0313,7.0673,7.1052,7.1417,7.1868,7.2282,7.281,7.3343,7.3946,7.4585,7.529,7.5976,7.6815,7.7724,7.8545,7.949,8.0509,8.1546,8.2664,8.3858,8.5089,8.6375,8.7751,8.9154,9.0555,9.1956,9.3263,9.4582,9.5862,9.7013,9.8016,9.8811,9.9429,9.9843
16,16,R/Ohm,0.030866,-0.020812,-0.065652,-0.098941,-0.12924,-0.15473,-0.18466,-0.20567,-0.22756,-0.25013,-0.27409,-0.30115,-0.32621,-0.35409,-0.38264,-0.41035,-0.44053,-0.47064,-0.49918,-0.52992,-0.56014,-0.58962,-0.61855,-0.64716,-0.67774,-0.70117,-0.72163,-0.73819,-0.74831,-0.7516,-0.74837,-0.73245,-0.71059,-0.67109,-0.6246,-0.57268,-0.50971,-0.44236,-0.37558,-0.30973,-0.2515,-0.1957,-0.14946,-0.10976,6.5732,6.5997,6.6286,6.6565,6.6835,6.7105,6.7362,6.7646,6.7945,6.8261,6.8602,6.8969,6.9389,6.985,7.0349,7.0907,7.1505,7.2154,7.2866,7.3617,7.4416,7.526,7.6161,7.7114,7.8112,7.918,8.03,8.1467,8.2688,8.3945,8.5209,8.6479,8.7709,8.8915,9.0104,9.1218,9.2242,9.318,9.3998,9.4657,9.5237,9.5796,9.6299,9.6833
17,17,R/Ohm,0.012785,-0.026388,-0.060669,-0.091901,-0.1192,-0.1436,-0.169,-0.19052,-0.21216,-0.23491,-0.25875,-0.28345,-0.30939,-0.3364,-0.36471,-0.39124,-0.42073,-0.44978,-0.48049,-0.50685,-0.53094,-0.56136,-0.58622,-0.6117,-0.63524,-0.65492,-0.66754,-0.67783,-0.67873,-0.67209,-0.65878,-0.63618,-0.60481,-0.57111,-0.52629,-0.47542,-0.41686,-0.36034,-0.30605,-0.25102,-0.20519,-0.15904,-0.11828,-0.085851,6.3856,6.4052,6.426,6.4469,6.471,6.4973,6.5245,6.555,6.5864,6.6208,6.658,6.6987,6.7444,6.7939,6.8481,6.908,6.9718,7.0411,7.1169,7.1949,7.28,7.3663,7.4602,7.5633,7.6673,7.7748,7.8898,8.0066,8.1275,8.2494,8.3677,8.4855,8.5956,8.7067,8.8169,8.9074,8.9849,9.0424,9.0816,9.1022,9.1038,9.0948,9.0737,9.0558
18,18,R/Ohm,0.31412,0.19945,0.11163,0.034778,-0.020311,-0.069852,-0.10646,-0.14038,-0.16678,-0.19562,-0.22034,-0.24314,-0.26754,-0.29282,-0.32151,-0.34924,-0.37878,-0.40985,-0.44168,-0.47414,-0.50809,-0.54229,-0.57648,-0.61285,-0.64868,-0.68527,-0.72006,-0.75924,-0.79754,-0.8351,-0.87265,-0.91031,-0.94274,-0.97201,-0.99283,-1.0094,-1.0132,-0.99468,-0.96229,-0.90746,-0.82788,-0.73338,-0.62173,-0.50375,6.701,6.7322,6.7656,6.7984,6.8351,6.8667,6.9038,6.9403,6.9739,7.0061,7.0427,7.0811,7.1201,7.1624,7.2055,7.2557,7.3084,7.3669,7.4292,7.4969,7.5701,7.6498,7.7318,7.8185,7.9143,8.0122,8.1171,8.228,8.3443,8.4684,8.598,8.7392,8.8874,9.0442,9.2079,9.3798,9.5682,9.7626,9.9604,10.158,10.348,10.516,10.662,10.778
19,19,R/Ohm,0.2243,0.13996,0.06141,0.0063051,-0.049386,-0.078933,-0.11868,-0.14723,-0.17506,-0.20623,-0.23404,-0.26096,-0.28989,-0.32093,-0.34663,-0.37379,-0.40385,-0.4307,-0.45968,-0.48266,-0.50592,-0.53519,-0.55515,-0.57765,-0.59643,-0.60976,-0.61677,-0.61907,-0.61516,-0.60293,-0.58388,-0.55767,-0.52808,-0.49222,-0.44497,-0.40011,-0.35212,-0.30029,-0.25417,-0.2077,-0.1617,-0.12377,-0.093371,-0.068034,6.3547,6.3881,6.4167,6.4481,6.4771,6.506,6.535,6.5659,6.6002,6.6342,6.6706,6.7095,6.752,6.7967,6.8498,6.9037,6.9627,7.0272,7.0925,7.1667,7.2423,7.3236,7.4124,7.5034,7.5959,7.6945,7.7983,7.903,8.0072,8.1132,8.2163,8.3095,8.3997,8.4878,8.5606,8.6281,8.6867,8.736,8.7728,8.7998,8.8142,8.8182,8.8056,8.7791
20,20,R/Ohm,0.0091632,-0.037439,-0.076973,-0.1085,-0.13572,-0.15753,-0.18483,-0.2059,-0.22601,-0.24758,-0.27133,-0.29731,-0.32209,-0.34902,-0.3773,-0.40509,-0.43486,-0.46427,-0.49303,-0.52225,-0.55153,-0.58088,-0.60929,-0.63605,-0.66392,-0.68544,-0.70411,-0.71863,-0.72655,-0.72622,-0.71861,-0.69862,-0.67309,-0.63608,-0.58584,-0.53135,-0.47154,-0.40687,-0.34504,-0.28368,-0.22677,-0.17347,-0.1324,-0.095658,6.5144,6.5442,6.5735,6.6047,6.6344,6.6629,6.6922,6.7231,6.7554,6.79,6.8263,6.8651,6.9093,6.9571,7.0097,7.0672,7.1289,7.1953,7.2677,7.3437,7.425,7.5108,7.6027,7.6988,7.8013,7.9087,8.0224,8.1411,8.2627,8.3873,8.5144,8.6379,8.7579,8.8832,8.9992,9.1069,9.2058,9.2986,9.3748,9.4429,9.5039,9.5545,9.5969,9.6252
21,21,R/Ohm,0.025619,-0.022276,-0.066804,-0.10235,-0.12637,-0.15571,-0.17806,-0.20147,-0.21626,-0.24264,-0.26909,-0.29589,-0.32226,-0.34542,-0.3776,-0.40902,-0.43538,-0.46761,-0.49649,-0.5253,-0.54986,-0.58017,-0.61162,-0.63261,-0.65745,-0.67774,-0.69534,-0.70446,-0.71192,-0.70503,-0.69492,-0.67432,-0.64759,-0.60951,-0.55833,-0.50531,-0.44588,-0.38314,-0.32531,-0.26636,-0.21119,-0.16139,-0.12264,-0.090072,6.5546,6.5846,6.6179,6.6481,6.6811,6.7087,6.7393,6.7692,6.8021,6.8347,6.8706,6.9094,6.9531,6.9998,7.0507,7.108,7.1652,7.2311,7.3042,7.3726,7.4538,7.5366,7.6273,7.7172,7.8142,7.9201,8.0264,8.1408,8.2559,8.3725,8.488,8.6018,8.7097,8.7977,8.8898,8.9734,9.0426,9.1024,9.1477,9.1819,9.2028,9.2173,9.2214,9.222
22,22,R/Ohm,0.32827,0.22147,0.1334,0.057413,0.0060077,-0.038607,-0.071243,-0.10086,-0.12322,-0.14423,-0.16758,-0.19032,-0.21348,-0.2368,-0.26195,-0.28591,-0.31017,-0.33525,-0.36178,-0.38669,-0.41147,-0.43585,-0.46002,-0.48331,-0.50715,-0.52736,-0.54529,-0.56131,-0.57122,-0.57605,-0.57493,-0.56751,-0.55301,-0.53139,-0.50561,-0.47591,-0.44043,-0.39978,-0.35677,-0.31304,-0.26587,-0.22543,-0.18327,-0.14378,6.1341,6.1637,6.1878,6.2049,6.227,6.2526,6.2733,6.304,6.3322,6.3624,6.3888,6.4179,6.4474,6.4801,6.5153,6.5553,6.5984,6.6451,6.6956,6.7511,6.8111,6.8755,6.9433,7.0155,7.0925,7.1736,7.2598,7.3502,7.444,7.5405,7.6387,7.7381,7.8331,7.9273,8.0145,8.0968,8.18,8.257,8.3266,8.3883,8.446,8.4956,8.5418,8.5837
23,23,R/Ohm,0.34817,0.23896,0.15128,0.073959,0.017628,-0.029143,-0.067554,-0.098317,-0.12662,-0.15502,-0.17855,-0.20179,-0.22498,-0.24898,-0.27559,-0.30126,-0.32672,-0.3537,-0.38084,-0.40777,-0.43438,-0.46071,-0.48634,-0.51181,-0.53691,-0.55968,-0.58004,-0.59883,-0.6113,-0.61998,-0.6228,-0.61842,-0.6075,-0.58808,-0.56289,-0.53334,-0.49689,-0.45233,-0.40755,-0.35815,-0.30664,-0.26058,-0.214,-0.16951,6.266,6.2868,6.3132,6.3352,6.3601,6.3858,6.409,6.4329,6.4579,6.4829,6.5086,6.5363,6.5661,6.5978,6.6327,6.6723,6.7153,6.7631,6.8147,6.8706,6.9315,6.9968,7.0666,7.1411,7.2197,7.3036,7.3919,7.4845,7.581,7.682,7.7859,7.89,7.9938,8.0951,8.1912,8.2819,8.3688,8.4501,8.5253,8.5931,8.6552,8.7082,8.7564,8.8002
24,24,R/Ohm,0.099986,0.035563,-0.013498,-0.052382,-0.085239,-0.11576,-0.14506,-0.16872,-0.1928,-0.21594,-0.23939,-0.26517,-0.28945,-0.31382,-0.33974,-0.36678,-0.39189,-0.41674,-0.44111,-0.46566,-0.48879,-0.512,-0.53269,-0.5506,-0.56497,-0.57525,-0.57891,-0.57698,-0.56873,-0.55301,-0.53106,-0.50241,-0.47249,-0.43468,-0.3914,-0.34759,-0.30294,-0.25528,-0.21494,-0.17402,-0.1341,-0.10106,-0.076845,-0.055886,6.4014,6.4306,6.4518,6.4787,6.4999,6.5271,6.5517,6.5766,6.6037,6.6327,6.6632,6.6961,6.7347,6.7749,6.8194,6.867,6.9198,6.976,7.0366,7.101,7.17,7.2419,7.32,7.4018,7.4872,7.5769,7.6693,7.7622,7.8561,7.9471,8.0349,8.114,8.188,8.2413,8.2986,8.3492,8.3923,8.4273,8.4549,8.4755,8.4881,8.5032,8.5137,8.5289
25,25,R/Ohm,0.031329,-0.015609,-0.061348,-0.095358,-0.12695,-0.15078,-0.17255,-0.19493,-0.21727,-0.24111,-0.26612,-0.2926,-0.31952,-0.34679,-0.37525,-0.40474,-0.43395,-0.46301,-0.49303,-0.52099,-0.54929,-0.57745,-0.60409,-0.62936,-0.65184,-0.67134,-0.68734,-0.69505,-0.70056,-0.6967,-0.68515,-0.66083,-0.63446,-0.59663,-0.54908,-0.49662,-0.43887,-0.37671,-0.3204,-0.26196,-0.206,-0.15653,-0.1181,-0.087215,6.4937,6.5269,6.557,6.5899,6.6208,6.6517,6.6842,6.7167,6.7515,6.7866,6.8259,6.8662,6.912,6.9617,7.0157,7.0746,7.1372,7.2055,7.2782,7.3554,7.4369,7.5242,7.6174,7.7141,7.8163,7.9236,8.0356,8.1518,8.2703,8.3909,8.5104,8.6264,8.7389,8.8541,8.9542,9.0501,9.1317,9.2034,9.2604,9.3051,9.3356,9.3572,9.3592,9.3418
26,26,R/Ohm,0.37463,0.25404,0.16968,0.11999,0.051554,-0.00035782,-0.045813,-0.080796,-0.11372,-0.14336,-0.17001,-0.19405,-0.21837,-0.24401,-0.27111,-0.29694,-0.32315,-0.35013,-0.3774,-0.40446,-0.43102,-0.45838,-0.48287,-0.5085,-0.53246,-0.55564,-0.57657,-0.59398,-0.60712,-0.61463,-0.61569,-0.61159,-0.59812,-0.57953,-0.55145,-0.52133,-0.48264,-0.43722,-0.39102,-0.34254,-0.29034,-0.24634,-0.20038,-0.15647,6.3356,6.3609,6.3811,6.4169,6.4465,6.4746,6.5021,6.5286,6.556,6.5829,6.6094,6.6402,6.6712,6.704,6.7397,6.7804,6.8236,6.871,6.9225,6.9786,7.0389,7.1033,7.1717,7.2451,7.3216,7.4035,7.4895,7.5802,7.676,7.7733,7.8735,7.9747,8.0735,8.1692,8.259,8.3427,8.4053,8.4719,8.5294,8.5776,8.6167,8.6461,8.668,8.6795
27,27,R/Ohm,0.38867,0.27686,0.16716,0.090132,0.027748,-0.022873,-0.056947,-0.089771,-0.11993,-0.14339,-0.16807,-0.19186,-0.21565,-0.24023,-0.26641,-0.28997,-0.31599,-0.34217,-0.36819,-0.39463,-0.42039,-0.4448,-0.47028,-0.49434,-0.51898,-0.54035,-0.56008,-0.57859,-0.5893,-0.59555,-0.59792,-0.59108,-0.57632,-0.55627,-0.52928,-0.49992,-0.46126,-0.4185,-0.37524,-0.32898,-0.28062,-0.23632,-0.19397,-0.15475,6.22,6.2417,6.2569,6.2781,6.304,6.3279,6.3541,6.3785,6.4024,6.437,6.4637,6.4919,6.5219,6.5546,6.5898,6.6299,6.6735,6.7211,6.7724,6.8274,6.8877,6.9524,7.0203,7.0934,7.171,7.253,7.3404,7.4314,7.5264,7.6254,7.7254,7.8269,7.9268,8.0234,8.1145,8.1992,8.2804,8.3596,8.4307,8.4942,8.5531,8.6042,8.6504,8.6922
28,28,R/Ohm,0.090659,0.026789,-0.025343,-0.069055,-0.10393,-0.1345,-0.16797,-0.19278,-0.21702,-0.24189,-0.26753,-0.29618,-0.32253,-0.35098,-0.38071,-0.40867,-0.43955,-0.4698,-0.4987,-0.52958,-0.55978,-0.58947,-0.61832,-0.64638,-0.67599,-0.69879,-0.7191,-0.73487,-0.74547,-0.74723,-0.74157,-0.72636,-0.70474,-0.66496,-0.62009,-0.56773,-0.50619,-0.43923,-0.3737,-0.3091,-0.25133,-0.19511,-0.14955,-0.10997,6.5678,6.5955,6.6242,6.6506,6.6784,6.7062,6.7329,6.7617,6.7922,6.8244,6.8593,6.8963,6.9385,6.9847,7.0355,7.0917,7.1518,7.2171,7.2883,7.3633,7.4434,7.5291,7.6189,7.7151,7.8157,7.9225,8.0339,8.1519,8.2739,8.3986,8.5255,8.6512,8.7728,8.8939,9.0118,9.123,9.2258,9.3176,9.4014,9.4718,9.5359,9.5916,9.6436,9.698
29,29,R/Ohm,0.01836,-0.033129,-0.067773,-0.10029,-0.12616,-0.15267,-0.16389,-0.18549,-0.20714,-0.22943,-0.2528,-0.27867,-0.30289,-0.32847,-0.35505,-0.38217,-0.40883,-0.43492,-0.46098,-0.4868,-0.51161,-0.5365,-0.55863,-0.57881,-0.5971,-0.60985,-0.61788,-0.62055,-0.61573,-0.60272,-0.58525,-0.55775,-0.52828,-0.49153,-0.44714,-0.40131,-0.35406,-0.30238,-0.2571,-0.21103,-0.16671,-0.12764,-0.097454,-0.071217,6.3347,6.3627,6.3864,6.4137,6.4418,6.4608,6.4967,6.5234,6.5517,6.5815,6.6149,6.6499,6.6903,6.7336,6.7817,6.8339,6.8905,6.9524,7.0183,7.0888,7.1637,7.2429,7.3272,7.4168,7.5094,7.6086,7.7093,7.8132,7.9179,8.0213,8.1232,8.2179,8.3076,8.3948,8.4782,8.5549,8.6246,8.6871,8.7427,8.7929,8.8395,8.8828,8.9237,8.9646
30,30,R/Ohm,0.24313,0.14358,0.068965,-0.0004265,-0.049569,-0.091826,-0.12389,-0.15058,-0.17519,-0.203,-0.22397,-0.24473,-0.26783,-0.29191,-0.31942,-0.34507,-0.37352,-0.40403,-0.43503,-0.46669,-0.49918,-0.53202,-0.56397,-0.59557,-0.6308,-0.66304,-0.6952,-0.72846,-0.75909,-0.78645,-0.81121,-0.83294,-0.84679,-0.85459,-0.85015,-0.84009,-0.81553,-0.77629,-0.72524,-0.66007,-0.58111,-0.50326,-0.41958,-0.33467,6.6495,6.6836,6.7132,6.7451,6.7823,6.8154,6.8514,6.8833,6.9187,6.9517,6.9884,7.0244,7.0629,7.1037,7.1472,7.195,7.2476,7.3042,7.3663,7.4328,7.5049,7.5825,7.6654,7.7518,7.8447,7.9445,8.0478,8.1568,8.2731,8.395,8.5243,8.6582,8.7984,8.9422,9.091,9.2391,9.4013,9.5602,9.7076,9.8466,9.9736,10.081,10.171,10.24
31,31,R/Ohm,-0.15168,-0.12136,-0.10375,-0.067359,-0.063283,-0.13408,-0.1321,-0.13151,-0.1723,-0.1715,-0.16354,-0.19206,-0.19959,-0.21366,-0.2288,-0.24829,-0.25865,-0.28667,-0.30838,-0.32733,-0.35491,-0.37942,-0.40208,-0.42442,-0.45203,-0.47893,-0.50528,-0.52718,-0.54878,-0.5704,-0.58803,-0.60238,-0.60728,-0.61299,-0.59937,-0.59518,-0.58244,-0.55167,-0.51697,-0.49115,-0.44069,-0.39094,-0.34344,-0.29159,6.2944,6.2593,6.2553,6.2249,6.2491,6.2642,6.3183,6.3394,6.3628,6.3861,6.4313,6.4534,6.4938,6.5287,6.5591,6.5932,6.6318,6.6703,6.7169,6.7585,6.8086,6.8637,6.928,6.9837,7.0541,7.1273,7.1985,7.2792,7.3677,7.4632,7.5544,7.6552,7.7564,7.8448,7.9767,8.0775,8.1955,8.269,8.3672,8.4554,8.5433,8.6162,8.6795,8.7342
32,32,R/Ohm,0.38365,0.25641,0.16922,0.0885,0.027762,-0.020344,-0.061168,-0.094839,-0.12293,-0.15211,-0.17678,-0.20063,-0.22445,-0.24952,-0.27619,-0.30219,-0.32869,-0.35603,-0.38389,-0.41138,-0.43864,-0.4651,-0.49197,-0.5178,-0.54312,-0.56623,-0.5874,-0.60652,-0.62012,-0.62924,-0.632,-0.62978,-0.61783,-0.60128,-0.57549,-0.54689,-0.50924,-0.46808,-0.42148,-0.3728,-0.32016,-0.2731,-0.22513,-0.17971,6.2449,6.2675,6.298,6.328,6.358,6.3869,6.4141,6.4427,6.4714,6.4986,6.5278,6.5591,6.5914,6.627,6.6653,6.7076,6.754,6.805,6.8605,6.9201,6.985,7.0542,7.1276,7.2058,7.2888,7.377,7.4696,7.5669,7.6675,7.7733,7.8819,7.9889,8.0973,8.2046,8.3042,8.4014,8.5031,8.5928,8.6775,8.7545,8.8251,8.8877,8.9427,8.9911
33,33,R/Ohm,0.35686,0.24509,0.15509,0.075075,0.016858,-0.031713,-0.06895,-0.1014,-0.12828,-0.15752,-0.1815,-0.20452,-0.22852,-0.25281,-0.27989,-0.30558,-0.33223,-0.35951,-0.38725,-0.41509,-0.44285,-0.46965,-0.49676,-0.52285,-0.54897,-0.57262,-0.59442,-0.61423,-0.62941,-0.63948,-0.64348,-0.64219,-0.63208,-0.61631,-0.59026,-0.56186,-0.52533,-0.47889,-0.43219,-0.38101,-0.32756,-0.27857,-0.2285,-0.18148,6.2878,6.3195,6.3431,6.3674,6.3926,6.4189,6.4454,6.4721,6.497,6.5229,6.5503,6.5793,6.6096,6.6432,6.6792,6.7207,6.765,6.8139,6.8674,6.9255,6.9883,7.0563,7.1284,7.2051,7.2873,7.3729,7.4639,7.5591,7.6595,7.7631,7.8707,7.98,8.0884,8.1959,8.2974,8.3947,8.4903,8.5787,8.6614,8.7357,8.8037,8.863,8.916,8.9635
34,34,R/Ohm,0.38715,0.26193,0.16411,0.072781,0.0072024,-0.045111,-0.087864,-0.12479,-0.15382,-0.18385,-0.21033,-0.23405,-0.26016,-0.28565,-0.31494,-0.34199,-0.37147,-0.40287,-0.4352,-0.4683,-0.49955,-0.53631,-0.56737,-0.59832,-0.63614,-0.66799,-0.70116,-0.73795,-0.76796,-0.79828,-0.82756,-0.85182,-0.86872,-0.87998,-0.88015,-0.87412,-0.85319,-0.81652,-0.76636,-0.69792,-0.6175,-0.53424,-0.44296,-0.35629,6.6419,6.676,6.7104,6.7436,6.7793,6.8142,6.8488,6.8835,6.9195,6.9518,6.9867,7.0238,7.0632,7.1006,7.1468,7.195,7.2482,7.3054,7.3675,7.4359,7.5083,7.5908,7.6679,7.7618,7.8524,7.9525,8.0541,8.1648,8.2833,8.4053,8.5352,8.6729,8.8172,8.9653,9.1183,9.2726,9.4462,9.607,9.7663,9.9188,10.057,10.177,10.278,10.358
35,35,R/Ohm,0.063826,0.010392,-0.031565,-0.069498,-0.099271,-0.1249,-0.14476,-0.16888,-0.19077,-0.21352,-0.2365,-0.26179,-0.28439,-0.30847,-0.33362,-0.35824,-0.38301,-0.40744,-0.43125,-0.45498,-0.47874,-0.50193,-0.52278,-0.54088,-0.55834,-0.56873,-0.57343,-0.57182,-0.56357,-0.54773,-0.52719,-0.49629,-0.46481,-0.42599,-0.38153,-0.33828,-0.29265,-0.24555,-0.20479,-0.16441,-0.12866,-0.096427,-0.073597,-0.052842,6.2602,6.2801,6.3065,6.3246,6.3499,6.3765,6.4076,6.4339,6.4615,6.4907,6.5227,6.5568,6.5959,6.6384,6.6844,6.7342,6.7885,6.847,6.9096,6.9762,7.0475,7.1233,7.2029,7.2871,7.3764,7.4696,7.5655,7.6623,7.7606,7.8559,7.9484,8.0336,8.1137,8.189,8.2605,8.3238,8.3788,8.4299,8.4735,8.5134,8.5472,8.5832,8.6181,8.6594
36,36,R/Ohm,0.35406,0.23809,0.14771,0.070921,0.013984,-0.031585,-0.071225,-0.10395,-0.12925,-0.1599,-0.18258,-0.20542,-0.22841,-0.25228,-0.27884,-0.30333,-0.32949,-0.35649,-0.38371,-0.41099,-0.43771,-0.46372,-0.48993,-0.51538,-0.54011,-0.56337,-0.58329,-0.60203,-0.61462,-0.62282,-0.62566,-0.62096,-0.60841,-0.59075,-0.56335,-0.534,-0.49556,-0.45161,-0.40636,-0.35758,-0.30643,-0.25998,-0.21391,-0.17026,6.3166,6.3388,6.3644,6.3914,6.4174,6.4413,6.4662,6.4913,6.5157,6.5391,6.5648,6.5928,6.6221,6.6539,6.688,6.7272,6.7695,6.8166,6.8684,6.9241,6.9847,7.0498,7.1192,7.1931,7.2724,7.356,7.4437,7.5361,7.6326,7.7327,7.8339,7.9387,8.0414,8.1423,8.2366,8.3261,8.4081,8.4875,8.5609,8.6276,8.6866,8.7372,8.7824,8.8229
37,37,R/Ohm,0.30827,0.1977,0.11276,0.03783,-0.018478,-0.064607,-0.10252,-0.134,-0.15925,-0.18814,-0.21113,-0.23373,-0.25719,-0.2819,-0.3099,-0.33617,-0.36441,-0.39494,-0.42268,-0.45393,-0.48577,-0.51567,-0.54808,-0.57916,-0.61005,-0.64058,-0.67024,-0.70285,-0.72819,-0.74974,-0.76911,-0.78269,-0.78867,-0.78769,-0.77609,-0.75837,-0.72187,-0.67944,-0.62721,-0.56341,-0.4937,-0.42328,-0.35196,-0.2863,6.548,6.5777,6.6067,6.638,6.6708,6.7015,6.7333,6.7642,6.7969,6.8272,6.8598,6.8948,6.9304,6.9691,7.0101,7.0566,7.1067,7.1615,7.2219,7.2861,7.3555,7.4306,7.5102,7.5949,7.6852,7.7803,7.8805,7.9869,8.099,8.2165,8.3404,8.4678,8.6008,8.7379,8.8706,9.0041,9.1461,9.279,9.4074,9.5281,9.6383,9.7367,9.8214,9.8955
38,38,R/Ohm,0.35862,0.24886,0.15113,0.077799,0.01832,-0.029333,-0.06704,-0.10074,-0.12787,-0.15713,-0.18015,-0.20342,-0.22738,-0.25188,-0.2785,-0.30423,-0.33066,-0.35791,-0.38589,-0.41346,-0.4408,-0.46777,-0.49435,-0.52011,-0.54553,-0.57041,-0.59173,-0.61108,-0.62572,-0.63578,-0.63984,-0.63769,-0.62735,-0.61248,-0.58585,-0.55832,-0.52159,-0.47871,-0.43274,-0.38301,-0.32944,-0.28164,-0.23195,-0.18515,6.2451,6.2682,6.3062,6.3306,6.3629,6.3887,6.4192,6.4475,6.4761,6.505,6.5347,6.5666,6.6001,6.6362,6.6747,6.7179,6.7653,6.8164,6.8721,6.9323,6.9974,7.0673,7.1411,7.22,7.3035,7.3909,7.4847,7.5821,7.6846,7.7901,7.8984,8.0092,8.1188,8.2271,8.3284,8.4272,8.5314,8.6232,8.7094,8.7878,8.8601,8.9238,8.9808,9.0301
39,39,R/Ohm,0.34723,0.23248,0.15178,0.075151,0.021463,-0.022928,-0.059048,-0.090376,-0.11809,-0.14934,-0.1708,-0.1915,-0.21231,-0.23395,-0.2567,-0.27671,-0.29839,-0.3204,-0.34207,-0.36336,-0.38412,-0.40388,-0.42349,-0.44217,-0.45988,-0.47451,-0.48627,-0.49485,-0.49545,-0.4907,-0.4794,-0.46012,-0.43439,-0.4046,-0.37029,-0.33562,-0.29587,-0.25556,-0.21815,-0.18005,-0.14488,-0.11653,-0.090664,-0.068458,6.0572,6.0808,6.1074,6.1274,6.1529,6.1738,6.1992,6.2217,6.2468,6.2703,6.2973,6.3254,6.3559,6.3884,6.4232,6.4629,6.5055,6.5513,6.6007,6.6534,6.7103,6.7707,6.8346,6.9025,6.974,7.0504,7.1298,7.2126,7.2976,7.3842,7.4685,7.5508,7.6297,7.7035,7.7686,7.8258,7.883,7.9301,7.9708,8.0052,8.0334,8.0582,8.0818,8.1053
40,40,R/Ohm,0.29189,0.18467,0.09977,0.028234,-0.026715,-0.070799,-0.10714,-0.13871,-0.16404,-0.19158,-0.21399,-0.23634,-0.26002,-0.285,-0.3129,-0.34,-0.36837,-0.39856,-0.42634,-0.45843,-0.49061,-0.52082,-0.55373,-0.58669,-0.61842,-0.65149,-0.68358,-0.71884,-0.74951,-0.77802,-0.80357,-0.82569,-0.84134,-0.8519,-0.84923,-0.84138,-0.81092,-0.77237,-0.72162,-0.65285,-0.57358,-0.49083,-0.40657,-0.32799,6.6356,6.6668,6.6956,6.7227,6.7519,6.7814,6.8096,6.8376,6.8672,6.8944,6.9231,6.9542,6.9861,7.021,7.059,7.1015,7.1479,7.1987,7.2557,7.3164,7.3819,7.4548,7.5301,7.6112,7.6987,7.7902,7.887,7.9886,8.0973,8.2138,8.3337,8.4644,8.5976,8.7375,8.8798,9.0247,9.1667,9.3132,9.456,9.5894,9.7111,9.817,9.9056,9.9779
41,41,R/Ohm,0.1824,0.10955,0.045014,-0.0069428,-0.045122,-0.083297,-0.11411,-0.13624,-0.1526,-0.16427,-0.18502,-0.20545,-0.22691,-0.24927,-0.27405,-0.29819,-0.32267,-0.34807,-0.37448,-0.40051,-0.42619,-0.45182,-0.47732,-0.50134,-0.52678,-0.54912,-0.56899,-0.58742,-0.60117,-0.60937,-0.60967,-0.60722,-0.59416,-0.57592,-0.54802,-0.51899,-0.48321,-0.43956,-0.39431,-0.34687,-0.29501,-0.25123,-0.20475,-0.16072,6.2436,6.2602,6.2659,6.3091,6.3326,6.3618,6.3872,6.4186,6.4489,6.4834,6.5129,6.5441,6.5778,6.6133,6.6511,6.6939,6.7402,6.7908,6.8447,6.9034,6.9663,7.0342,7.1058,7.1817,7.2626,7.3484,7.4378,7.5331,7.6317,7.7347,7.8423,7.9468,8.0513,8.1531,8.2515,8.3429,8.4404,8.5246,8.6045,8.6773,8.7415,8.7977,8.8461,8.8867
42,42,R/Ohm,0.1028,0.038313,-0.015189,-0.058535,-0.095369,-0.12615,-0.15906,-0.1845,-0.20924,-0.23427,-0.25995,-0.28889,-0.31478,-0.34313,-0.37228,-0.40066,-0.4306,-0.46094,-0.49071,-0.51939,-0.54801,-0.57844,-0.60731,-0.6341,-0.6605,-0.68251,-0.7009,-0.71489,-0.72203,-0.72117,-0.71327,-0.69374,-0.66916,-0.63223,-0.58494,-0.53247,-0.47333,-0.40894,-0.34832,-0.28664,-0.22891,-0.17668,-0.13397,-0.097318,6.4685,6.5014,6.5326,6.563,6.5924,6.6229,6.652,6.6838,6.7172,6.7519,6.7894,6.8299,6.8748,6.9239,6.9772,7.0349,7.0979,7.1656,7.2383,7.315,7.397,7.4841,7.576,7.6729,7.7756,7.8848,7.9982,8.1158,8.2396,8.364,8.4898,8.6148,8.7341,8.8595,8.9795,9.0883,9.1874,9.2761,9.3525,9.4179,9.4696,9.5121,9.5388,9.5469
43,43,R/Ohm,0.37424,0.26126,0.16991,0.087464,0.031295,-0.015994,-0.05513,-0.085965,-0.1124,-0.14737,-0.16927,-0.19143,-0.21276,-0.23467,-0.25826,-0.27983,-0.30254,-0.32572,-0.34766,-0.37082,-0.39352,-0.41459,-0.43615,-0.45712,-0.47729,-0.49468,-0.50913,-0.52334,-0.52868,-0.52767,-0.52238,-0.50795,-0.48765,-0.46199,-0.43098,-0.3979,-0.35583,-0.31481,-0.27407,-0.2313,-0.18964,-0.15438,-0.121,-0.094759,6.1033,6.1413,6.159,6.1791,6.2018,6.2229,6.2461,6.2689,6.2907,6.3137,6.3382,6.3643,6.3924,6.4236,6.456,6.4938,6.534,6.5782,6.6262,6.6773,6.7332,6.7925,6.8551,6.9219,6.9923,7.068,7.1472,7.2306,7.3171,7.4062,7.4948,7.5832,7.6681,7.7478,7.821,7.8872,7.9477,8.0027,8.0516,8.0933,8.1299,8.159,8.1844,8.207
44,44,R/Ohm,0.14805,0.079644,0.030682,-0.016096,-0.053433,-0.090074,-0.12531,-0.15176,-0.1798,-0.2074,-0.23486,-0.26251,-0.28883,-0.31688,-0.3473,-0.37169,-0.39825,-0.42415,-0.44628,-0.47489,-0.50235,-0.52164,-0.54346,-0.56414,-0.5854,-0.60116,-0.61338,-0.62051,-0.62212,-0.6174,-0.60658,-0.58679,-0.56011,-0.52875,-0.48783,-0.44004,-0.38644,-0.33379,-0.28482,-0.23374,-0.19181,-0.15068,-0.1139,-0.083702,5.559,5.5829,5.5985,5.6203,5.6436,5.6672,5.6974,5.7231,5.7515,5.7812,5.8147,5.8495,5.8913,5.9357,5.9784,6.0283,6.0803,6.1375,6.1991,6.2598,6.3281,6.3968,6.471,6.5488,6.6305,6.7164,6.8059,6.8988,6.9945,7.0918,7.1877,7.2815,7.3721,7.4493,7.5301,7.6077,7.6819,7.7503,7.8125,7.8708,7.9251,7.9817,8.0327,8.0861
45,45,R/Ohm,0.42803,0.27449,0.15165,0.066311,0.0019119,-0.052503,-0.093465,-0.13433,-0.16503,-0.19309,-0.22199,-0.25129,-0.27898,-0.30864,-0.33791,-0.36694,-0.39482,-0.4209,-0.44624,-0.47105,-0.49071,-0.50794,-0.51608,-0.51427,-0.50373,-0.4818,-0.44919,-0.41046,-0.37262,-0.31993,-0.26876,-0.22119,-0.17244,-0.13507,-0.1001,-0.07115,-0.050115,-0.037022,-0.023607,-0.013569,-0.0089682,-0.0048632,-0.0049343,-0.00010882,6.1552,6.1886,6.2159,6.2448,6.2707,6.3003,6.33,6.3585,6.3891,6.4234,6.4605,6.5018,6.5484,6.6009,6.6586,6.7215,6.7915,6.8674,6.9489,7.0371,7.1305,7.2306,7.3368,7.4436,7.5507,7.6551,7.7528,7.8395,7.9134,7.9717,8.0286,8.0727,8.1079,8.1338,8.1556,8.1748,8.1959,8.2272,8.272,8.3388,8.3894,8.3096,8.1684,8.3677
46,46,R/Ohm,0.067362,0.0072712,-0.041863,-0.075883,-0.11059,-0.13836,-0.16615,-0.19043,-0.21293,-0.23759,-0.26254,-0.2905,-0.31695,-0.34435,-0.37282,-0.40265,-0.43199,-0.46063,-0.48959,-0.51827,-0.54638,-0.5753,-0.60157,-0.6269,-0.65061,-0.6709,-0.6874,-0.69953,-0.70472,-0.70342,-0.69469,-0.67544,-0.65145,-0.61505,-0.56962,-0.51822,-0.46213,-0.39917,-0.34199,-0.28331,-0.22618,-0.17521,-0.13494,-0.10032,6.4636,6.4913,6.5163,6.5424,6.567,6.5933,6.6177,6.6437,6.6718,6.7004,6.7328,6.767,6.8065,6.8504,6.8978,6.9494,7.0064,7.0683,7.1352,7.2062,7.2823,7.3624,7.4478,7.5387,7.6341,7.7346,7.8411,7.9508,8.0646,8.181,8.2961,8.4106,8.5197,8.6184,8.7188,8.8108,8.8952,8.9699,9.0334,9.0889,9.135,9.1782,9.2155,9.2548
47,47,R/Ohm,0.092331,0.025733,-0.029451,-0.070289,-0.10785,-0.13782,-0.17195,-0.19773,-0.22251,-0.24669,-0.27259,-0.30159,-0.32694,-0.35625,-0.38751,-0.41842,-0.44993,-0.48129,-0.51213,-0.54359,-0.57609,-0.60594,-0.63673,-0.66635,-0.69802,-0.72341,-0.74582,-0.76509,-0.77897,-0.7833,-0.78142,-0.76915,-0.74886,-0.70977,-0.66384,-0.60924,-0.54418,-0.47229,-0.40277,-0.33172,-0.26606,-0.20455,-0.15591,-0.1148,6.6958,6.7248,6.7621,6.7933,6.8289,6.8564,6.8881,6.9191,6.9541,6.9897,7.0274,7.0675,7.1127,7.1617,7.2144,7.2729,7.3353,7.4024,7.4764,7.5519,7.6342,7.7214,7.814,7.9099,8.0124,8.1209,8.2343,8.3533,8.4783,8.6056,8.7357,8.864,8.9908,9.1015,9.2156,9.3219,9.4162,9.4954,9.5571,9.6031,9.6307,9.6461,9.6454,9.6397
48,48,R/Ohm,0.080252,0.020415,-0.03211,-0.072372,-0.10621,-0.13492,-0.1636,-0.18821,-0.21244,-0.23726,-0.26291,-0.29123,-0.31852,-0.34638,-0.37519,-0.40585,-0.43523,-0.46436,-0.49386,-0.52308,-0.55149,-0.58119,-0.60822,-0.63306,-0.65764,-0.67799,-0.69526,-0.70695,-0.71327,-0.71155,-0.70359,-0.68335,-0.65899,-0.62438,-0.57693,-0.52693,-0.46974,-0.40771,-0.3505,-0.29075,-0.23295,-0.18188,-0.14045,-0.10378,6.5092,6.5367,6.5616,6.5878,6.6148,6.6409,6.6679,6.6949,6.7232,6.7547,6.7881,6.824,6.865,6.91,6.9595,7.0135,7.0725,7.1367,7.2054,7.2785,7.3567,7.4396,7.5278,7.6221,7.7211,7.8251,7.934,8.0473,8.1649,8.2832,8.4045,8.5193,8.6333,8.7418,8.8472,8.948,9.0385,9.1199,9.1934,9.2597,9.3167,9.3733,9.4275,9.4769
49,49,R/Ohm,0.37176,0.25503,0.1677,0.09573,0.034781,-0.008296,-0.052038,-0.081145,-0.10849,-0.14016,-0.16427,-0.18802,-0.20828,-0.23052,-0.25237,-0.27374,-0.29542,-0.31726,-0.3389,-0.36047,-0.38125,-0.40222,-0.42367,-0.44285,-0.46456,-0.48167,-0.49588,-0.50796,-0.51213,-0.50992,-0.49915,-0.48071,-0.4546,-0.42079,-0.3808,-0.33942,-0.30003,-0.25329,-0.21083,-0.17287,-0.13636,-0.11031,-0.083941,-0.061336,5.9638,5.9827,5.9905,6.0154,6.0386,6.0615,6.0856,6.1097,6.1344,6.1578,6.1854,6.2184,6.2484,6.2854,6.3197,6.3602,6.4033,6.4484,6.4992,6.5515,6.6069,6.6658,6.7324,6.7992,6.8816,6.9589,7.0397,7.1266,7.2142,7.306,7.3977,7.4878,7.5726,7.6505,7.722,7.7807,7.8459,7.8928,7.9337,7.9714,7.9985,8.0218,8.0449,8.066
50,50,R/Ohm,0.017421,-0.039963,-0.075941,-0.11379,-0.13562,-0.16505,-0.19402,-0.20775,-0.23237,-0.25775,-0.28182,-0.3116,-0.3353,-0.36812,-0.39287,-0.42823,-0.45784,-0.48916,-0.51751,-0.55141,-0.58286,-0.61628,-0.64632,-0.67747,-0.70884,-0.73685,-0.76248,-0.78628,-0.80367,-0.81473,-0.81916,-0.81101,-0.79791,-0.76689,-0.72319,-0.66932,-0.60451,-0.52845,-0.45398,-0.37671,-0.30201,-0.23391,-0.17945,-0.13141,6.7357,6.7656,6.7973,6.8304,6.8579,6.8838,6.912,6.9447,6.9733,7.0037,7.0374,7.0764,7.119,7.1669,7.2175,7.27,7.3293,7.3937,7.4665,7.5392,7.615,7.7003,7.7898,7.8834,7.9844,8.0898,8.2028,8.3197,8.4442,8.5734,8.7062,8.8407,8.9736,9.0883,9.2141,9.3351,9.446,9.5439,9.6262,9.6931,9.7458,9.7897,9.824,9.854
51,51,R/Ohm,0.018931,-0.03234,-0.067618,-0.079076,-0.11068,-0.13892,-0.16513,-0.18871,-0.21055,-0.2351,-0.2599,-0.28701,-0.313,-0.33987,-0.36788,-0.39688,-0.42505,-0.45315,-0.48188,-0.50832,-0.53489,-0.56204,-0.58637,-0.608,-0.62846,-0.64336,-0.65382,-0.65914,-0.65761,-0.64922,-0.63267,-0.6104,-0.58185,-0.54427,-0.50359,-0.45587,-0.40531,-0.34902,-0.29969,-0.24787,-0.19743,-0.15275,-0.11653,-0.086213,6.3842,6.4129,6.4419,6.4863,6.5184,6.5458,6.5765,6.6083,6.6414,6.6767,6.7139,6.7536,6.7995,6.8476,6.9014,6.9587,7.0217,7.089,7.1612,7.2369,7.3186,7.4036,7.4948,7.589,7.6893,7.7941,7.9027,8.0129,8.1263,8.2394,8.3501,8.4597,8.5599,8.6636,8.7613,8.8514,8.9286,8.9983,9.0583,9.1069,9.144,9.169,9.1758,9.162
52,52,R/Ohm,0.36271,0.24355,0.15233,0.077393,0.014614,-0.02829,-0.07028,-0.10401,-0.13035,-0.15837,-0.1817,-0.20594,-0.22982,-0.25448,-0.28094,-0.30788,-0.3345,-0.36214,-0.38992,-0.41781,-0.44572,-0.47377,-0.49942,-0.52526,-0.55267,-0.57524,-0.59667,-0.61645,-0.63014,-0.64003,-0.64192,-0.63921,-0.62934,-0.61267,-0.58526,-0.55485,-0.51548,-0.46829,-0.42068,-0.36963,-0.31589,-0.2673,-0.21938,-0.17228,6.3465,6.3694,6.4058,6.432,6.4644,6.4927,6.5242,6.5493,6.5801,6.6083,6.6377,6.6675,6.6995,6.7349,6.7715,6.8136,6.8585,6.9083,6.9624,7.0202,7.0835,7.1502,7.2224,7.2979,7.3792,7.4633,7.553,7.6477,7.7464,7.849,7.954,8.0595,8.1654,8.269,8.3653,8.4559,8.526,8.6004,8.6652,8.7189,8.7645,8.7972,8.8227,8.8374
53,53,R/Ohm,0.11596,0.068293,0.025605,-0.011494,-0.04286,-0.0721,-0.098577,-0.12064,-0.14228,-0.16585,-0.18473,-0.20391,-0.22406,-0.24513,-0.26706,-0.289,-0.31249,-0.33676,-0.36057,-0.38567,-0.4106,-0.43453,-0.459,-0.48262,-0.50578,-0.52698,-0.54651,-0.56665,-0.57871,-0.5855,-0.5869,-0.57748,-0.56166,-0.54086,-0.51082,-0.47576,-0.44016,-0.3963,-0.34866,-0.29847,-0.25075,-0.21004,-0.1678,-0.13792,6.3764,6.3827,6.391,6.3968,6.4046,6.4155,6.4268,6.4416,6.4574,6.4743,6.4939,6.5154,6.5397,6.5682,6.5999,6.6354,6.6748,6.7184,6.7662,6.8188,6.877,6.939,7.0055,7.077,7.1534,7.2346,7.3216,7.4128,7.509,7.6085,7.7114,7.816,7.9209,8.0206,8.1143,8.203,8.2984,8.3883,8.4711,8.5485,8.6195,8.6799,8.7292,8.7642
54,54,R/Ohm,0.048813,-0.0040955,-0.051905,-0.086503,-0.1174,-0.1423,-0.16977,-0.19275,-0.21532,-0.23897,-0.26337,-0.29111,-0.31698,-0.34478,-0.37276,-0.40169,-0.43086,-0.45959,-0.48847,-0.517,-0.545,-0.57334,-0.59969,-0.62427,-0.64818,-0.6678,-0.68259,-0.69307,-0.69753,-0.6937,-0.68395,-0.66139,-0.63622,-0.59988,-0.55305,-0.50279,-0.44659,-0.38617,-0.33105,-0.27351,-0.21865,-0.16994,-0.13014,-0.096425,6.4712,6.4989,6.5272,6.5541,6.5802,6.6079,6.6351,6.6633,6.6937,6.7255,6.7603,6.7973,6.8393,6.8854,6.9357,6.9904,7.0497,7.1145,7.1844,7.2588,7.3381,7.4217,7.5106,7.6048,7.7038,7.8091,7.9184,8.0311,8.1476,8.2656,8.3828,8.498,8.6094,8.7187,8.8241,8.9216,9.0106,9.0911,9.1623,9.2271,9.2855,9.3403,9.3908,9.4414
55,55,R/Ohm,0.40476,0.286,0.19852,0.11253,0.052837,0.0017069,-0.0386,-0.07308,-0.10416,-0.13528,-0.16183,-0.18747,-0.21238,-0.23813,-0.26569,-0.29042,-0.31691,-0.34375,-0.37038,-0.3969,-0.4229,-0.44809,-0.47417,-0.49898,-0.52506,-0.5504,-0.57458,-0.60063,-0.62145,-0.64181,-0.65861,-0.67126,-0.67734,-0.67761,-0.66805,-0.6535,-0.62896,-0.58649,-0.54037,-0.48257,-0.41848,-0.35454,-0.29041,-0.22986,5.331,5.3571,5.3789,5.407,5.4322,5.4559,5.4801,5.5046,5.5289,5.556,5.5834,5.6126,5.644,5.6787,5.7165,5.7604,5.8061,5.8559,5.91,5.9676,6.0294,6.0956,6.1657,6.2397,6.3174,6.3994,6.486,6.5766,6.6726,6.7729,6.877,6.9895,7.1032,7.2206,7.3391,7.4563,7.5803,7.6997,7.8133,7.9174,8.0112,8.0874,8.1534,8.2069
56,56,R/Ohm,0.010682,-0.030262,-0.073133,-0.095575,-0.11962,-0.15179,-0.16119,-0.18427,-0.20577,-0.22931,-0.25288,-0.27872,-0.30367,-0.33025,-0.35624,-0.38352,-0.41026,-0.43688,-0.46328,-0.4887,-0.51372,-0.53933,-0.56146,-0.58083,-0.59848,-0.61128,-0.61835,-0.62179,-0.61482,-0.60224,-0.58629,-0.55866,-0.52839,-0.49158,-0.45083,-0.40502,-0.35719,-0.30576,-0.26057,-0.21438,-0.16852,-0.12913,-0.097505,-0.07188,6.3472,6.3723,6.4037,6.4361,6.4691,6.4954,6.5342,6.5657,6.5975,6.6325,6.6695,6.7087,6.7531,6.8012,6.8529,6.9085,6.9691,7.0343,7.1031,7.1768,7.2555,7.3377,7.4251,7.5172,7.6131,7.7138,7.817,7.9226,8.0298,8.1347,8.2378,8.3344,8.4266,8.5189,8.6041,8.6821,8.7507,8.8111,8.8594,8.8985,8.9271,8.9458,8.9484,8.9341
57,57,R/Ohm,0.01618,-0.039021,-0.075847,-0.11102,-0.13656,-0.16334,-0.1894,-0.21286,-0.23728,-0.25521,-0.28102,-0.30607,-0.33282,-0.36688,-0.38848,-0.42493,-0.45487,-0.48663,-0.52084,-0.54798,-0.58343,-0.6122,-0.64167,-0.66911,-0.69914,-0.72262,-0.74644,-0.76487,-0.77759,-0.78225,-0.78136,-0.76804,-0.74637,-0.71,-0.66294,-0.60999,-0.54497,-0.47358,-0.40504,-0.3351,-0.26642,-0.20524,-0.15636,-0.11382,6.6742,6.7115,6.7422,6.7857,6.8067,6.8487,6.8793,6.9129,6.952,6.9856,7.0232,7.063,7.1136,7.1644,7.2183,7.2786,7.3429,7.4119,7.4886,7.5664,7.6486,7.7413,7.8317,7.9361,8.0387,8.1504,8.2662,8.3887,8.5164,8.6444,8.7781,8.9087,9.0371,9.1545,9.2803,9.3935,9.4922,9.5783,9.6446,9.6952,9.7276,9.7441,9.7424,9.7242
58,58,R/Ohm,0.32183,0.22173,0.13764,0.05775,0.009067,-0.038057,-0.070029,-0.098824,-0.12534,-0.14593,-0.16828,-0.19088,-0.21193,-0.23453,-0.2594,-0.27941,-0.30309,-0.32726,-0.35137,-0.37485,-0.3981,-0.41969,-0.4416,-0.46311,-0.48413,-0.50173,-0.51672,-0.53065,-0.53631,-0.5368,-0.53302,-0.51917,-0.50012,-0.47621,-0.44446,-0.41288,-0.37555,-0.3332,-0.29167,-0.25025,-0.2072,-0.17138,-0.13653,-0.10425,6.1067,6.1252,6.1548,6.1651,6.1935,6.2166,6.2519,6.2683,6.2963,6.3347,6.3629,6.3928,6.4244,6.4582,6.4943,6.5349,6.5785,6.6258,6.6766,6.7317,6.7909,6.8542,6.921,6.9921,7.0669,7.1462,7.2301,7.317,7.4068,7.5001,7.5925,7.6838,7.7725,7.8566,7.935,8.0069,8.0745,8.1372,8.1934,8.2437,8.2885,8.3281,8.3629,8.3959
59,59,R/Ohm,0.0033685,-0.044397,-0.083243,-0.11566,-0.14239,-0.16522,-0.19125,-0.21242,-0.23311,-0.25533,-0.27934,-0.30622,-0.33185,-0.35952,-0.38838,-0.41929,-0.44913,-0.47946,-0.50968,-0.5406,-0.57114,-0.60256,-0.63259,-0.66132,-0.68994,-0.71434,-0.73681,-0.75636,-0.76892,-0.77535,-0.77389,-0.76032,-0.74193,-0.71137,-0.66627,-0.61303,-0.55003,-0.47807,-0.41097,-0.34213,-0.27297,-0.21208,-0.1625,-0.11964,6.5586,6.591,6.6235,6.6529,6.6826,6.7141,6.7437,6.7759,6.8089,6.8444,6.8826,6.9221,6.9684,7.0178,7.0712,7.1299,7.1935,7.2623,7.3362,7.4145,7.4981,7.5865,7.6804,7.7794,7.884,7.9943,8.1117,8.2333,8.3598,8.4908,8.6243,8.7583,8.8899,9.029,9.1621,9.2898,9.4053,9.5109,9.6031,9.6837,9.7533,9.8148,9.8678,9.9081
60,60,R/Ohm,0.073162,0.015218,-0.034616,-0.074541,-0.10741,-0.13483,-0.16336,-0.18795,-0.211,-0.23595,-0.26086,-0.28852,-0.315,-0.34242,-0.37061,-0.39984,-0.42915,-0.45779,-0.48646,-0.5151,-0.54274,-0.57158,-0.59743,-0.62256,-0.6472,-0.6656,-0.68208,-0.69248,-0.69626,-0.69381,-0.68284,-0.66295,-0.63802,-0.60269,-0.55689,-0.50748,-0.45253,-0.39192,-0.33549,-0.27778,-0.22277,-0.17324,-0.13373,-0.099176,6.4211,6.4502,6.4765,6.5031,6.5312,6.5584,6.5859,6.6144,6.6448,6.6768,6.7116,6.749,6.7913,6.8376,6.8881,6.9432,7.0034,7.0683,7.1382,7.2128,7.2912,7.3751,7.4641,7.558,7.6565,7.7614,7.8712,7.9836,8.1009,8.2191,8.3376,8.4524,8.5636,8.6771,8.7829,8.8826,8.9736,9.0569,9.1294,9.1941,9.2501,9.304,9.3526,9.4023
61,61,R/Ohm,0.07706,0.16169,0.25212,0.36409,0.25833,0.15746,0.08185,0.022787,-0.022686,-0.061278,-0.088871,-0.11818,-0.14048,-0.16417,-0.18685,-0.20834,-0.2313,-0.2557,-0.2756,-0.29859,-0.32189,-0.34593,-0.36811,-0.38965,-0.41014,-0.43032,-0.44949,-0.46783,-0.4824,-0.49462,-0.50463,-0.50665,-0.50161,-0.49194,-0.47479,-0.45228,-0.42208,-0.38989,-0.35552,-0.31928,-0.27657,-0.238,-0.20008,-0.16152,6.2238,6.2018,6.1801,6.1611,6.1705,6.1895,6.2038,6.2253,6.2508,6.2703,6.2948,6.3149,6.3467,6.3707,6.3964,6.4243,6.4544,6.4865,6.5235,6.5633,6.6063,6.6529,6.7032,6.7584,6.8166,6.8785,6.9446,7.0148,7.088,7.1659,7.2474,7.3313,7.4152,7.4986,7.5814,7.6578,7.7305,7.796,7.852,7.8992,7.9467,7.9862,8.0183,8.0455
62,62,R/Ohm,0.23343,0.13496,0.06049,-0.009506,-0.054704,-0.098071,-0.13027,-0.15827,-0.18153,-0.20846,-0.22951,-0.24889,-0.27155,-0.29632,-0.32343,-0.34908,-0.37857,-0.40888,-0.43924,-0.47181,-0.50434,-0.53525,-0.56975,-0.60403,-0.63832,-0.67046,-0.70421,-0.73825,-0.77073,-0.79954,-0.8282,-0.85293,-0.87037,-0.88057,-0.88121,-0.87357,-0.84773,-0.8074,-0.75386,-0.68372,-0.60061,-0.51648,-0.42668,-0.33857,6.7661,6.8028,6.8326,6.8686,6.9029,6.9352,6.9677,6.9968,7.0321,7.0638,7.0968,7.1299,7.165,7.202,7.2411,7.2856,7.3343,7.3866,7.4449,7.5068,7.5746,7.6489,7.7251,7.8092,7.8947,7.9875,8.0857,8.1899,8.2999,8.4158,8.5378,8.6677,8.8033,8.9442,9.0889,9.2333,9.3631,9.5054,9.6443,9.7681,9.8776,9.9688,10.043,10.098
63,63,R/Ohm,0.076687,0.011281,-0.033847,-0.066666,-0.10403,-0.12717,-0.1459,-0.17029,-0.1947,-0.2194,-0.24409,-0.27157,-0.29673,-0.323,-0.34996,-0.3778,-0.40465,-0.4311,-0.4573,-0.4835,-0.50847,-0.53411,-0.5571,-0.57779,-0.5961,-0.60965,-0.61921,-0.62287,-0.61839,-0.60771,-0.59163,-0.56443,-0.53576,-0.50132,-0.45697,-0.41177,-0.36336,-0.31185,-0.26596,-0.21946,-0.17316,-0.13294,-0.10214,-0.07562,6.2782,6.313,6.3393,6.3686,6.3894,6.4246,6.4579,6.4866,6.5166,6.5489,6.5835,6.6203,6.6622,6.7076,6.7574,6.8108,6.8689,6.9322,6.9991,7.0709,7.1471,7.2277,7.3129,7.4032,7.498,7.5975,7.701,7.8065,7.9138,8.021,8.1245,8.2235,8.3174,8.4154,8.5034,8.5854,8.6592,8.7271,8.7873,8.8405,8.8871,8.9328,8.974,9.0124
64,64,R/Ohm,0.27645,0.16957,0.087604,0.015546,-0.035603,-0.07995,-0.1158,-0.14482,-0.17095,-0.19836,-0.22063,-0.24304,-0.26439,-0.29322,-0.31728,-0.34616,-0.37435,-0.40566,-0.43696,-0.46881,-0.50185,-0.53639,-0.56688,-0.60113,-0.63612,-0.66683,-0.70002,-0.73405,-0.76415,-0.7934,-0.8167,-0.84191,-0.85712,-0.86388,-0.86295,-0.85457,-0.83434,-0.79307,-0.74162,-0.67673,-0.59816,-0.51816,-0.43177,-0.34743,6.6822,6.7134,6.7485,6.7776,6.8172,6.8493,6.8837,6.9192,6.9521,6.9866,7.0219,7.0587,7.098,7.1384,7.1808,7.2305,7.282,7.3389,7.401,7.4686,7.5415,7.6223,7.7015,7.7849,7.8813,7.9811,8.0864,8.1995,8.3169,8.4384,8.5684,8.7011,8.8464,8.9919,9.1413,9.2932,9.4626,9.6137,9.7701,9.9164,10.052,10.171,10.271,10.347
65,65,R/Ohm,0.34372,0.22846,0.15349,0.069229,0.01497,-0.028966,-0.065703,-0.095628,-0.12174,-0.15392,-0.17518,-0.19586,-0.21698,-0.23864,-0.26243,-0.2827,-0.30595,-0.32928,-0.35135,-0.37496,-0.39749,-0.41881,-0.4409,-0.46252,-0.48212,-0.50072,-0.51575,-0.52977,-0.53616,-0.53674,-0.53093,-0.5177,-0.49838,-0.47282,-0.44227,-0.40983,-0.36829,-0.32572,-0.28441,-0.2408,-0.19848,-0.16168,-0.12807,-0.099732,6.1576,6.1801,6.1992,6.2199,6.245,6.265,6.2871,6.3105,6.3332,6.3549,6.3795,6.4055,6.4339,6.4643,6.4969,6.5341,6.5742,6.618,6.6662,6.7174,6.7728,6.8324,6.8954,6.9624,7.0339,7.1091,7.1892,7.2725,7.3594,7.4489,7.5379,7.6275,7.713,7.7953,7.8681,7.9363,7.9939,8.0492,8.0982,8.1386,8.1735,8.2043,8.2294,8.2517