,Unnamed: 0,Unnamed: 0.1,0,1,2,3,4,5,6,7,8,9,10,11,12,13,14,15,16,17,18,19,20,21,22,23,24,25,26,27,28,29,30,31,32,33,34,35,36,37,38,39,40,41,42,43,44,45,46,47,48,49,50,51,52,0.1,1.1,2.1,3.1,4.1,5.1,6.1,7.1,8.1,9.1,10.1,11.1,12.1,13.1,14.1,15.1,16.1,17.1,18.1,19.1,20.1,21.1,22.1,23.1,24.1,25.1,26.1,27.1,28.1,29.1,30.1,31.1,32.1,33.1,34.1,35.1,36.1,37.1,38.1,39.1,40.1,41.1,42.1,43.1,44.1,45.1,46.1,47.1,48.1,49.1,50.1,51.1,52.1
0,0,R/Ohm,0.3252,0.1547,0.073283,-0.04732,-0.12048,-0.17804,-0.25759,-0.33586,-0.3789,-0.42898,-0.48574,-0.53736,-0.59255,-0.637,-0.68633,-0.74305,-0.79412,-0.84759,-0.90177,-0.9515,-0.99481,-1.0367,-1.0873,-1.1349,-1.1823,-1.22,-1.2578,-1.2917,-1.3263,-1.3676,-1.3993,-1.4371,-1.4714,-1.5023,-1.5273,-1.5531,-1.5651,-1.5685,-1.5622,-1.541,-1.4961,-1.4266,-1.3217,-1.1759,-0.99496,-0.79479,-0.59669,-0.41689,-0.27728,-0.18295,-0.11531,-0.058322,-0.047399,5.0805,5.1112,5.1238,5.1606,5.189,5.2492,5.2776,5.3385,5.3915,5.4456,5.5185,5.5935,5.6783,5.7559,5.8496,5.9606,6.064,6.1882,6.3078,6.4399,6.5832,6.7293,6.8933,7.0426,7.2215,7.3918,7.5706,7.7548,7.9425,8.1348,8.3375,8.5396,8.754,8.9702,9.195,9.4226,9.6419,9.8857,10.149,10.431,10.72,11.015,11.316,11.596,11.84,12.024,12.169,12.298,12.435,12.595,12.8,12.578,12.506
1,1,R/Ohm,0.34636,0.21162,0.099908,0.0017617,-0.082829,-0.15802,-0.22611,-0.28887,-0.34642,-0.40467,-0.45784,-0.50843,-0.55908,-0.61029,-0.66235,-0.71181,-0.76413,-0.81537,-0.8661,-0.93088,-0.98342,-1.0182,-1.0736,-1.1233,-1.1634,-1.1977,-1.2383,-1.2775,-1.3132,-1.3498,-1.3856,-1.4224,-1.4506,-1.4813,-1.51,-1.5359,-1.5532,-1.553,-1.5525,-1.5319,-1.4906,-1.4302,-1.332,-1.1929,-1.0144,-0.81646,-0.6129,-0.42555,-0.27801,-0.179,-0.11399,-0.060809,-0.045607,4.8127,4.8382,4.8682,4.9062,4.9425,4.9855,5.0347,5.0873,5.1481,5.216,5.286,5.3634,5.4441,5.5321,5.6272,5.7318,5.8405,5.9636,6.0881,6.3379,6.4804,6.6329,6.7836,6.9547,7.112,7.2822,7.4633,7.6509,7.8421,8.033,8.2321,8.4369,8.6533,8.8707,9.0957,9.3233,9.5528,9.8051,10.072,10.352,10.645,10.944,11.249,11.529,11.767,11.953,12.087,12.169,12.204,12.275,12.521,12.527,12.449
2,2,R/Ohm,0.3246,0.17346,0.029198,-0.049483,-0.09552,-0.17616,-0.25366,-0.30337,-0.38436,-0.43878,-0.47577,-0.52369,-0.57248,-0.61905,-0.67571,-0.70946,-0.77669,-0.83006,-0.88204,-0.93753,-0.98462,-1.0568,-1.0781,-1.1146,-1.1586,-1.2159,-1.2525,-1.308,-1.3487,-1.3856,-1.4284,-1.4689,-1.5109,-1.5696,-1.5993,-1.6492,-1.666,-1.7382,-1.765,-1.7915,-1.8048,-1.8045,-1.7693,-1.6821,-1.5283,-1.3075,-1.0338,-0.74757,-0.50239,-0.32657,-0.21026,-0.11867,-0.083246,4.9292,4.9375,5.0077,5.0358,5.0453,5.106,5.1562,5.1878,5.2884,5.3087,5.4069,5.4849,5.5581,5.6472,5.7301,5.8452,5.9553,6.0693,6.1917,6.3321,6.471,6.62,6.7845,6.971,7.1287,7.2861,7.4718,7.6608,7.8628,8.0528,8.2432,8.466,8.6774,8.8913,9.1236,9.3564,9.5289,9.8378,10.131,10.445,10.777,11.143,11.536,11.939,12.335,12.693,12.961,13.138,13.253,13.398,13.702,13.803,13.55
3,3,R/Ohm,0.4095,0.26517,0.14786,0.042327,-0.046093,-0.11998,-0.19392,-0.25116,-0.3084,-0.36423,-0.41355,-0.4616,-0.50667,-0.5524,-0.59946,-0.64287,-0.68722,-0.73123,-0.77539,-0.81584,-0.8558,-0.89321,-0.92865,-0.96405,-0.99769,-1.0292,-1.0568,-1.0861,-1.1119,-1.136,-1.1572,-1.1756,-1.1895,-1.1985,-1.2006,-1.1976,-1.185,-1.1581,-1.12,-1.0653,-0.99109,-0.90168,-0.79358,-0.66837,-0.53608,-0.41315,-0.30115,-0.20651,-0.13295,-0.078731,-0.047104,-0.033015,-0.011838,4.3239,4.341,4.3669,4.3935,4.4238,4.4612,4.5044,4.5535,4.6052,4.6594,4.724,4.7914,4.8649,4.9441,5.0293,5.1215,5.2184,5.3249,5.4362,5.556,5.6809,5.8124,5.9486,6.0914,6.2396,6.3923,6.5496,6.7216,6.8893,7.0606,7.2362,7.4166,7.6016,7.7902,7.9821,8.1769,8.383,8.5921,8.8076,9.0282,9.2493,9.4566,9.6577,9.8387,9.9949,10.132,10.241,10.348,10.387,10.259,10.043,10.119,10.313
4,4,R/Ohm,0.3476,0.2096,0.11447,-0.0016156,-0.077175,-0.15661,-0.21812,-0.30173,-0.36483,-0.42803,-0.46739,-0.52484,-0.57054,-0.61281,-0.6725,-0.73085,-0.76991,-0.82788,-0.87952,-0.9325,-0.98398,-1.0109,-1.0753,-1.1407,-1.1679,-1.2065,-1.2514,-1.2892,-1.335,-1.3698,-1.4052,-1.4525,-1.4916,-1.5316,-1.5705,-1.613,-1.6463,-1.6752,-1.7047,-1.7201,-1.72,-1.7005,-1.6403,-1.5309,-1.3626,-1.1453,-0.89368,-0.64426,-0.43449,-0.28518,-0.18286,-0.095571,-0.053556,4.9571,4.9729,5.0111,5.0449,5.0732,5.1202,5.1948,5.2262,5.3048,5.3408,5.4101,5.4837,5.5683,5.6413,5.7436,5.8583,5.9555,6.072,6.1986,6.3295,6.4746,6.6293,6.7785,6.9368,7.1133,7.2676,7.4512,7.6274,7.8157,8.0102,8.2095,8.4087,8.6229,8.8376,9.0634,9.2933,9.5227,9.7824,10.061,10.365,10.694,11.04,11.405,11.778,12.139,12.466,12.725,12.924,13.076,13.265,13.577,13.353,13.617
5,5,R/Ohm,0.26828,0.14379,0.049297,-0.038988,-0.11394,-0.19017,-0.25554,-0.31756,-0.3709,-0.42845,-0.48503,-0.53298,-0.5826,-0.63785,-0.6762,-0.73064,-0.78802,-0.84015,-0.89004,-0.94108,-0.98908,-1.0397,-1.083,-1.1291,-1.1693,-1.2106,-1.2528,-1.2918,-1.3285,-1.3676,-1.4004,-1.4398,-1.48,-1.5146,-1.5461,-1.5777,-1.5971,-1.612,-1.6207,-1.6147,-1.5878,-1.5406,-1.4537,-1.3213,-1.1472,-0.94039,-0.71715,-0.50469,-0.33768,-0.21831,-0.14325,-0.07378,-0.056309,5.0096,5.0288,5.061,5.0979,5.1351,5.1756,5.2257,5.2801,5.3385,5.4031,5.4696,5.5514,5.6323,5.7199,5.8148,5.9107,6.0228,6.1432,6.2702,6.403,6.5424,6.6801,6.8497,7.0218,7.1697,7.3386,7.5223,7.7042,7.893,8.0811,8.2769,8.4823,8.6964,8.9124,9.135,9.3628,9.5843,9.8331,10.1,10.381,10.683,10.998,11.32,11.631,11.93,12.185,12.377,12.487,12.619,12.757,13.107,12.917,12.793
6,6,R/Ohm,0.45046,0.26611,0.14556,0.041568,-0.047024,-0.12323,-0.19118,-0.2566,-0.31191,-0.36922,-0.41909,-0.46952,-0.51682,-0.56388,-0.61185,-0.65713,-0.70428,-0.75041,-0.7941,-0.83866,-0.87856,-0.91716,-0.95457,-0.98876,-1.0258,-1.056,-1.0848,-1.116,-1.1434,-1.1689,-1.1936,-1.2159,-1.2328,-1.2472,-1.2536,-1.2562,-1.2473,-1.2252,-1.1935,-1.1426,-1.0711,-0.98274,-0.87219,-0.73847,-0.59725,-0.46043,-0.33431,-0.23056,-0.15283,-0.097626,-0.054532,-0.036295,-0.012468,4.455,4.4838,4.5038,4.5294,4.5638,4.5969,4.6382,4.6845,4.7377,4.793,4.8545,4.9243,4.9943,5.0724,5.1557,5.2475,5.3458,5.4498,5.5628,5.6811,5.8079,5.9411,6.0797,6.2231,6.3703,6.5236,6.6812,6.85,7.0174,7.1882,7.3653,7.5465,7.7315,7.9233,8.1144,8.3113,8.511,8.7301,8.9595,9.193,9.4294,9.6586,9.8794,10.073,10.24,10.366,10.473,10.582,10.713,10.786,10.616,10.489,10.747
7,7,R/Ohm,0.285,0.16608,0.066277,-0.02637,-0.10446,-0.17351,-0.23829,-0.29778,-0.35238,-0.40696,-0.45644,-0.50653,-0.55411,-0.60245,-0.65248,-0.7014,-0.75084,-0.79989,-0.84826,-0.89565,-0.9416,-0.98569,-1.0281,-1.0688,-1.1098,-1.1474,-1.1846,-1.2212,-1.2565,-1.2911,-1.3247,-1.3579,-1.388,-1.4172,-1.4412,-1.4625,-1.4778,-1.4815,-1.4758,-1.4524,-1.4056,-1.3392,-1.2374,-1.098,-0.92986,-0.74543,-0.56161,-0.39178,-0.25914,-0.15735,-0.088548,-0.060276,-0.024212,4.747,4.7686,4.7911,4.8275,4.8613,4.8984,4.9442,4.9939,5.0512,5.1171,5.1827,5.2559,5.3316,5.4169,5.5092,5.612,5.7199,5.8354,5.9572,6.087,6.2252,6.3706,6.5223,6.6807,6.844,7.0126,7.187,7.3659,7.5516,7.7421,7.94,8.1421,8.352,8.5694,8.7884,9.0167,9.2675,9.5259,9.8051,10.097,10.408,10.734,11.065,11.38,11.681,11.92,12.125,12.266,12.371,12.257,11.97,12.038,12.298
8,8,R/Ohm,0.35069,0.21794,0.11487,0.020284,-0.06472,-0.13502,-0.20252,-0.26131,-0.31461,-0.36633,-0.41448,-0.45989,-0.5053,-0.54981,-0.5935,-0.63643,-0.67733,-0.71961,-0.76121,-0.79946,-0.836,-0.8707,-0.90373,-0.93569,-0.96516,-0.99215,-1.0188,-1.0419,-1.0647,-1.0841,-1.0992,-1.1109,-1.1176,-1.1168,-1.1081,-1.0921,-1.065,-1.0206,-0.96417,-0.89123,-0.80087,-0.70254,-0.59339,-0.47935,-0.37234,-0.27924,-0.19879,-0.13338,-0.086183,-0.052278,-0.029959,-0.024291,-0.0063737,4.2437,4.2593,4.2789,4.3059,4.3363,4.3735,4.4138,4.4607,4.5138,4.5683,4.6303,4.6987,4.7713,4.8494,4.9344,5.0251,5.123,5.2264,5.3372,5.4529,5.5758,5.7034,5.836,5.9765,6.1188,6.2641,6.4163,6.5725,6.7414,6.9063,7.0764,7.2504,7.4292,7.6109,7.7933,7.9753,8.1683,8.362,8.5527,8.7417,8.9207,9.0811,9.2254,9.3513,9.4651,9.5599,9.6382,9.7107,9.7638,9.6998,9.4831,9.5159,9.6282
9,9,R/Ohm,0.39051,0.24982,0.12763,0.023119,-0.067768,-0.14894,-0.21984,-0.28556,-0.34691,-0.40702,-0.46181,-0.51436,-0.56862,-0.62141,-0.67628,-0.7296,-0.78437,-0.8391,-0.89324,-0.94745,-1.0004,-1.0509,-1.1006,-1.1481,-1.1957,-1.2408,-1.2851,-1.3305,-1.375,-1.4184,-1.4633,-1.511,-1.5583,-1.6081,-1.6539,-1.7084,-1.7361,-1.8102,-1.8601,-1.8936,-1.934,-1.9629,-1.9583,-1.9121,-1.7979,-1.6072,-1.3363,-1.0145,-0.70104,-0.44409,-0.25902,-0.16064,-0.081005,5.039,5.061,5.085,5.1214,5.1581,5.1976,5.2464,5.2988,5.3572,5.4247,5.4952,5.5725,5.6526,5.7443,5.8397,5.944,6.0558,6.1762,6.3054,6.4427,6.5899,6.7439,6.9058,7.0743,7.2495,7.4303,7.6166,7.8074,8.0046,8.2052,8.4128,8.6301,8.8548,9.0864,9.3243,9.5703,9.8635,10.14,10.446,10.783,11.163,11.578,12.047,12.563,13.108,13.653,14.151,14.533,14.741,14.766,14.515,14.615,14.773
10,10,R/Ohm,0.31766,0.19091,0.084605,-0.011071,-0.091197,-0.16439,-0.23038,-0.29031,-0.34604,-0.40193,-0.45315,-0.50351,-0.5532,-0.60401,-0.65618,-0.70795,-0.75995,-0.81239,-0.86426,-0.91546,-0.96499,-1.0131,-1.0593,-1.104,-1.1486,-1.1909,-1.233,-1.2751,-1.3167,-1.3579,-1.4015,-1.4441,-1.4887,-1.5335,-1.58,-1.628,-1.6743,-1.7196,-1.764,-1.8071,-1.8352,-1.8543,-1.8437,-1.7841,-1.6624,-1.4681,-1.2055,-0.90933,-0.6353,-0.40841,-0.23272,-0.13832,-0.084099,4.8633,4.8862,4.9149,4.9476,4.9823,5.0192,5.0638,5.1114,5.1665,5.2307,5.2947,5.3668,5.4428,5.5276,5.619,5.7218,5.8286,5.9425,6.0661,6.1974,6.3361,6.4822,6.6364,6.7974,6.9638,7.1358,7.3136,7.4972,7.6859,7.8797,8.0792,8.2851,8.4991,8.7201,8.9475,9.1841,9.4482,9.727,10.03,10.366,10.729,11.133,11.584,12.06,12.563,13.047,13.485,13.85,14.132,14.239,14.009,13.776,14.294
11,11,R/Ohm,0.24741,0.14091,0.040763,-0.045154,-0.13716,-0.19029,-0.26622,-0.34566,-0.40551,-0.43759,-0.50718,-0.53292,-0.58582,-0.65087,-0.70085,-0.74748,-0.80618,-0.86315,-0.92003,-0.97032,-1.0237,-1.0624,-1.1274,-1.1613,-1.2308,-1.2788,-1.3167,-1.3596,-1.4025,-1.4548,-1.5073,-1.5662,-1.6023,-1.6582,-1.7037,-1.7643,-1.8618,-1.8717,-1.9306,-1.991,-2.0333,-2.0747,-2.0805,-2.0314,-1.9189,-1.7181,-1.4292,-1.0769,-0.74431,-0.48821,-0.31458,-0.18348,-0.10885,5.1408,5.1935,5.1999,5.2609,5.2966,5.3181,5.38,5.4251,5.4786,5.5573,5.6415,5.6951,5.7843,5.8818,5.98,6.0804,6.2036,6.3124,6.4453,6.5844,6.7264,6.8894,7.0538,7.2168,7.4011,7.5788,7.7669,7.9643,8.1611,8.3719,8.575,8.8104,9.0403,9.2761,9.5112,9.7714,9.9894,10.303,10.637,10.975,11.343,11.745,12.189,12.668,13.166,13.647,14.07,14.374,14.56,14.723,15.07,15.268,14.755
12,12,R/Ohm,0.41071,0.26334,0.14315,0.033222,-0.057743,-0.1396,-0.2126,-0.27794,-0.33914,-0.39814,-0.45234,-0.50375,-0.55672,-0.60287,-0.65649,-0.71165,-0.76387,-0.81587,-0.86946,-0.92069,-0.97034,-1.0192,-1.0664,-1.1117,-1.1576,-1.2004,-1.2421,-1.2832,-1.3235,-1.3665,-1.4073,-1.4509,-1.4942,-1.5385,-1.5836,-1.6302,-1.6763,-1.7173,-1.7596,-1.7975,-1.8232,-1.8395,-1.8228,-1.757,-1.6308,-1.4364,-1.1777,-0.88965,-0.62296,-0.3958,-0.22754,-0.14922,-0.073753,4.946,4.967,4.996,5.0302,5.0666,5.1065,5.1518,5.2024,5.2587,5.3228,5.3883,5.4594,5.5351,5.6518,5.741,5.807,5.9119,6.0249,6.1451,6.2736,6.4103,6.5542,6.7052,6.8636,7.0275,7.1984,7.374,7.5561,7.7427,7.9358,8.1341,8.3386,8.5512,8.7699,8.9946,9.2283,9.4717,9.7427,10.036,10.359,10.716,11.105,11.54,12.008,12.496,12.972,13.4,13.773,14.084,14.298,13.826,14.172,14.004
13,13,R/Ohm,0.28024,0.16428,0.063887,-0.027366,-0.10539,-0.17513,-0.24019,-0.29894,-0.35443,-0.40722,-0.45847,-0.50886,-0.55903,-0.6093,-0.66163,-0.71437,-0.7664,-0.8194,-0.87317,-0.92517,-0.97527,-1.0246,-1.0722,-1.118,-1.1636,-1.2072,-1.2495,-1.2916,-1.3332,-1.3755,-1.4174,-1.4639,-1.5093,-1.5539,-1.6007,-1.6505,-1.7038,-1.7481,-1.7967,-1.8426,-1.8756,-1.9038,-1.898,-1.845,-1.7302,-1.5428,-1.2802,-0.97307,-0.67772,-0.42946,-0.2468,-0.15092,-0.079016,4.9154,4.9382,4.9641,5.0019,5.0335,5.0742,5.1206,5.1697,5.2255,5.2931,5.3583,5.4308,5.5064,5.5906,5.6826,5.7849,5.8927,6.0087,6.1332,6.2661,6.4081,6.5568,6.7129,6.8769,7.0461,7.2223,7.4042,7.5917,7.7852,7.9826,8.1876,8.3992,8.6177,8.8422,9.0768,9.3151,9.5839,9.8675,10.176,10.513,10.886,11.296,11.749,12.242,12.762,13.278,13.751,14.144,14.398,14.447,14.181,14.176,14.493
14,14,R/Ohm,0.25946,0.13991,0.043754,-0.045293,-0.11952,-0.19493,-0.2548,-0.31322,-0.36709,-0.42548,-0.47945,-0.53506,-0.57765,-0.63339,-0.68141,-0.73183,-0.78271,-0.83641,-0.89512,-0.94669,-0.99679,-1.0443,-1.0987,-1.1574,-1.1992,-1.2449,-1.2877,-1.3357,-1.3813,-1.4252,-1.477,-1.5197,-1.5745,-1.6246,-1.6868,-1.7289,-1.85,-1.8616,-1.9083,-1.982,-2.0299,-2.0851,-2.1099,-2.0841,-1.9962,-1.8164,-1.5317,-1.1622,-0.79448,-0.50063,-0.30771,-0.19779,-0.10058,5.0019,5.0135,5.0515,5.079,5.1165,5.1627,5.2103,5.2716,5.3223,5.3862,5.4602,5.5409,5.6201,5.7133,5.8035,5.9099,6.0213,6.1389,6.2679,6.4064,6.5552,6.7016,6.8808,7.0617,7.2329,7.4032,7.6001,7.7929,7.9864,8.2007,8.4218,8.6274,8.8572,9.0924,9.3374,9.5904,9.9143,10.135,10.483,10.833,11.223,11.649,12.132,12.665,13.228,13.784,14.262,14.579,14.675,14.624,14.68,15.124,14.689
15,15,R/Ohm,0.34532,0.21279,0.10228,0.0019254,-0.082847,-0.15753,-0.22493,-0.28901,-0.34544,-0.40288,-0.45451,-0.50479,-0.55459,-0.60478,-0.65605,-0.7069,-0.75767,-0.80884,-0.85818,-0.90824,-0.95661,-1.0026,-1.0483,-1.0926,-1.1346,-1.1751,-1.2156,-1.2566,-1.2951,-1.3338,-1.3732,-1.4114,-1.4469,-1.4851,-1.5191,-1.5538,-1.5813,-1.6039,-1.6223,-1.628,-1.6167,-1.5843,-1.5174,-1.4043,-1.242,-1.0415,-0.81442,-0.59149,-0.39372,-0.24295,-0.1365,-0.08609,-0.041148,4.8226,4.846,4.8744,4.9108,4.9457,4.9862,5.0349,5.0839,5.1404,5.2066,5.2738,5.3483,5.4261,5.5122,5.6057,5.7095,5.8179,5.9342,6.0591,6.1914,6.3311,6.4783,6.6321,6.7924,6.959,7.1306,7.3072,7.4886,7.677,7.8717,8.0721,8.2782,8.4893,8.7088,8.9369,9.1718,9.4248,9.6987,9.9894,10.308,10.656,11.023,11.411,11.802,12.186,12.547,12.857,13.106,13.223,13.163,12.841,12.873,13.227
16,16,R/Ohm,0.33404,0.1968,0.097727,0.0016394,-0.095419,-0.18087,-0.24369,-0.30138,-0.36039,-0.41519,-0.47115,-0.51924,-0.56899,-0.62148,-0.67,-0.72609,-0.77946,-0.82699,-0.87502,-0.92647,-0.97782,-1.0126,-1.0728,-1.1006,-1.1628,-1.1948,-1.2351,-1.2814,-1.3218,-1.3555,-1.3877,-1.4312,-1.465,-1.5009,-1.5327,-1.5668,-1.5882,-1.6029,-1.6171,-1.6115,-1.5858,-1.5386,-1.4521,-1.3214,-1.1447,-0.93488,-0.70654,-0.49133,-0.31855,-0.20088,-0.12857,-0.077871,-0.046139,4.8662,4.897,4.9165,4.9627,5.0007,5.0423,5.0897,5.1438,5.1974,5.2523,5.3378,5.4209,5.4947,5.5767,5.6778,5.7911,5.8949,6.0183,6.1443,6.2858,6.4281,6.5717,6.7485,6.9165,7.0881,7.2626,7.4387,7.6244,7.8214,8.0158,8.2183,8.4269,8.6415,8.865,9.0896,9.327,9.5873,9.8364,10.115,10.41,10.726,11.048,11.369,11.683,11.972,12.202,12.334,12.394,12.365,12.403,12.602,12.86,12.439
17,17,R/Ohm,0.3107,0.1821,0.081761,-0.016636,-0.097355,-0.16999,-0.23711,-0.29736,-0.35412,-0.40952,-0.4616,-0.51239,-0.56214,-0.61227,-0.66445,-0.71581,-0.76783,-0.81998,-0.87351,-0.92478,-0.97474,-1.0235,-1.0707,-1.1164,-1.1621,-1.2053,-1.2472,-1.2879,-1.3294,-1.3716,-1.415,-1.4585,-1.5038,-1.5497,-1.5959,-1.6444,-1.6919,-1.7372,-1.7833,-1.8277,-1.8607,-1.8859,-1.8802,-1.8238,-1.7108,-1.52,-1.2578,-0.95429,-0.67539,-0.44645,-0.2636,-0.14578,-0.099086,4.9721,4.9932,5.0199,5.0522,5.0838,5.1225,5.1654,5.2139,5.2691,5.3317,5.396,5.466,5.5393,5.6225,5.7113,5.8104,5.9147,6.0265,6.1471,6.2763,6.4137,6.5591,6.7114,6.8706,7.0357,7.2066,7.3829,7.5644,7.7522,7.9455,8.1452,8.3505,8.5633,8.7829,9.0086,9.243,9.4894,9.7609,10.058,10.386,10.751,11.151,11.597,12.083,12.602,13.11,13.566,13.96,14.297,14.561,14.506,14.12,14.535
18,18,R/Ohm,0.34624,0.21189,0.10385,0.0029062,-0.081731,-0.15862,-0.23188,-0.28203,-0.34704,-0.40171,-0.46462,-0.49892,-0.5574,-0.61518,-0.66226,-0.70611,-0.75695,-0.81061,-0.85166,-0.89967,-0.944,-0.99903,-1.036,-1.0751,-1.1207,-1.1599,-1.1909,-1.2255,-1.2551,-1.2923,-1.3283,-1.3475,-1.3777,-1.4033,-1.415,-1.4293,-1.4413,-1.4253,-1.4028,-1.3651,-1.2996,-1.2152,-1.0965,-0.94571,-0.78059,-0.60708,-0.44237,-0.29576,-0.1857,-0.11357,-0.070437,-0.048151,-0.024809,4.7447,4.767,4.7883,4.831,4.8666,4.9136,4.9707,5.0186,5.0747,5.153,5.2193,5.2968,5.3695,5.4661,5.5629,5.6737,5.7844,5.8977,6.0249,6.1552,6.296,6.4342,6.6032,6.7781,6.9255,7.0975,7.275,7.4605,7.6513,7.8414,8.0444,8.2435,8.4546,8.674,8.893,9.1128,9.3735,9.6231,9.8953,10.176,10.462,10.745,11.02,11.258,11.475,11.612,11.687,11.674,11.548,11.423,11.432,11.785,11.516
19,19,R/Ohm,0.34948,0.25055,0.11034,0.0076349,-0.055793,-0.14425,-0.21469,-0.27551,-0.33522,-0.37586,-0.42754,-0.47482,-0.52081,-0.56986,-0.62455,-0.65763,-0.69938,-0.74253,-0.78767,-0.82782,-0.86743,-0.91317,-0.93853,-0.98534,-0.99769,-1.0267,-1.0659,-1.0858,-1.1163,-1.1333,-1.1509,-1.1657,-1.1793,-1.1815,-1.1723,-1.1643,-1.1272,-1.0878,-1.0396,-0.96363,-0.86608,-0.76066,-0.63948,-0.50957,-0.38927,-0.28532,-0.19972,-0.13015,-0.083942,-0.054819,-0.03595,-0.014289,-0.017246,4.3548,4.364,4.3992,4.4372,4.472,4.5025,4.5651,4.6049,4.6362,4.7114,4.7789,4.8523,4.9433,5.0048,5.0991,5.1849,5.2985,5.4034,5.5168,5.6387,5.7741,5.8959,6.0446,6.2022,6.3359,6.4865,6.6441,6.8147,6.9738,7.1467,7.312,7.4867,7.6857,7.8685,8.0536,8.2437,8.3963,8.62,8.8053,8.9853,9.1552,9.2977,9.4153,9.5021,9.5556,9.575,9.5651,9.5447,9.5503,9.607,9.7927,9.8004,9.5438
20,20,R/Ohm,0.42402,0.2491,0.14478,0.036156,-0.042955,-0.13094,-0.20301,-0.26911,-0.32702,-0.37041,-0.42963,-0.47307,-0.516,-0.56831,-0.61416,-0.64759,-0.69886,-0.74841,-0.78642,-0.83162,-0.87186,-0.91351,-0.9503,-0.99635,-1.0163,-1.0506,-1.0783,-1.1109,-1.1448,-1.1671,-1.1869,-1.2069,-1.2275,-1.2523,-1.2601,-1.2557,-1.2125,-1.2291,-1.1916,-1.1364,-1.0588,-0.96497,-0.84538,-0.70741,-0.562,-0.42531,-0.30255,-0.51265,-0.12609,-0.080759,-0.055214,-0.029113,-0.025371,4.3483,4.384,4.3966,4.4201,4.4664,4.4996,4.5473,4.5864,4.6468,4.7023,4.7698,4.8452,4.9159,5.0016,5.0832,5.1772,5.2808,5.3837,5.508,5.6326,5.7622,5.8919,6.0454,6.192,6.3398,6.5078,6.6635,6.8358,7.0081,7.1776,7.3627,7.5311,7.7278,7.9188,8.1211,8.3119,8.5297,8.7433,8.9476,9.1677,9.3821,9.5835,9.7612,9.9085,10.012,10.07,10.08,9.9481,10.021,10.041,10.232,10.39,10.151
21,21,R/Ohm,0.26963,0.13953,0.053914,-0.038877,-0.11402,-0.18534,-0.24945,-0.31764,-0.37497,-0.42656,-0.47688,-0.53231,-0.56945,-0.62943,-0.68062,-0.73285,-0.77989,-0.82712,-0.88281,-0.93044,-0.97991,-1.0175,-1.0737,-1.1109,-1.1585,-1.202,-1.2419,-1.2819,-1.3235,-1.3582,-1.3972,-1.4341,-1.4721,-1.5085,-1.5427,-1.5795,-1.604,-1.625,-1.641,-1.6448,-1.6292,-1.5933,-1.5183,-1.3968,-1.2248,-1.0148,-0.78288,-0.55486,-0.37041,-0.24286,-0.15137,-0.079303,-0.060248,4.966,4.9963,5.0257,5.0569,5.0799,5.131,5.1836,5.2334,5.2806,5.3311,5.4174,5.4884,5.5698,5.66,5.7401,5.8431,5.9551,6.0711,6.1943,6.3213,6.4591,6.5948,6.7671,6.9393,7.0971,7.2615,7.4412,7.6266,7.8131,8.005,8.2018,8.4071,8.618,8.836,9.061,9.2919,9.5296,9.7853,10.063,10.367,10.692,11.031,11.387,11.741,12.081,12.369,12.598,12.731,12.873,13.046,13.227,12.849,13.027
22,22,R/Ohm,0.31609,0.1877,0.085394,-0.011782,-0.092441,-0.17217,-0.22888,-0.29489,-0.35008,-0.40793,-0.46526,-0.51467,-0.56101,-0.61292,-0.66092,-0.70631,-0.761,-0.81278,-0.85896,-0.90668,-0.95352,-1.0049,-1.0419,-1.0736,-1.1213,-1.1609,-1.2038,-1.2362,-1.2724,-1.308,-1.3337,-1.3713,-1.3964,-1.4266,-1.4459,-1.4645,-1.4641,-1.475,-1.4597,-1.4283,-1.3684,-1.2889,-1.1727,-1.0214,-0.84656,-0.66323,-0.48486,-0.32754,-0.20961,-0.12652,-0.081105,-0.051239,-0.023127,4.7507,4.7775,4.8056,4.8443,4.8809,4.932,4.9769,5.0307,5.09,5.157,5.223,5.3022,5.3819,5.4729,5.569,5.6749,5.7861,5.901,6.0263,6.1624,6.3087,6.4342,6.6076,6.7757,6.95,7.1208,7.3058,7.489,7.6825,7.875,8.0726,8.2826,8.4912,8.7107,8.935,9.1657,9.4156,9.6911,9.9696,10.262,10.563,10.867,11.159,11.434,11.666,11.826,11.905,11.925,11.861,11.748,11.742,12.09,11.721
23,23,R/Ohm,0.31418,0.17864,0.051305,-0.045216,-0.11591,-0.19266,-0.25271,-0.31598,-0.35469,-0.4311,-0.47633,-0.53123,-0.5921,-0.62239,-0.67759,-0.71882,-0.78096,-0.82848,-0.87542,-0.92335,-0.97352,-1.0278,-1.0647,-1.0972,-1.1427,-1.1928,-1.226,-1.2628,-1.3032,-1.3354,-1.3764,-1.4011,-1.4395,-1.4676,-1.4946,-1.5184,-1.5192,-1.5364,-1.5284,-1.5026,-1.4501,-1.3752,-1.2586,-1.1047,-0.91709,-0.72043,-0.52681,-0.3538,-0.22726,-0.14205,-0.091644,-0.05723,-0.036421,4.86,4.8911,4.9287,4.9606,4.9934,5.0438,5.0862,5.1424,5.1972,5.2654,5.3385,5.4229,5.4981,5.5909,5.6796,5.7924,5.8936,6.0124,6.1397,6.2783,6.4188,6.5613,6.7246,6.9002,7.0576,7.2348,7.4117,7.5962,7.7809,7.9844,8.1811,8.3907,8.6075,8.8279,9.0578,9.2918,9.5389,9.7958,10.073,10.361,10.66,10.958,11.248,11.506,11.719,11.86,11.916,11.907,11.867,11.864,12.053,12.4,12.008
24,24,R/Ohm,0.32928,0.19487,0.079599,-0.025512,-0.11608,-0.19361,-0.26496,-0.33359,-0.39751,-0.46006,-0.51379,-0.56504,-0.6137,-0.65883,-0.7021,-0.7401,-0.7754,-0.8097,-0.84177,-0.87354,-0.90557,-0.93684,-0.96997,-1.0044,-1.0394,-1.0758,-1.1132,-1.1551,-1.1976,-1.2431,-1.2912,-1.3423,-1.3941,-1.4505,-1.5072,-1.567,-1.6253,-1.6899,-1.7498,-1.8053,-1.8493,-1.8789,-1.8649,-1.7775,-1.6092,-1.3661,-1.0586,-0.75533,-0.51159,-0.34244,-0.19924,-0.11054,-0.070329,5.1963,5.2183,5.2472,5.2805,5.3158,5.3588,5.4152,5.4679,5.5234,5.5926,5.6662,5.7505,5.8457,5.9516,6.0585,6.1678,6.2822,6.4015,6.5235,6.6459,6.7753,6.9083,7.0444,7.1851,7.3234,7.4649,7.612,7.7709,7.9333,8.1048,8.2843,8.4688,8.6601,8.8592,9.0616,9.2774,9.506,9.7833,10.055,10.374,10.737,11.162,11.618,12.072,12.536,12.981,13.295,13.54,13.78,14.153,14.118,13.839,14.23
25,25,R/Ohm,0.35112,0.2125,0.11081,0.0015503,-0.085839,-0.16125,-0.22777,-0.29606,-0.35126,-0.40913,-0.46763,-0.52488,-0.56588,-0.61797,-0.66696,-0.71848,-0.76817,-0.82156,-0.87234,-0.92221,-0.97107,-1.0094,-1.0685,-1.1232,-1.1578,-1.194,-1.2454,-1.29,-1.325,-1.3664,-1.406,-1.4468,-1.4891,-1.5283,-1.5648,-1.5995,-1.6366,-1.6457,-1.6793,-1.684,-1.6685,-1.6359,-1.5636,-1.4458,-1.2756,-1.0579,-0.81248,-0.56955,-0.36888,-0.22467,-0.13882,-0.09059,-0.041939,4.8846,4.9096,4.9315,4.9787,5.0136,5.0671,5.1052,5.1573,5.2173,5.2849,5.3581,5.4368,5.5077,5.5981,5.6929,5.8055,5.9095,6.0259,6.1571,6.2938,6.4333,6.5872,6.7445,6.9107,7.0908,7.2764,7.4574,7.6512,7.8448,8.0517,8.2679,8.4667,8.6977,8.9275,9.1615,9.4021,9.7026,9.9533,10.257,10.58,10.928,11.292,11.672,12.058,12.424,12.714,12.902,12.989,12.943,12.807,12.813,13.199,12.757
26,26,R/Ohm,0.33396,0.20965,0.088686,-0.0075098,-0.097588,-0.16916,-0.23653,-0.29584,-0.36975,-0.42146,-0.47503,-0.52806,-0.58071,-0.62471,-0.68678,-0.73594,-0.78181,-0.83867,-0.88803,-0.94186,-0.98976,-1.0334,-1.0881,-1.1371,-1.1758,-1.2182,-1.2592,-1.3007,-1.3406,-1.3803,-1.4198,-1.4588,-1.4979,-1.5358,-1.5726,-1.6073,-1.6328,-1.653,-1.6704,-1.6728,-1.6554,-1.6182,-1.5432,-1.4191,-1.2435,-1.0268,-0.78927,-0.56059,-0.37608,-0.24704,-0.15976,-0.078496,-0.063149,5.081,5.1061,5.1192,5.1542,5.1904,5.227,5.2711,5.314,5.387,5.4463,5.5094,5.5886,5.6653,5.7518,5.8449,5.947,6.0551,6.1672,6.2872,6.4192,6.563,6.7149,6.8742,7.0346,7.2013,7.3745,7.553,7.736,7.9244,8.118,8.3184,8.5248,8.7368,8.9571,9.1838,9.414,9.6314,9.8861,10.161,10.455,10.769,11.107,11.464,11.816,12.153,12.434,12.64,12.804,12.943,13.145,13.496,13.212,13.208
27,27,R/Ohm,0.30901,0.18312,0.082054,-0.014018,-0.094038,-0.16673,-0.23323,-0.29255,-0.34716,-0.40327,-0.45397,-0.50421,-0.55329,-0.60405,-0.65561,-0.70682,-0.75749,-0.80924,-0.85772,-0.90772,-0.95761,-0.99648,-1.0483,-1.0987,-1.1381,-1.1707,-1.212,-1.2588,-1.2987,-1.3341,-1.3706,-1.4122,-1.4453,-1.483,-1.5182,-1.5581,-1.5763,-1.6151,-1.6299,-1.6403,-1.6372,-1.6157,-1.561,-1.4622,-1.31,-1.1072,-0.86733,-0.62129,-0.40721,-0.2473,-0.14818,-0.099286,-0.041299,4.782,4.8068,4.839,4.8735,4.9093,4.9515,4.9984,5.0523,5.1109,5.1787,5.2463,5.3202,5.3971,5.4844,5.5778,5.68,5.7883,5.9058,6.0316,6.1647,6.3058,6.4618,6.6119,6.7839,6.9463,7.1168,7.2921,7.4757,7.6577,7.8582,8.0539,8.2663,8.4843,8.7047,8.9345,9.1671,9.447,9.6951,9.9963,10.316,10.669,11.05,11.446,11.849,12.256,12.609,12.876,13.033,13.041,12.9,12.808,13.042,13.019
28,28,R/Ohm,0.36756,0.22926,0.11862,0.013414,-0.073386,-0.15348,-0.22199,-0.28536,-0.34549,-0.40416,-0.4634,-0.51091,-0.55682,-0.61114,-0.67358,-0.72184,-0.77305,-0.82932,-0.88509,-0.93679,-0.9873,-1.0294,-1.0854,-1.1356,-1.187,-1.2262,-1.2718,-1.3114,-1.3551,-1.4012,-1.4489,-1.4947,-1.5378,-1.5845,-1.6343,-1.6861,-1.7227,-1.8017,-1.8421,-1.8898,-1.9314,-1.9589,-1.9564,-1.9008,-1.7821,-1.5779,-1.2982,-0.96522,-0.64778,-0.40519,-0.24544,-0.15856,-0.077745,4.9545,4.9804,5.0108,5.0479,5.0835,5.1265,5.1742,5.2241,5.2875,5.3573,5.4284,5.5027,5.5855,5.6703,5.7668,5.8688,5.9815,6.1078,6.2282,6.3649,6.5118,6.6649,6.8241,6.982,7.1609,7.3478,7.5305,7.7191,7.9136,8.1213,8.3301,8.5549,8.7698,8.998,9.2442,9.4914,9.7843,10.063,10.381,10.733,11.119,11.542,12.008,12.514,13.032,13.525,13.937,14.207,14.266,14.196,14.169,14.56,14.216
29,29,R/Ohm,0.35696,0.22715,0.11541,0.018037,-0.077327,-0.14573,-0.20241,-0.26701,-0.31775,-0.36897,-0.42816,-0.47856,-0.50703,-0.55726,-0.60827,-0.65008,-0.69142,-0.7318,-0.77842,-0.81592,-0.85841,-0.88647,-0.92912,-0.97832,-1.0053,-1.0196,-1.0532,-1.0862,-1.0969,-1.1289,-1.1404,-1.1667,-1.1739,-1.1747,-1.172,-1.1602,-1.1107,-1.086,-1.0443,-0.97611,-0.88362,-0.78191,-0.66467,-0.5398,-0.41695,-0.31009,-0.21774,-0.14174,-0.088921,-0.056045,-0.03645,-0.02319,-0.015303,4.2898,4.3134,4.3355,4.3672,4.4161,4.4552,4.5001,4.54,4.591,4.6522,4.7144,4.7862,4.871,4.9512,5.0402,5.1347,5.2334,5.3401,5.454,5.5833,5.7096,5.8577,5.9774,6.1319,6.2708,6.4225,6.5921,6.7633,6.9271,7.1009,7.283,7.4488,7.6447,7.8353,8.0284,8.2184,8.3986,8.6347,8.831,9.0375,9.2218,9.3871,9.5287,9.6395,9.7164,9.7614,9.761,9.7203,9.6398,9.5698,9.6289,9.8912,9.5939
30,30,R/Ohm,0.30402,0.18222,0.082821,-0.0069654,-0.08423,-0.15373,-0.21861,-0.29672,-0.32756,-0.3876,-0.43882,-0.47737,-0.50831,-0.57028,-0.60572,-0.65634,-0.69761,-0.72923,-0.78033,-0.81367,-0.85459,-0.88142,-0.92292,-0.95624,-0.98243,-1.0135,-1.0354,-1.0542,-1.0729,-1.0921,-1.1088,-1.114,-1.1185,-1.1154,-1.1004,-1.0785,-1.0409,-0.98785,-0.92304,-0.83964,-0.74046,-0.63674,-0.52472,-0.41459,-0.31309,-0.22771,-0.15873,-0.1042,-0.066851,-0.044259,-0.027518,-0.012026,-0.016019,4.2861,4.3203,4.3389,4.3662,4.4047,4.4391,4.4843,4.527,4.5901,4.6508,4.6963,4.7754,4.8555,4.946,5.0229,5.1225,5.219,5.326,5.4394,5.5567,5.6825,5.8034,5.9463,6.0675,6.2335,6.3824,6.5297,6.6846,6.8431,7.0106,7.1755,7.3549,7.5325,7.7142,7.8934,8.0733,8.2328,8.4075,8.5773,8.7211,8.8517,8.9562,9.0377,9.0994,9.1299,9.1323,9.1212,9.1172,9.1346,9.1872,9.3877,9.3341,9.2997
31,31,R/Ohm,0.28139,0.17997,0.038664,-0.032239,-0.14144,-0.18679,-0.25393,-0.30838,-0.33634,-0.44208,-0.46665,-0.51291,-0.56784,-0.62441,-0.66663,-0.71152,-0.76512,-0.82079,-0.87232,-0.92012,-0.96907,-1.0331,-1.0648,-1.1173,-1.1614,-1.1917,-1.2358,-1.2812,-1.3145,-1.3614,-1.4015,-1.4406,-1.4856,-1.5324,-1.5758,-1.6125,-1.5959,-1.7014,-1.7163,-1.7394,-1.7443,-1.7313,-1.6803,-1.5754,-1.4116,-1.1916,-0.93014,-0.65933,-0.43167,-0.27044,-0.17214,-0.10373,-0.05984,4.8729,4.8603,4.9134,4.9314,4.9821,5.0109,5.0694,5.0959,5.1967,5.2325,5.2988,5.3757,5.4544,5.5488,5.643,5.7473,5.8561,5.9794,6.1001,6.2345,6.3801,6.5258,6.68,6.8409,7.0378,7.215,7.384,7.5699,7.778,7.9648,8.1585,8.3769,8.5945,8.8252,9.051,9.2955,9.5647,9.8444,10.13,10.444,10.788,11.151,11.538,11.923,12.299,12.622,12.845,12.946,12.937,12.933,13.08,13.387,13.013
32,32,R/Ohm,0.34989,0.21842,0.12067,0.014603,-0.04126,-0.14451,-0.22929,-0.26484,-0.32622,-0.38361,-0.43044,-0.47744,-0.52378,-0.57588,-0.61579,-0.65771,-0.69206,-0.73764,-0.78351,-0.82236,-0.85906,-0.90657,-0.92891,-0.97575,-0.99135,-1.0276,-1.0446,-1.0712,-1.0863,-1.1124,-1.1192,-1.13,-1.1388,-1.1336,-1.1182,-1.0981,-1.0442,-1.0068,-0.94364,-0.86355,-0.7673,-0.66632,-0.55553,-0.44213,-0.33651,-0.2472,-0.17337,-0.11314,-0.072365,-0.048132,-0.032177,-0.01278,-0.017711,4.3482,4.3767,4.4093,4.4186,4.4621,4.498,4.5583,4.5905,4.6468,4.7082,4.781,4.8477,4.9296,4.997,5.077,5.1809,5.2918,5.39,5.5112,5.6304,5.752,5.883,6.0232,6.1815,6.3089,6.4702,6.6201,6.7915,6.9502,7.1217,7.2867,7.4717,7.6472,7.8303,8.0121,8.19,8.3631,8.5272,8.6998,8.8571,8.9983,9.1176,9.2135,9.2803,9.3198,9.3325,9.3242,9.307,9.2992,9.3553,9.5394,9.5209,9.3743
33,33,R/Ohm,0.31631,0.18582,0.10321,-0.00080026,-0.077668,-0.15354,-0.21063,-0.3074,-0.31766,-0.36452,-0.41783,-0.47116,-0.52095,-0.56391,-0.61915,-0.65344,-0.6901,-0.73776,-0.77635,-0.81397,-0.85472,-0.89736,-0.91957,-0.94955,-0.97489,-1.004,-1.0284,-1.0549,-1.0811,-1.0931,-1.1076,-1.1149,-1.1146,-1.1051,-1.0913,-1.066,-1.0411,-0.97375,-0.90431,-0.82274,-0.72473,-0.62473,-0.51718,-0.40667,-0.30749,-0.22326,-0.15565,-0.10043,-0.063167,-0.040619,-0.027882,-0.01317,-0.015014,4.285,4.3124,4.3337,4.3494,4.3956,4.4296,4.4757,4.5367,4.6018,4.627,4.7,4.77,4.8422,4.9191,5.0183,5.0987,5.2136,5.3179,5.4303,5.5469,5.6774,5.8175,5.9462,6.0735,6.2335,6.3924,6.5393,6.7092,6.8743,7.0362,7.201,7.3761,7.5609,7.7386,7.9151,8.0945,8.277,8.4413,8.6102,8.767,8.9102,9.0366,9.1336,9.1997,9.2353,9.2397,9.2152,9.1707,9.1428,9.1631,9.2836,9.4176,9.2103
34,34,R/Ohm,0.3329,0.196,0.08892,-0.0083653,-0.083718,-0.15219,-0.21846,-0.27746,-0.33015,-0.38342,-0.43189,-0.4773,-0.52324,-0.56965,-0.61605,-0.65887,-0.70376,-0.74705,-0.7896,-0.83052,-0.86976,-0.90558,-0.94094,-0.97578,-1.0065,-1.036,-1.0625,-1.0884,-1.1118,-1.1334,-1.1506,-1.1656,-1.1738,-1.1774,-1.1699,-1.1579,-1.1317,-1.0897,-1.0355,-0.96414,-0.8741,-0.77469,-0.66021,-0.53785,-0.41929,-0.31443,-0.22385,-0.15105,-0.099281,-0.065937,-0.037751,-0.022072,-0.016041,4.4324,4.4405,4.4652,4.4886,4.5256,4.5642,4.609,4.6509,4.7045,4.7599,4.8237,4.8937,4.967,5.0454,5.1295,5.2209,5.3185,5.4219,5.534,5.6523,5.7769,5.906,6.0428,6.1821,6.3277,6.4773,6.6313,6.7932,6.9571,7.1237,7.2963,7.4732,7.6533,7.8365,8.0231,8.2089,8.388,8.5801,8.7715,8.9624,9.145,9.3103,9.4578,9.5807,9.6831,9.7549,9.8118,9.8784,9.9807,10.132,10.13,9.8503,10.169
35,35,R/Ohm,0.13129,0.067486,-0.038159,-0.11455,-0.14792,-0.22869,-0.29099,-0.32043,-0.38771,-0.44367,-0.49325,-0.53971,-0.58998,-0.64447,-0.69482,-0.74677,-0.80254,-0.8565,-0.90773,-0.96524,-1.0209,-1.0791,-1.1224,-1.1765,-1.2282,-1.2686,-1.3149,-1.3537,-1.3966,-1.4481,-1.4899,-1.5458,-1.5928,-1.6487,-1.7034,-1.768,-1.8257,-1.8869,-1.9548,-2.0264,-2.0968,-2.1707,-2.2243,-2.2415,-2.1954,-2.0522,-1.7862,-1.4131,-1.0207,-0.70542,-0.456,-0.25328,-0.16705,5.1284,5.1322,5.1869,5.2045,5.2302,5.2913,5.3245,5.3893,5.4566,5.5056,5.5689,5.6485,5.7305,5.8182,5.9014,6.0084,6.1183,6.2361,6.3649,6.5025,6.646,6.806,6.9654,7.1217,7.2979,7.4882,7.6673,7.8572,8.0639,8.2541,8.4494,8.6748,8.8871,9.1143,9.3501,9.5871,9.8214,10.092,10.381,10.704,11.071,11.481,11.948,12.48,13.065,13.667,14.246,14.732,15.103,15.567,15.953,15.846,15.753
36,36,R/Ohm,0.33316,0.20337,0.092289,-0.0063586,-0.087428,-0.16291,-0.23086,-0.29292,-0.34842,-0.4064,-0.45818,-0.50877,-0.55889,-0.60899,-0.6614,-0.71215,-0.76386,-0.81577,-0.86703,-0.91813,-0.96777,-1.0153,-1.062,-1.1072,-1.1509,-1.1935,-1.236,-1.2786,-1.3189,-1.3597,-1.4014,-1.4431,-1.4861,-1.5297,-1.5721,-1.6185,-1.6586,-1.6998,-1.7412,-1.776,-1.8019,-1.8179,-1.8019,-1.7421,-1.6203,-1.4317,-1.1767,-0.88804,-0.61935,-0.39905,-0.22989,-0.13365,-0.074575,4.9162,4.9398,4.968,4.9993,5.0332,5.07,5.1152,5.165,5.2185,5.2822,5.3474,5.4186,5.4908,5.5765,5.6663,5.7659,5.8713,5.9845,6.1068,6.2375,6.3749,6.5226,6.6756,6.8359,7.002,7.174,7.3509,7.5341,7.7214,7.9154,8.1157,8.322,8.5348,8.7524,8.9778,9.211,9.4638,9.7388,10.036,10.36,10.723,11.122,11.556,12.029,12.523,13.014,13.443,13.814,14.109,14.234,14.021,13.783,14.191
37,37,R/Ohm,0.38418,0.2487,0.13316,0.032981,-0.051725,-0.12698,-0.1933,-0.25489,-0.31166,-0.36639,-0.41668,-0.46381,-0.51055,-0.5547,-0.59973,-0.64252,-0.68571,-0.72726,-0.76674,-0.80495,-0.84106,-0.87406,-0.90714,-0.9372,-0.96378,-0.98921,-1.0111,-1.0348,-1.053,-1.0667,-1.0776,-1.0811,-1.0774,-1.0681,-1.0456,-1.0173,-0.97389,-0.91593,-0.84599,-0.76149,-0.66653,-0.57035,-0.46916,-0.37079,-0.28225,-0.20696,-0.1472,-0.098737,-0.063756,-0.04,-0.023353,-0.016834,-0.0034116,4.2775,4.291,4.3161,4.3391,4.367,4.4058,4.4458,4.4898,4.5434,4.5956,4.6585,4.7275,4.8005,4.8815,4.9662,5.0584,5.1575,5.2627,5.3743,5.4918,5.6159,5.7458,5.8811,6.0227,6.1673,6.3156,6.4647,6.6311,6.7929,6.9576,7.1256,7.2975,7.4704,7.6469,7.8209,7.9943,8.176,8.3477,8.5096,8.6584,8.7965,8.9133,9.0113,9.0964,9.1712,9.2394,9.3058,9.378,9.4492,9.4722,9.3007,9.2422,9.5193
38,38,R/Ohm,0.30966,0.183,0.077045,-0.016666,-0.097435,-0.17277,-0.24011,-0.3032,-0.35739,-0.41486,-0.46463,-0.52354,-0.56916,-0.616,-0.67331,-0.72839,-0.78404,-0.83355,-0.89228,-0.94376,-0.99857,-1.0395,-1.0971,-1.1371,-1.1954,-1.2466,-1.2859,-1.3326,-1.3745,-1.4233,-1.4698,-1.5171,-1.5702,-1.6243,-1.6749,-1.7338,-1.805,-1.858,-1.919,-1.9819,-2.0362,-2.0865,-2.1047,-2.072,-1.9731,-1.7816,-1.4928,-1.1265,-0.769,-0.48345,-0.29815,-0.19239,-0.096677,4.9857,5.0131,5.04,5.0816,5.1179,5.1615,5.2103,5.2644,5.325,5.3914,5.4682,5.546,5.621,5.7068,5.8064,5.9053,6.018,6.1413,6.2667,6.3986,6.545,6.6881,6.8692,7.0413,7.2161,7.3944,7.584,7.7765,7.9773,8.1804,8.3962,8.6106,8.835,9.0725,9.3129,9.5636,9.8522,10.146,10.469,10.826,11.222,11.658,12.145,12.676,13.235,13.78,14.248,14.569,14.671,14.621,14.662,15.089,14.681
39,39,R/Ohm,0.32821,0.19756,0.093071,0.00024903,-0.082333,-0.15835,-0.22089,-0.28846,-0.33146,-0.3821,-0.43695,-0.47847,-0.52767,-0.57275,-0.60907,-0.65719,-0.71201,-0.75578,-0.79748,-0.84213,-0.88139,-0.9097,-0.96137,-0.99251,-1.0319,-1.0616,-1.0861,-1.1173,-1.145,-1.1732,-1.1912,-1.2125,-1.2318,-1.2408,-1.2429,-1.2343,-1.2158,-1.1868,-1.148,-1.0835,-0.9973,-0.89603,-0.77533,-0.63918,-0.50252,-0.37632,-0.2656,-0.17416,-0.10883,-0.066993,-0.04451,-0.029129,-0.018502,4.4101,4.4295,4.4568,4.49,4.5469,4.5794,4.6291,4.6574,4.7191,4.7797,4.844,4.9179,4.9988,5.0844,5.1651,5.2712,5.3686,5.4827,5.5948,5.7179,5.8507,5.9866,6.135,6.2991,6.4271,6.602,6.7532,6.9314,7.1014,7.2828,7.4684,7.6491,7.8418,8.0386,8.2375,8.4438,8.6951,8.8649,9.1035,9.3162,9.5291,9.7258,9.8994,10.037,10.138,10.186,10.179,10.115,10.018,9.9393,10.018,10.316,9.9525
40,40,R/Ohm,0.37883,0.25185,0.15159,0.04932,-0.023264,-0.10894,-0.15895,-0.20769,-0.29328,-0.36044,-0.40544,-0.46628,-0.50538,-0.54252,-0.5887,-0.64313,-0.68849,-0.73869,-0.77899,-0.81359,-0.85457,-0.89785,-0.92576,-0.96859,-0.98766,-1.0048,-1.0347,-1.0617,-1.0836,-1.1078,-1.1183,-1.1421,-1.1503,-1.1521,-1.1514,-1.1352,-1.1251,-1.0703,-1.0072,-0.9244,-0.82128,-0.70837,-0.58395,-0.45536,-0.33866,-0.24225,-0.16656,-0.10732,-0.065209,-0.044344,-0.030394,-0.011977,-0.017874,4.2951,4.313,4.3306,4.3465,4.4007,4.4292,4.4844,4.4988,4.5676,4.6308,4.6885,4.7745,4.8385,4.9022,5.0199,5.0934,5.2008,5.314,5.4297,5.5507,5.6834,5.8012,5.9538,6.1091,6.2502,6.3954,6.554,6.7262,6.8816,7.0591,7.2317,7.415,7.5997,7.7882,7.9754,8.1658,8.3629,8.5603,8.7578,8.9398,9.1026,9.2377,9.3367,9.387,9.388,9.3503,9.2946,9.2483,9.1524,9.2131,9.5029,9.5408,9.2611
41,41,R/Ohm,0.38491,0.2451,0.12899,0.019989,-0.066181,-0.14581,-0.21527,-0.28079,-0.34072,-0.39936,-0.45261,-0.50428,-0.55716,-0.60705,-0.65989,-0.71166,-0.76385,-0.81725,-0.86893,-0.92127,-0.97177,-1.021,-1.0686,-1.1147,-1.1595,-1.2035,-1.246,-1.2897,-1.332,-1.3736,-1.4147,-1.4577,-1.5042,-1.5453,-1.5861,-1.6395,-1.6666,-1.7499,-1.7757,-1.8035,-1.8407,-1.8504,-1.8377,-1.785,-1.6688,-1.4822,-1.2222,-0.92239,-0.62488,-0.38203,-0.22233,-0.14343,-0.07111,4.8755,4.8997,4.93,4.967,5.0025,5.0455,5.0952,5.1478,5.2059,5.2719,5.3404,5.4158,5.4949,5.5808,5.6744,5.7776,5.8868,6.0043,6.1308,6.2653,6.4089,6.5607,6.7195,6.8844,7.0551,7.232,7.4143,7.6015,7.7977,7.9937,8.2015,8.4037,8.6257,8.859,9.0838,9.329,9.6662,9.8998,10.198,10.537,10.904,11.308,11.746,12.239,12.754,13.267,13.708,14.057,14.171,14.011,13.745,13.973,14.132
42,42,R/Ohm,0.38021,0.28027,0.13335,0.029112,-0.056397,-0.11838,-0.20159,-0.2721,-0.32496,-0.3673,-0.42823,-0.47004,-0.53966,-0.57536,-0.60843,-0.65545,-0.70772,-0.74854,-0.79327,-0.83021,-0.87132,-0.90049,-0.93569,-0.96124,-0.99545,-1.0202,-1.0477,-1.0694,-1.0881,-1.099,-1.1094,-1.1062,-1.1062,-1.0923,-1.0689,-1.0374,-0.9916,-0.92348,-0.84983,-0.76063,-0.65932,-0.55856,-0.45392,-0.35256,-0.26317,-0.19007,-0.13204,-0.084742,-0.052612,-0.03296,-0.024311,-0.012604,-0.012272,4.3316,4.3632,4.3783,4.4166,4.4549,4.5052,4.5416,4.6073,4.641,4.7195,4.7837,4.8539,4.9456,5.0375,5.1301,5.2163,5.3254,5.4404,5.5598,5.6885,5.8167,5.9455,6.0952,6.254,6.388,6.5434,6.7067,6.8801,7.0456,7.2199,7.3976,7.5704,7.753,7.9351,8.1169,8.2913,8.4585,8.6424,8.8076,8.9581,9.0883,9.1933,9.2736,9.3266,9.3479,9.3377,9.3034,9.2467,9.167,9.1281,9.3043,9.5306,9.2856
0,0,R/Ohm,0.28567,0.15991,0.045439,-0.049617,-0.13691,-0.22701,-0.29141,-0.34643,-0.41287,-0.48361,-0.5339,-0.58915,-0.6391,-0.68255,-0.72402,-0.76347,-0.79839,-0.83436,-0.86482,-0.89683,-0.93045,-0.95794,-0.99297,-1.0228,-1.0634,-1.1,-1.1367,-1.1797,-1.2229,-1.263,-1.3085,-1.3527,-1.3988,-1.4466,-1.4915,-1.5381,-1.5725,-1.6059,-1.6333,-1.644,-1.6285,-1.5868,-1.4952,-1.3528,-1.1497,-0.92045,-0.67979,-0.48058,-0.31341,-0.1945,-0.1219,-0.060678,-0.04355,5.3408,5.3617,5.3865,5.4165,5.4618,5.505,5.5563,5.6156,5.6763,5.7473,5.821,5.9059,6.0044,6.1085,6.2173,6.3317,6.4495,6.5763,6.7052,6.8332,6.9668,7.0998,7.2439,7.3833,7.531,7.6822,7.837,7.9989,8.1702,8.3404,8.5159,8.6976,8.8954,9.0954,9.3076,9.5249,9.736,9.998,10.278,10.583,10.903,11.254,11.608,11.97,12.281,12.554,12.725,13.006,13.136,13.04,13.381,13.087,13.025
1,1,R/Ohm,0.35448,0.21464,0.09989,-0.0079764,-0.098709,-0.18047,-0.25447,-0.32192,-0.38416,-0.44567,-0.49921,-0.54941,-0.59632,-0.63977,-0.6819,-0.71887,-0.75405,-0.78747,-0.81897,-0.84996,-0.88078,-0.91154,-0.94375,-0.97677,-1.0112,-1.0462,-1.0829,-1.1219,-1.1614,-1.2023,-1.2458,-1.288,-1.3311,-1.3766,-1.4198,-1.4638,-1.5082,-1.5432,-1.5759,-1.5917,-1.586,-1.5545,-1.4817,-1.353,-1.1667,-0.94867,-0.71391,-0.49612,-0.32333,-0.19414,-0.11121,-0.068742,-0.028035,5.0645,5.0904,5.1198,5.1545,5.1893,5.2295,5.2794,5.3355,5.4004,5.4726,5.5481,5.6284,5.7159,5.8135,5.9158,6.0269,6.1405,6.257,6.3755,6.4981,6.6254,6.7562,6.8947,7.034,7.1754,7.3252,7.4809,7.6426,7.8067,7.9791,8.1561,8.3354,8.526,8.7264,8.9359,9.1553,9.4164,9.6855,9.9765,10.292,10.634,10.998,11.39,11.774,12.14,12.478,12.725,12.904,12.991,12.903,12.635,12.618,13.008
2,2,R/Ohm,0.36509,0.22122,0.10361,-0.008228,-0.099775,-0.18306,-0.25714,-0.32485,-0.38893,-0.45184,-0.50716,-0.55949,-0.60871,-0.6553,-0.69983,-0.73906,-0.77691,-0.81259,-0.8458,-0.87992,-0.91379,-0.94607,-0.97972,-1.014,-1.0502,-1.0912,-1.1297,-1.1747,-1.2192,-1.265,-1.3165,-1.3693,-1.4251,-1.4883,-1.5486,-1.6165,-1.6843,-1.7579,-1.8404,-1.9206,-1.9905,-2.0473,-2.0612,-2.0115,-1.8688,-1.6279,-1.2925,-0.93525,-0.61942,-0.37783,-0.22488,-0.13774,-0.066598,5.1555,5.1866,5.2262,5.2607,5.3018,5.3465,5.3997,5.4598,5.5263,5.5962,5.6758,5.7637,5.8622,5.9629,6.0676,6.1785,6.2974,6.4188,6.5448,6.6757,6.812,6.9468,7.0844,7.2269,7.3828,7.5373,7.699,7.8661,8.0433,8.2107,8.3865,8.5768,8.7774,8.9848,9.2022,9.4303,9.6747,9.9563,10.272,10.631,11.026,11.477,11.968,12.509,13.074,13.629,14.041,14.352,14.479,14.378,14.268,14.494,14.487
3,3,R/Ohm,0.35263,0.20706,0.081032,-0.025407,-0.093765,-0.17836,-0.24394,-0.30603,-0.3586,-0.41271,-0.46019,-0.4954,-0.54111,-0.58522,-0.60876,-0.63746,-0.66887,-0.69671,-0.72274,-0.75087,-0.77543,-0.79718,-0.83144,-0.87,-0.88349,-0.91637,-0.9528,-0.98181,-1.0181,-1.0452,-1.079,-1.1094,-1.1347,-1.1594,-1.1793,-1.1954,-1.1915,-1.1928,-1.1745,-1.1297,-1.0615,-0.972,-0.85119,-0.70601,-0.55669,-0.41755,-0.2941,-0.1952,-0.12233,-0.079204,-0.050816,-0.023869,-0.025067,4.4938,4.5411,4.5717,4.6035,4.6385,4.6865,4.7324,4.7897,4.8416,4.9087,4.984,5.0632,5.1513,5.238,5.344,5.4332,5.539,5.6436,5.7498,5.8596,5.974,6.0968,6.2128,6.3307,6.4583,6.5883,6.7287,6.8885,7.0372,7.1896,7.3436,7.5148,7.6926,7.8715,8.0557,8.2425,8.4398,8.6798,8.8962,9.1144,9.3364,9.5525,9.7422,9.8933,10.024,10.126,10.182,10.175,10.191,10.259,10.424,10.415,10.129
4,4,R/Ohm,0.25965,0.14452,0.038061,-0.06312,-0.14211,-0.21556,-0.28746,-0.34518,-0.40092,-0.46285,-0.51442,-0.56297,-0.60908,-0.65076,-0.69131,-0.72893,-0.76327,-0.79595,-0.82583,-0.85639,-0.88849,-0.91993,-0.95332,-0.98695,-1.0208,-1.0607,-1.0989,-1.1426,-1.1874,-1.2319,-1.2811,-1.3333,-1.3866,-1.4442,-1.5055,-1.5698,-1.635,-1.6995,-1.7682,-1.8296,-1.884,-1.9167,-1.904,-1.8281,-1.6644,-1.4152,-1.1021,-0.78909,-0.51995,-0.31569,-0.18891,-0.11625,-0.063272,5.0867,5.1069,5.1309,5.1619,5.2056,5.2477,5.2951,5.3557,5.4163,5.4826,5.5643,5.6538,5.7485,5.8487,5.9536,6.0654,6.1782,6.2964,6.4164,6.5388,6.6681,6.8158,6.9512,7.0897,7.2346,7.3836,7.5378,7.7001,7.8679,8.0396,8.22,8.4103,8.6067,8.8191,9.0336,9.2639,9.5185,9.7996,10.107,10.45,10.854,11.295,11.779,12.285,12.813,13.279,13.632,13.897,14.03,13.9,13.817,14.043,14.042
5,5,R/Ohm,0.25122,0.13864,0.028458,-0.063154,-0.14818,-0.22356,-0.29157,-0.35675,-0.41513,-0.47352,-0.52739,-0.5757,-0.62627,-0.6716,-0.71352,-0.75093,-0.78908,-0.81926,-0.85467,-0.88777,-0.91741,-0.95703,-0.98843,-1.0252,-1.0613,-1.1011,-1.1372,-1.1815,-1.2229,-1.2711,-1.3217,-1.3712,-1.4229,-1.4782,-1.5337,-1.5926,-1.6462,-1.6981,-1.7483,-1.7788,-1.7979,-1.7974,-1.7438,-1.6212,-1.4189,-1.1663,-0.87188,-0.58899,-0.37397,-0.23428,-0.13957,-0.084896,-0.047355,5.1506,5.2059,5.236,5.2751,5.3089,5.3614,5.4199,5.4739,5.5407,5.6125,5.7017,5.7948,5.8973,6.0027,6.1082,6.2303,6.3535,6.4689,6.5961,6.7269,6.8642,7.0192,7.1732,7.3278,7.4798,7.6432,7.8062,7.9753,8.1505,8.3355,8.5279,8.7231,8.9265,9.1461,9.3729,9.6029,9.8552,10.132,10.421,10.72,11.082,11.497,11.926,12.343,12.73,13.072,13.26,13.257,13.223,13.219,13.161,13.489,13.263
6,6,R/Ohm,0.48486,0.31932,0.18912,0.06906,-0.029026,-0.1167,-0.19384,-0.26288,-0.3242,-0.38379,-0.43565,-0.482,-0.5254,-0.56246,-0.59895,-0.62932,-0.66036,-0.68922,-0.71758,-0.74576,-0.77246,-0.80007,-0.82778,-0.85686,-0.88663,-0.91824,-0.95041,-0.98341,-1.0158,-1.0487,-1.0828,-1.1145,-1.1452,-1.1761,-1.1994,-1.221,-1.2287,-1.2296,-1.2128,-1.1772,-1.1173,-1.0318,-0.91113,-0.76479,-0.61173,-0.46348,-0.33496,-0.23175,-0.14635,-0.086802,-0.051446,-0.037416,-0.0038241,4.5494,4.5695,4.5944,4.6239,4.6631,4.7018,4.7499,4.8035,4.8635,4.9249,4.997,5.0727,5.1544,5.2406,5.3269,5.421,5.5172,5.6159,5.7196,5.8264,5.9375,6.0542,6.1735,6.2985,6.4255,6.5599,6.6981,6.8513,6.9987,7.1495,7.3086,7.4748,7.6493,7.8322,8.0206,8.2162,8.4131,8.6297,8.8584,9.1029,9.3614,9.6094,9.8321,10.023,10.212,10.357,10.507,10.699,10.733,10.603,10.522,10.708,10.578
7,7,R/Ohm,0.32937,0.18334,0.082384,-0.022103,-0.11685,-0.18182,-0.26442,-0.344,-0.4004,-0.45924,-0.51788,-0.56252,-0.6122,-0.65329,-0.69398,-0.73112,-0.75952,-0.79231,-0.82705,-0.85737,-0.88638,-0.92424,-0.95003,-0.99283,-1.0158,-1.052,-1.0921,-1.1299,-1.1711,-1.2126,-1.2552,-1.2989,-1.345,-1.392,-1.4356,-1.4784,-1.525,-1.5511,-1.574,-1.5777,-1.5561,-1.5055,-1.3984,-1.234,-1.0296,-0.80213,-0.57562,-0.38479,-0.24355,-0.15425,-0.10415,-0.058862,-0.032086,5.0622,5.0834,5.1143,5.1568,5.207,5.2531,5.2998,5.3486,5.4184,5.4964,5.5688,5.6664,5.7551,5.8582,5.9611,6.0723,6.1867,6.3023,6.4321,6.5577,6.6886,6.8238,6.9586,7.1018,7.2444,7.3973,7.5516,7.7094,7.8747,8.042,8.2214,8.41,8.5989,8.8035,9.0145,9.2343,9.4938,9.748,10.04,10.34,10.675,11.029,11.355,11.657,11.924,12.117,12.168,12.188,12.158,12.254,12.591,12.846,12.279
8,8,R/Ohm,0.31338,0.17559,0.082374,-0.010257,-0.10303,-0.16722,-0.24944,-0.30171,-0.3651,-0.41522,-0.45867,-0.50358,-0.5369,-0.57347,-0.60284,-0.6335,-0.66167,-0.68496,-0.70715,-0.73254,-0.75728,-0.78198,-0.80942,-0.8338,-0.86342,-0.891,-0.91793,-0.94679,-0.97544,-1.0025,-1.0281,-1.0521,-1.0716,-1.0854,-1.091,-1.0901,-1.0715,-1.0361,-0.9848,-0.9098,-0.81221,-0.70218,-0.57937,-0.45394,-0.33974,-0.24799,-0.17082,-0.11335,-0.072302,-0.047447,-0.027953,-0.015314,-0.011374,4.5176,4.5403,4.5694,4.6063,4.6333,4.6808,4.7224,4.7646,4.8365,4.8985,4.9736,5.0504,5.1355,5.2161,5.308,5.4,5.4936,5.5921,5.6899,5.7924,5.8978,6.0062,6.1186,6.2351,6.352,6.4757,6.6038,6.7448,6.8834,7.0279,7.1785,7.3344,7.4969,7.6663,7.8391,8.0161,8.1883,8.3743,8.5643,8.7491,8.9207,9.0685,9.1908,9.2808,9.3496,9.4096,9.435,9.4824,9.553,9.6567,9.7084,9.4411,9.6678
9,9,R/Ohm,0.40312,0.23989,0.12262,0.0026453,-0.095282,-0.1817,-0.26109,-0.3324,-0.40146,-0.4674,-0.51695,-0.5829,-0.63572,-0.68971,-0.73491,-0.77396,-0.81712,-0.85866,-0.89077,-0.92635,-0.96141,-0.99888,-1.033,-1.0678,-1.1043,-1.1476,-1.1871,-1.2342,-1.2756,-1.3288,-1.3844,-1.4434,-1.5022,-1.566,-1.637,-1.7118,-1.7927,-1.8804,-1.9788,-2.0754,-2.1688,-2.2526,-2.2987,-2.2923,-2.1701,-1.9201,-1.5493,-1.1318,-0.76285,-0.47482,-0.28618,-0.18446,-0.1021,5.4069,5.4356,5.4662,5.5044,5.545,5.5931,5.6595,5.7071,5.7762,5.8498,5.9402,6.0247,6.1316,6.2388,6.3484,6.4691,6.5922,6.718,6.8556,6.994,7.1287,7.2735,7.4119,7.5723,7.7139,7.8798,8.0429,8.2103,8.3818,8.5647,8.758,8.9645,9.1764,9.396,9.6207,9.8574,10.146,10.438,10.788,11.163,11.578,12.044,12.564,13.169,13.773,14.335,14.79,15.11,15.311,15.302,15.305,15.832,15.423
10,10,R/Ohm,0.34875,0.20491,0.089153,-0.020447,-0.1087,-0.18552,-0.27394,-0.32555,-0.40131,-0.46257,-0.52579,-0.57646,-0.6191,-0.6696,-0.72077,-0.75651,-0.79745,-0.84027,-0.872,-0.90836,-0.94297,-0.98263,-1.0115,-1.0413,-1.0807,-1.1198,-1.1626,-1.2103,-1.2573,-1.3016,-1.3504,-1.4042,-1.4655,-1.5274,-1.5883,-1.6599,-1.7254,-1.8006,-1.8855,-1.9679,-2.0459,-2.1104,-2.1413,-2.111,-1.9883,-1.7508,-1.3985,-0.99501,-0.67034,-0.40719,-0.26751,-0.15386,-0.096145,5.2597,5.2878,5.3158,5.3604,5.4039,5.4641,5.5222,5.5806,5.6481,5.7231,5.8088,5.8988,5.9991,6.1013,6.2123,6.3356,6.4563,6.5785,6.7095,6.8448,6.985,7.1268,7.2707,7.4205,7.5756,7.7244,7.8907,8.0584,8.2304,8.4037,8.5889,8.774,8.9714,9.1775,9.388,9.6063,9.8366,10.099,10.395,10.729,11.117,11.541,12.036,12.577,13.171,13.739,14.153,14.334,14.533,14.575,14.804,14.972,14.421
11,11,R/Ohm,0.23449,0.10933,0.017283,-0.065106,-0.17699,-0.21523,-0.2918,-0.32999,-0.41163,-0.46982,-0.51966,-0.57704,-0.61892,-0.66614,-0.70655,-0.74885,-0.78779,-0.81769,-0.85347,-0.88726,-0.9183,-0.95172,-0.98555,-1.0217,-1.0599,-1.0978,-1.1374,-1.1789,-1.2234,-1.2703,-1.3172,-1.3726,-1.4264,-1.4893,-1.5483,-1.6182,-1.684,-1.754,-1.8309,-1.9073,-1.9752,-2.0234,-2.0489,-2.0061,-1.8753,-1.6383,-1.3133,-0.96246,-0.55803,-0.42904,-0.26726,-0.14238,-0.094598,5.2382,5.2547,5.2974,5.3314,5.3619,5.4107,5.4659,5.5159,5.5782,5.6518,5.7351,5.8155,5.9105,6.0159,6.1107,6.2221,6.3336,6.4505,6.5733,6.696,6.8309,6.9665,7.0968,7.2351,7.3787,7.5279,7.6815,7.8417,8.0073,8.1777,8.3539,8.5377,8.7296,8.9303,9.141,9.3587,9.5801,9.8353,10.121,10.445,10.815,11.192,11.695,12.23,12.788,13.309,13.747,14.094,14.375,14.578,14.818,14.492,14.761
12,12,R/Ohm,-2.3007,-0.10735,-0.19033,-0.23879,-0.30704,-0.34557,-0.39214,-0.42034,-0.47923,-0.53237,-0.57212,-0.62143,-0.66157,-0.70318,-0.74158,-0.78691,-0.81209,-0.8563,-0.88252,-0.90293,-0.93588,-0.95804,-1.0058,-1.0438,-1.0528,-1.092,-1.1397,-1.1965,-1.2471,-1.2944,-1.3661,-1.4025,-1.4834,-1.5499,-1.6069,-1.6974,-1.8768,-1.8009,-1.8908,-1.9807,-2.0722,-2.1516,-2.1968,-2.1762,-2.0634,-1.8286,-1.475,-1.0643,-0.69878,-0.43402,-0.28003,-0.16852,-0.088746,4.0559,5.2513,5.2777,5.3355,5.3904,5.4243,5.4797,5.5917,5.6222,5.7015,5.7884,5.8772,5.9819,6.0893,6.1981,6.3194,6.4394,6.5695,6.6961,6.7909,6.9346,7.0733,7.221,7.4252,7.598,7.7818,7.9406,8.0837,8.272,8.4235,8.5917,8.8007,8.9999,9.2063,9.4376,9.6689,9.8511,10.191,10.432,10.791,11.175,11.626,12.141,12.709,13.318,13.891,14.344,14.59,14.608,14.621,14.901,15.221,14.809
13,13,R/Ohm,0.24375,0.12469,0.019696,-0.074861,-0.15181,-0.23883,-0.3003,-0.367,-0.42266,-0.48378,-0.53738,-0.58651,-0.63561,-0.6781,-0.71698,-0.75624,-0.79097,-0.82703,-0.8593,-0.89144,-0.92163,-0.95232,-0.98838,-1.0168,-1.057,-1.0971,-1.1422,-1.1856,-1.2305,-1.2739,-1.3255,-1.3744,-1.4301,-1.4808,-1.5455,-1.6007,-1.6859,-1.6906,-1.75,-1.7943,-1.8146,-1.8144,-1.7654,-1.6525,-1.4616,-1.2014,-0.90547,-0.62085,-0.39829,-0.24495,-0.1535,-0.097358,-0.053935,5.2264,5.2448,5.2853,5.3102,5.3471,5.4003,5.449,5.5143,5.5746,5.6464,5.7327,5.825,5.9261,6.0297,6.1452,6.2666,6.3908,6.5154,6.642,6.7906,6.9275,7.0754,7.2153,7.3545,7.5132,7.679,7.8413,8.0023,8.1652,8.3542,8.5493,8.7354,8.9445,9.1634,9.3792,9.603,9.8659,10.112,10.376,10.703,11.064,11.455,11.871,12.297,12.71,13.038,13.242,13.326,13.324,13.287,13.38,13.764,13.347
14,14,R/Ohm,0.35531,0.21784,0.090718,-0.009447,-0.098189,-0.18296,-0.25771,-0.32543,-0.39143,-0.4457,-0.51131,-0.56742,-0.61059,-0.65222,-0.69712,-0.72979,-0.76983,-0.80154,-0.83041,-0.86124,-0.892,-0.92305,-0.95371,-0.98398,-1.0204,-1.0541,-1.0896,-1.1288,-1.1679,-1.2086,-1.2536,-1.2982,-1.3442,-1.394,-1.4417,-1.4927,-1.539,-1.5818,-1.621,-1.6462,-1.649,-1.6289,-1.5625,-1.4375,-1.2469,-1.0105,-0.75917,-0.52727,-0.34819,-0.22616,-0.14278,-0.073819,-0.051959,5.1349,5.1624,5.1803,5.2219,5.2668,5.3108,5.3609,5.4234,5.485,5.5563,5.6158,5.6989,5.7874,5.891,5.995,6.1055,6.2154,6.3232,6.4352,6.5543,6.676,6.8041,6.9342,7.0667,7.2025,7.346,7.4924,7.6466,7.8068,7.9704,8.1416,8.3212,8.5098,8.7041,8.9124,9.1327,9.3656,9.6223,9.9017,10.199,10.519,10.869,11.255,11.643,11.999,12.309,12.526,12.688,12.824,13.027,13.179,12.893,13.101
15,15,R/Ohm,0.28572,0.16235,0.054948,-0.048317,-0.11566,-0.21377,-0.28531,-0.33907,-0.40609,-0.47412,-0.53023,-0.58036,-0.63057,-0.67889,-0.71755,-0.76837,-0.79709,-0.83541,-0.87084,-0.90221,-0.93568,-0.9746,-1.0073,-1.0509,-1.0742,-1.1165,-1.1624,-1.2044,-1.2559,-1.2928,-1.3539,-1.4139,-1.4527,-1.5163,-1.6004,-1.6519,-1.6407,-1.8006,-1.9051,-1.9848,-2.0737,-2.1548,-2.2031,-2.1812,-2.0634,-1.8279,-1.4784,-1.078,-0.72487,-0.45787,-0.29004,-0.16706,-0.09502,5.2587,5.3145,5.3174,5.3584,5.416,5.4501,5.5012,5.5844,5.6229,5.7029,5.7866,5.8745,5.9708,6.081,6.1968,6.3094,6.4326,6.5523,6.6788,6.8103,6.949,7.0805,7.2281,7.3771,7.5267,7.675,7.8409,8.0107,8.1785,8.3486,8.5254,8.735,8.9204,9.1225,9.3345,9.5642,9.8126,10.112,10.388,10.721,11.115,11.565,12.086,12.648,13.239,13.81,14.272,14.585,14.754,14.801,15.067,15.225,14.75
16,16,R/Ohm,0.27325,0.14913,0.027239,-0.056499,-0.13211,-0.21814,-0.28423,-0.35253,-0.4056,-0.47008,-0.52494,-0.5705,-0.61843,-0.66076,-0.69956,-0.73162,-0.76321,-0.80083,-0.82958,-0.85942,-0.88913,-0.91816,-0.95547,-0.98215,-1.0199,-1.0582,-1.0939,-1.1324,-1.1725,-1.2107,-1.2508,-1.2908,-1.331,-1.3676,-1.4048,-1.4365,-1.454,-1.4672,-1.4675,-1.4472,-1.3995,-1.3243,-1.2026,-1.0346,-0.84497,-0.64332,-0.45758,-0.27557,-0.18203,-0.12087,-0.078136,-0.039121,-0.029446,5.0874,5.114,5.1432,5.1695,5.2091,5.2481,5.3046,5.3666,5.43,5.5021,5.5909,5.6873,5.7875,5.8883,6.0006,6.1103,6.2309,6.3527,6.4791,6.6037,6.7365,6.8888,7.0345,7.1716,7.3197,7.4715,7.6234,7.7851,7.9519,8.1163,8.2952,8.4822,8.6748,8.8674,9.0713,9.2833,9.4853,9.716,9.9853,10.264,10.568,10.879,11.17,11.416,11.654,11.769,11.817,11.757,11.821,11.805,12.051,12.088,11.984
17,17,R/Ohm,0.25489,0.14447,0.043276,-0.044781,-0.1224,-0.1872,-0.25187,-0.30849,-0.36222,-0.41357,-0.45904,-0.50095,-0.53567,-0.57147,-0.60409,-0.62993,-0.65727,-0.68308,-0.70991,-0.73482,-0.75809,-0.78344,-0.80979,-0.83495,-0.86271,-0.89028,-0.91784,-0.94838,-0.97663,-1.0044,-1.0304,-1.0561,-1.0774,-1.0935,-1.1022,-1.1039,-1.0922,-1.0619,-1.0133,-0.94185,-0.84466,-0.7335,-0.60726,-0.47526,-0.35754,-0.25956,-0.17981,-0.1188,-0.075459,-0.048594,-0.026606,-0.017765,-0.0087771,4.5495,4.5662,4.5862,4.6105,4.643,4.6824,4.7261,4.7758,4.8337,4.8992,4.9707,5.0469,5.1301,5.2151,5.3035,5.3971,5.4906,5.5867,5.6876,5.7897,5.8954,6.0032,6.1136,6.2314,6.3514,6.4772,6.6086,6.7522,6.8924,7.037,7.1885,7.3478,7.5128,7.6842,7.8632,8.0455,8.2325,8.4331,8.637,8.8361,9.0263,9.1894,9.3319,9.4329,9.5235,9.5909,9.6385,9.6808,9.7438,9.8108,9.7078,9.5541,9.7961
18,18,R/Ohm,0.2921,0.17106,0.081388,-0.024156,-0.10871,-0.1781,-0.24131,-0.29898,-0.3544,-0.40756,-0.45114,-0.49526,-0.53272,-0.5677,-0.60132,-0.62898,-0.65809,-0.68515,-0.71107,-0.737,-0.76313,-0.78958,-0.81604,-0.84344,-0.87373,-0.90108,-0.93156,-0.96221,-0.99351,-1.025,-1.0575,-1.0889,-1.1185,-1.1477,-1.1682,-1.1895,-1.1979,-1.1934,-1.1782,-1.1404,-1.0759,-0.98651,-0.86415,-0.7191,-0.56447,-0.42082,-0.29662,-0.19879,-0.13339,-0.082947,-0.048941,-0.024932,-0.01384,4.5399,4.5542,4.5815,4.6063,4.6399,4.679,4.7216,4.772,4.8257,4.8858,4.9547,5.0295,5.1056,5.1903,5.2773,5.3694,5.4629,5.5588,5.6576,5.7594,5.8628,5.9725,6.0863,6.204,6.3241,6.4468,6.575,6.7156,6.8552,7.0032,7.1579,7.3175,7.4844,7.6585,7.8394,8.0306,8.22,8.4365,8.668,8.9109,9.152,9.3776,9.5821,9.7581,9.8889,9.9765,10.037,10.161,10.239,10.371,10.308,10.148,10.53
19,19,R/Ohm,0.41301,0.25,0.11839,0.013328,-0.093564,-0.18544,-0.25433,-0.31347,-0.38868,-0.45741,-0.50582,-0.55658,-0.61124,-0.6558,-0.70272,-0.74058,-0.77756,-0.81084,-0.84784,-0.87965,-0.91181,-0.94356,-0.97664,-1.0089,-1.0478,-1.084,-1.1243,-1.1645,-1.2075,-1.2512,-1.296,-1.3435,-1.3949,-1.4476,-1.4988,-1.5546,-1.6044,-1.6545,-1.7038,-1.7394,-1.758,-1.7512,-1.6896,-1.5718,-1.3923,-1.1374,-0.86103,-0.59713,-0.40116,-0.26201,-0.16418,-0.082278,-0.057301,5.2347,5.2575,5.286,5.3096,5.3461,5.3862,5.4369,5.4975,5.556,5.6235,5.7084,5.7904,5.8846,5.9854,6.0938,6.2126,6.3333,6.4594,6.5852,6.7196,6.8507,6.987,7.1322,7.2822,7.4234,7.5752,7.7314,7.8885,8.0524,8.2227,8.3996,8.5825,8.7738,8.9738,9.1835,9.4063,9.639,9.9001,10.186,10.495,10.843,11.224,11.598,12.015,12.449,12.761,13.001,13.144,13.369,13.635,13.87,13.489,13.631
20,20,R/Ohm,0.25313,0.12645,0.02935,-0.063346,-0.15365,-0.20982,-0.2895,-0.33117,-0.40769,-0.47194,-0.52423,-0.56579,-0.61313,-0.65649,-0.69205,-0.72705,-0.76142,-0.79575,-0.82191,-0.85345,-0.88249,-0.92052,-0.94255,-0.97804,-1.0129,-1.0461,-1.0838,-1.1284,-1.1702,-1.2103,-1.2501,-1.2959,-1.3396,-1.3831,-1.4248,-1.4662,-1.488,-1.5162,-1.5299,-1.517,-1.4767,-1.4043,-1.2909,-1.1195,-0.91508,-0.70398,-0.50436,-0.34055,-0.21663,-0.14037,-0.088845,-0.0448,-0.030693,5.051,5.0808,5.0989,5.1327,5.1862,5.2114,5.2709,5.3234,5.4038,5.4724,5.5768,5.6617,5.7572,5.8666,5.9686,6.0775,6.1908,6.315,6.4331,6.5521,6.6806,6.8137,6.9492,7.0959,7.2341,7.3842,7.5389,7.705,7.8762,8.053,8.2353,8.4228,8.6163,8.8148,9.0306,9.2523,9.4669,9.7184,9.9975,10.269,10.568,10.873,11.19,11.434,11.648,11.802,11.88,11.95,11.968,12.095,12.356,12.196,11.991
21,21,R/Ohm,0.43456,0.27657,0.14685,0.024926,-0.071344,-0.16139,-0.23712,-0.31071,-0.37428,-0.43711,-0.49248,-0.54576,-0.59295,-0.63646,-0.67756,-0.71398,-0.74808,-0.78071,-0.81241,-0.84281,-0.8735,-0.90439,-0.93622,-0.96784,-1.0028,-1.0368,-1.0726,-1.1109,-1.1496,-1.1895,-1.2314,-1.2729,-1.3168,-1.3614,-1.4035,-1.4452,-1.4824,-1.5088,-1.5289,-1.5301,-1.4995,-1.4398,-1.3379,-1.1788,-0.98593,-0.7675,-0.5623,-0.38646,-0.25064,-0.15643,-0.090696,-0.052765,-0.033085,5.0315,5.0532,5.0786,5.1096,5.1461,5.1889,5.2394,5.296,5.3628,5.4441,5.5227,5.6111,5.7065,5.806,5.909,6.0174,6.1307,6.2524,6.3702,6.4906,6.6206,6.751,6.8858,7.0212,7.157,7.2999,7.4498,7.6057,7.7644,7.9348,8.1094,8.2889,8.4825,8.6917,8.9005,9.1198,9.3717,9.6304,9.9149,10.227,10.544,10.881,11.23,11.54,11.842,12.045,12.216,12.375,12.442,12.455,12.338,12.218,12.528
22,22,R/Ohm,0.27137,0.14088,0.052739,-0.063291,-0.14109,-0.22628,-0.28814,-0.35,-0.41263,-0.4738,-0.52977,-0.58101,-0.62534,-0.67122,-0.71184,-0.74639,-0.7901,-0.82214,-0.85623,-0.89105,-0.92591,-0.96413,-0.99494,-1.0249,-1.0615,-1.0993,-1.1419,-1.1848,-1.2257,-1.2746,-1.327,-1.3772,-1.4302,-1.4904,-1.5497,-1.6131,-1.6705,-1.7343,-1.7996,-1.8591,-1.9062,-1.9409,-1.925,-1.8449,-1.6676,-1.4143,-1.0987,-0.77412,-0.51117,-0.32359,-0.20375,-0.11555,-0.07658,5.235,5.2378,5.2762,5.3041,5.3469,5.4054,5.4558,5.5112,5.5727,5.6435,5.7239,5.8063,5.9048,6.0118,6.1251,6.2404,6.359,6.486,6.619,6.7718,6.9054,7.0495,7.184,7.3218,7.4736,7.628,7.783,7.9401,8.1142,8.2871,8.467,8.6634,8.853,9.0598,9.2745,9.4912,9.7243,9.9837,10.258,10.58,10.943,11.364,11.808,12.283,12.723,13.158,13.462,13.643,13.755,13.837,14.098,14.117,13.898
23,23,R/Ohm,0.28316,0.14362,0.048048,-0.055558,-0.13673,-0.21887,-0.29311,-0.34691,-0.41925,-0.49136,-0.53878,-0.58577,-0.63827,-0.68267,-0.72737,-0.76336,-0.79712,-0.83081,-0.85938,-0.89019,-0.91961,-0.95005,-0.98207,-1.0155,-1.0509,-1.0872,-1.1251,-1.1671,-1.2094,-1.2543,-1.3013,-1.3491,-1.3995,-1.4537,-1.5041,-1.5604,-1.609,-1.6586,-1.7073,-1.7392,-1.7566,-1.7482,-1.6916,-1.5789,-1.3941,-1.1448,-0.87375,-0.61282,-0.40837,-0.27005,-0.16431,-0.083772,-0.05842,5.3178,5.3505,5.3817,5.4136,5.4573,5.4979,5.5509,5.621,5.6732,5.7467,5.8324,5.9261,6.0149,6.1167,6.2232,6.3386,6.4492,6.5652,6.6843,6.8026,6.9257,7.0542,7.1851,7.3223,7.4624,7.6065,7.7543,7.9116,8.0767,8.2505,8.427,8.6112,8.8051,9.0104,9.2264,9.4473,9.6818,9.9401,10.235,10.539,10.89,11.27,11.664,12.095,12.508,12.839,13.118,13.312,13.502,13.776,13.944,13.426,13.62
24,24,R/Ohm,0.37757,0.2328,0.10707,-0.0069854,-0.11126,-0.1781,-0.2603,-0.34579,-0.40341,-0.46423,-0.52353,-0.57362,-0.62766,-0.67401,-0.71264,-0.75098,-0.7887,-0.8238,-0.86084,-0.8945,-0.92551,-0.96698,-0.99327,-1.0348,-1.0646,-1.1046,-1.1515,-1.1944,-1.2418,-1.2826,-1.3347,-1.3891,-1.4391,-1.498,-1.5591,-1.6182,-1.6991,-1.7654,-1.8153,-1.8716,-1.9083,-1.9211,-1.8792,-1.7598,-1.555,-1.286,-0.97149,-0.66395,-0.42712,-0.25754,-0.1607,-0.10158,-0.054105,5.2959,5.3028,5.3301,5.3709,5.4028,5.4545,5.5174,5.561,5.6433,5.71,5.7932,5.8833,5.9721,6.0739,6.1843,6.3027,6.4256,6.553,6.6979,6.8345,6.9677,7.0985,7.2502,7.3946,7.5638,7.7279,7.8916,8.0594,8.2295,8.4075,8.6015,8.7977,9.0097,9.221,9.4355,9.6662,9.8909,10.236,10.55,10.913,11.302,11.717,12.166,12.616,13.018,13.384,13.595,13.652,13.67,13.55,13.659,14.097,13.715
25,25,R/Ohm,0.44674,0.28439,0.15428,0.032207,-0.069443,-0.15778,-0.23757,-0.31006,-0.37653,-0.43912,-0.4955,-0.54795,-0.59701,-0.64161,-0.68441,-0.72205,-0.75752,-0.79134,-0.82322,-0.85461,-0.88674,-0.91812,-0.95168,-0.98577,-1.0212,-1.0577,-1.0956,-1.1373,-1.178,-1.2236,-1.2701,-1.317,-1.3659,-1.4159,-1.4687,-1.5248,-1.5809,-1.6315,-1.6847,-1.7299,-1.7576,-1.7603,-1.7282,-1.6308,-1.4641,-1.2429,-0.97964,-0.6901,-0.46116,-0.27534,-0.16545,-0.10155,-0.039387,5.0895,5.1143,5.1408,5.1775,5.2164,5.2562,5.3061,5.3634,5.428,5.4992,5.5764,5.6641,5.7571,5.8533,5.954,6.0632,6.1779,6.2957,6.4158,6.5402,6.6719,6.809,6.9473,7.0915,7.2418,7.3925,7.5461,7.7075,7.8782,8.0586,8.2427,8.4242,8.6106,8.8084,9.0229,9.2471,9.5043,9.7649,10.055,10.385,10.742,11.113,11.55,11.99,12.449,12.939,13.366,13.565,13.738,13.614,13.559,13.612,13.8
26,26,R/Ohm,0.27644,0.14299,0.045951,-0.057783,-0.14703,-0.21993,-0.29276,-0.36691,-0.42067,-0.48072,-0.54214,-0.5928,-0.63985,-0.69113,-0.74056,-0.77891,-0.8129,-0.84868,-0.88142,-0.91492,-0.94569,-0.9822,-1.0135,-1.0538,-1.0818,-1.1208,-1.1642,-1.2053,-1.2554,-1.3004,-1.3568,-1.4064,-1.4646,-1.5253,-1.5899,-1.6608,-1.7351,-1.8051,-1.8867,-1.9672,-2.0406,-2.1038,-2.1298,-2.0914,-1.9625,-1.7172,-1.3725,-1.0013,-0.67879,-0.44118,-0.28017,-0.15179,-0.10128,5.36,5.4008,5.4373,5.4765,5.5039,5.5568,5.613,5.6788,5.7454,5.8188,5.8965,5.9926,6.0893,6.194,6.3015,6.4128,6.5386,6.6613,6.7853,6.9133,7.0424,7.1836,7.3154,7.4566,7.6079,7.7645,7.9176,8.0835,8.253,8.4265,8.6099,8.7946,8.9943,9.2006,9.4167,9.6399,9.856,10.121,10.421,10.747,11.118,11.532,12.007,12.541,13.102,13.622,14.029,14.354,14.582,14.77,15.087,14.97,14.784
27,27,R/Ohm,0.3052,0.18445,0.073559,-0.020396,-0.10129,-0.1748,-0.24014,-0.29733,-0.35494,-0.4082,-0.45623,-0.50484,-0.5415,-0.57437,-0.60577,-0.63282,-0.66046,-0.68445,-0.71202,-0.73578,-0.76051,-0.78685,-0.81262,-0.8393,-0.8682,-0.89705,-0.92515,-0.9546,-0.98358,-1.0118,-1.0392,-1.0636,-1.0844,-1.1005,-1.1109,-1.1143,-1.1025,-1.0749,-1.0313,-0.96513,-0.87699,-0.7752,-0.65433,-0.52488,-0.40093,-0.29304,-0.2053,-0.1367,-0.088091,-0.05711,-0.031696,-0.018345,-0.014999,4.5214,4.5341,4.5615,4.5935,4.6241,4.6671,4.7164,4.7728,4.8312,4.9039,4.9728,5.0446,5.1242,5.2102,5.3006,5.3959,5.4946,5.5944,5.6969,5.8007,5.908,6.0183,6.1289,6.2455,6.3673,6.4904,6.6198,6.7558,6.8952,7.0402,7.1912,7.3433,7.5029,7.6716,7.8484,8.0312,8.206,8.4014,8.6001,8.7941,8.9875,9.1677,9.3239,9.4515,9.5419,9.5928,9.6551,9.7234,9.7851,9.8837,9.8371,9.641,9.8662
28,28,R/Ohm,0.33046,0.19666,0.090177,-0.0054663,-0.089469,-0.16487,-0.23233,-0.29463,-0.34588,-0.40015,-0.44779,-0.48887,-0.52784,-0.56133,-0.59421,-0.62071,-0.64785,-0.67209,-0.69625,-0.71987,-0.74328,-0.76789,-0.79169,-0.81645,-0.84298,-0.86764,-0.89443,-0.91944,-0.94389,-0.96917,-0.99242,-1.0121,-1.0289,-1.0385,-1.0395,-1.0334,-1.0129,-0.96969,-0.91002,-0.82766,-0.72801,-0.62172,-0.50651,-0.39331,-0.2928,-0.21013,-0.14574,-0.094397,-0.061142,-0.039124,-0.022187,-0.014119,-0.013765,4.4666,4.4768,4.502,4.5334,4.5699,4.6085,4.6572,4.7083,4.7693,4.8352,4.9105,4.9832,5.0614,5.1426,5.2292,5.315,5.4052,5.4962,5.5913,5.6892,5.7891,5.8923,5.9991,6.1116,6.2283,6.3489,6.4765,6.6075,6.7465,6.8929,7.0482,7.2095,7.3781,7.5531,7.7349,7.9224,8.1226,8.3013,8.4821,8.6508,8.8131,8.9562,9.0676,9.1581,9.2286,9.2689,9.3112,9.3375,9.4025,9.4731,9.4257,9.0855,9.381
29,29,R/Ohm,0.33759,0.19847,0.08792,-0.022539,-0.11163,-0.19165,-0.2634,-0.332,-0.39354,-0.4555,-0.50996,-0.56044,-0.60707,-0.65167,-0.6944,-0.73192,-0.76718,-0.80075,-0.8333,-0.86595,-0.89765,-0.92959,-0.96348,-0.99713,-1.0332,-1.0708,-1.1101,-1.1522,-1.1969,-1.2423,-1.2904,-1.3421,-1.3964,-1.4527,-1.5107,-1.5733,-1.6404,-1.7044,-1.7732,-1.8362,-1.8875,-1.9186,-1.9024,-1.8245,-1.6657,-1.4247,-1.1214,-0.80873,-0.53777,-0.33007,-0.18975,-0.11778,-0.065938,5.1278,5.1585,5.184,5.2187,5.255,5.2959,5.3452,5.4036,5.4689,5.5451,5.6274,5.7079,5.794,5.8922,5.9987,6.1114,6.2258,6.3433,6.4682,6.5963,6.7277,6.8614,7.0007,7.1413,7.2866,7.4385,7.5967,7.7612,7.934,8.1111,8.2913,8.4789,8.6735,8.876,9.0898,9.3165,9.5792,9.8542,10.162,10.504,10.899,11.319,11.778,12.284,12.804,13.295,13.704,13.999,14.139,14.135,13.865,13.854,14.066
30,30,R/Ohm,0.25638,0.14349,0.043203,-0.045002,-0.12536,-0.19458,-0.26374,-0.32196,-0.37008,-0.42213,-0.4665,-0.50637,-0.54278,-0.57538,-0.60518,-0.63062,-0.65517,-0.67858,-0.70152,-0.72538,-0.74837,-0.77351,-0.79908,-0.82549,-0.85321,-0.88013,-0.90816,-0.93625,-0.96284,-0.98818,-1.0121,-1.0327,-1.0485,-1.0582,-1.0576,-1.0505,-1.0278,-0.98649,-0.93073,-0.85565,-0.75984,-0.65538,-0.54117,-0.4246,-0.3197,-0.23202,-0.162,-0.10738,-0.069672,-0.044625,-0.024298,-0.014476,-0.0088468,4.497,4.5189,4.5384,4.5652,4.5952,4.6406,4.6893,4.7319,4.801,4.8652,4.9406,5.0181,5.1018,5.1888,5.2793,5.3764,5.4734,5.5701,5.6679,5.7677,5.8713,5.9773,6.0882,6.2011,6.3185,6.4417,6.5703,6.7067,6.8458,6.9906,7.1438,7.3008,7.4625,7.6301,7.7997,7.9721,8.1455,8.326,8.507,8.6833,8.8446,8.9816,9.1037,9.1986,9.2724,9.3182,9.3684,9.4154,9.4968,9.5937,9.5537,9.337,9.5699
31,31,R/Ohm,0.31126,0.18086,0.078075,-0.01625,-0.094703,-0.17098,-0.23526,-0.29462,-0.34753,-0.40351,-0.45061,-0.49185,-0.52984,-0.56463,-0.5982,-0.62678,-0.65498,-0.68105,-0.70589,-0.72947,-0.75442,-0.77985,-0.80574,-0.83155,-0.85542,-0.88196,-0.90842,-0.93704,-0.96179,-0.98573,-1.0068,-1.0256,-1.0385,-1.0454,-1.0434,-1.0332,-1.0067,-0.96162,-0.91215,-0.82013,-0.72363,-0.61494,-0.5025,-0.38892,-0.28864,-0.2095,-0.14327,-0.092504,-0.058896,-0.034022,-0.02088,-0.018209,-0.0017463,4.4804,4.5046,4.5286,4.5533,4.5903,4.627,4.6729,4.7256,4.7871,4.8526,4.925,5.0062,5.0872,5.1712,5.2604,5.3561,5.4541,5.5572,5.6642,5.7708,5.8802,5.9945,6.1096,6.2239,6.346,6.4728,6.5996,6.7417,6.884,7.0305,7.1814,7.3378,7.4994,7.6707,7.8482,8.0251,8.2184,8.4106,8.6112,8.7899,8.9747,9.1229,9.2517,9.3224,9.3902,9.4607,9.4669,9.472,9.4995,9.3891,9.2197,9.4137,9.4747
32,32,R/Ohm,0.29892,0.1737,0.045435,-0.046577,-0.12362,-0.18952,-0.25444,-0.31099,-0.36742,-0.41712,-0.46271,-0.50275,-0.54039,-0.57431,-0.60926,-0.63546,-0.66193,-0.68729,-0.71394,-0.73813,-0.76345,-0.79008,-0.81652,-0.84341,-0.87324,-0.90277,-0.93169,-0.9624,-0.99136,-1.0214,-1.0484,-1.0753,-1.0984,-1.1177,-1.13,-1.1356,-1.1289,-1.105,-1.0645,-1.0031,-0.91752,-0.81575,-0.69347,-0.56219,-0.43502,-0.32188,-0.22609,-0.1513,-0.095879,-0.059588,-0.033336,-0.023308,-0.0074981,4.4868,4.5122,4.5453,4.5782,4.6138,4.6561,4.7072,4.7598,4.8208,4.8879,4.9629,5.0425,5.1258,5.2158,5.3057,5.4012,5.4981,5.5978,5.7007,5.8055,5.9154,6.028,6.1452,6.2639,6.3874,6.5172,6.6494,6.7969,6.9403,7.0907,7.2464,7.4089,7.5779,7.7563,7.9363,8.1244,8.3223,8.5262,8.7299,8.9357,9.1374,9.3285,9.4982,9.645,9.772,9.8657,9.9325,10.021,10.061,10.034,9.8708,9.7816,10.036
33,33,R/Ohm,0.31918,0.18267,0.067224,-0.035809,-0.12318,-0.20377,-0.27725,-0.34461,-0.40781,-0.4701,-0.52579,-0.57797,-0.62776,-0.67409,-0.71796,-0.757,-0.79379,-0.82806,-0.86027,-0.89222,-0.92415,-0.95582,-0.98977,-1.0242,-1.0608,-1.0986,-1.1384,-1.1821,-1.2259,-1.2729,-1.3236,-1.3763,-1.4321,-1.4929,-1.5527,-1.6251,-1.6931,-1.7677,-1.8486,-1.9283,-2.0024,-2.0673,-2.1003,-2.079,-1.9597,-1.742,-1.4321,-1.0645,-0.70961,-0.42784,-0.24854,-0.15572,-0.082553,5.242,5.2743,5.3039,5.3421,5.3845,5.4333,5.4884,5.5459,5.6136,5.6888,5.7711,5.8606,5.9552,6.06,6.1674,6.2797,6.3945,6.509,6.6296,6.7519,6.8823,7.0161,7.1554,7.2988,7.4482,7.6018,7.7608,7.9246,8.0949,8.2698,8.4548,8.6481,8.847,9.0523,9.2735,9.5043,9.7603,10.033,10.343,10.69,11.081,11.522,12.031,12.605,13.204,13.816,14.396,14.818,14.948,14.776,14.532,14.773,14.832
34,34,R/Ohm,0.38372,0.24219,0.1282,-0.0034863,-0.094093,-0.1677,-0.22979,-0.29758,-0.35103,-0.41064,-0.45295,-0.50706,-0.5413,-0.57653,-0.61224,-0.64329,-0.67342,-0.69945,-0.72766,-0.75092,-0.77779,-0.79962,-0.82721,-0.85348,-0.88042,-0.90641,-0.93372,-0.959,-0.98378,-1.0067,-1.0283,-1.0453,-1.0558,-1.0615,-1.0544,-1.0393,-1.0028,-0.95011,-0.88114,-0.79143,-0.68534,-0.57533,-0.46433,-0.35547,-0.26214,-0.18654,-0.12882,-0.082484,-0.052495,-0.033599,-0.021427,-0.0092391,-0.01613,4.5703,4.5877,4.6146,4.648,4.6902,4.7266,4.7751,4.8276,4.898,4.9597,5.0329,5.1252,5.2073,5.2947,5.3923,5.4895,5.592,5.6985,5.8078,5.9142,6.0263,6.1371,6.2576,6.3767,6.5049,6.6336,6.7659,6.9078,7.0501,7.1962,7.3465,7.5064,7.6697,7.8379,8.008,8.18,8.3407,8.5089,8.6736,8.8254,8.9609,9.0688,9.1659,9.2256,9.27,9.282,9.2851,9.2798,9.2686,9.3299,9.5606,9.3946,9.4024
35,35,R/Ohm,0.2176,0.10268,-0.00072615,-0.08239,-0.16025,-0.23293,-0.29839,-0.35961,-0.40954,-0.47085,-0.53326,-0.57993,-0.63011,-0.6759,-0.72109,-0.76175,-0.80057,-0.83852,-0.87617,-0.9108,-0.94717,-0.98735,-1.02,-1.0645,-1.1009,-1.1369,-1.1822,-1.2243,-1.2725,-1.3209,-1.3744,-1.432,-1.4916,-1.5586,-1.6264,-1.7066,-1.7866,-1.8726,-1.9695,-2.0718,-2.1711,-2.2732,-2.3388,-2.3464,-2.2636,-2.0549,-1.7165,-1.2969,-0.90168,-0.59549,-0.3776,-0.20284,-0.13395,5.3541,5.3667,5.3961,5.4344,5.4695,5.5121,5.5682,5.6241,5.6904,5.7603,5.8447,5.9215,6.0209,6.1231,6.2248,6.334,6.4553,6.5759,6.706,6.8356,6.9708,7.105,7.2491,7.3999,7.5469,7.7034,7.8651,8.0343,8.2056,8.3813,8.5646,8.7604,8.9609,9.1687,9.3898,9.6166,9.8497,10.121,10.423,10.762,11.151,11.598,12.109,12.691,13.327,13.972,14.56,15.016,15.344,15.636,15.951,15.719,15.716
36,36,R/Ohm,0.2293,0.11864,0.022829,-0.053965,-0.12364,-0.18534,-0.25328,-0.30506,-0.35238,-0.4038,-0.45141,-0.494,-0.53438,-0.57747,-0.61302,-0.64919,-0.68145,-0.71396,-0.7419,-0.76963,-0.79496,-0.82346,-0.84749,-0.87349,-0.8999,-0.92707,-0.95157,-0.97719,-1.0038,-1.0309,-1.055,-1.0784,-1.0986,-1.1133,-1.1183,-1.1199,-1.0946,-1.0559,-1.0018,-0.92072,-0.82217,-0.70715,-0.58029,-0.44915,-0.33383,-0.24077,-0.16603,-0.10895,-0.070441,-0.046982,-0.028769,-0.011193,-0.0083542,4.7873,4.8008,4.8301,4.8554,4.8899,4.9281,4.9714,5.0165,5.0722,5.1273,5.1944,5.2676,5.343,5.4256,5.5075,5.6022,5.6957,5.7969,5.8997,6.0052,6.1132,6.2227,6.339,6.4602,6.5849,6.713,6.8429,6.9783,7.1178,7.2625,7.4139,7.5723,7.734,7.9028,8.0775,8.2594,8.4186,8.6049,8.7959,8.9793,9.1634,9.3223,9.4555,9.5514,9.6204,9.675,9.7144,9.7581,9.8332,9.9924,10.168,9.7264,9.9508
37,37,R/Ohm,0.30975,0.13468,0.022181,-0.065315,-0.1528,-0.23007,-0.29688,-0.36141,-0.42017,-0.48791,-0.54239,-0.59516,-0.64424,-0.68823,-0.73449,-0.77546,-0.80975,-0.84696,-0.88094,-0.91481,-0.94814,-0.9749,-1.0171,-1.0505,-1.0884,-1.132,-1.169,-1.2147,-1.2584,-1.3079,-1.3617,-1.4129,-1.4689,-1.5287,-1.5926,-1.6598,-1.7268,-1.8003,-1.8802,-1.9541,-2.0194,-2.0757,-2.1024,-2.0655,-1.9334,-1.6899,-1.3518,-0.97966,-0.65413,-0.42754,-0.27365,-0.14603,-0.089871,5.3498,5.377,5.4077,5.4328,5.4757,5.5201,5.5787,5.6331,5.6947,5.7711,5.85,5.9435,6.0359,6.1374,6.2508,6.3794,6.495,6.6283,6.773,6.9051,7.0444,7.1908,7.3348,7.4914,7.6376,7.7949,7.9577,8.1218,8.2968,8.4776,8.6644,8.8522,9.0546,9.2622,9.4852,9.7116,9.9486,10.226,10.528,10.85,11.199,11.609,12.088,12.609,13.147,13.656,14.06,14.344,14.543,14.717,15.08,14.919,14.784
38,38,R/Ohm,0.39924,0.2555,0.13825,0.029172,-0.06278,-0.14386,-0.21592,-0.2835,-0.34247,-0.39839,-0.44883,-0.49441,-0.53603,-0.57369,-0.60966,-0.64222,-0.67148,-0.69994,-0.72552,-0.7515,-0.77679,-0.80129,-0.82698,-0.85268,-0.87819,-0.90396,-0.92896,-0.95492,-0.97809,-0.99933,-1.0171,-1.0314,-1.041,-1.0414,-1.0317,-1.012,-0.97099,-0.91204,-0.83858,-0.74589,-0.64065,-0.53372,-0.42592,-0.32401,-0.2384,-0.17215,-0.11877,-0.07928,-0.051308,-0.034909,-0.018013,-0.011879,-0.010908,4.6566,4.6742,4.7021,4.7352,4.7682,4.8067,4.853,4.9005,4.9577,5.0254,5.0926,5.1665,5.242,5.3306,5.427,5.5349,5.6412,5.7516,5.8641,5.9739,6.0839,6.1999,6.3198,6.442,6.5676,6.6965,6.8291,6.9644,7.1029,7.2489,7.4033,7.5636,7.7282,7.8953,8.0618,8.2299,8.3854,8.5455,8.6993,8.8427,8.9687,9.071,9.1498,9.1994,9.2482,9.3148,9.3693,9.467,9.5868,9.7366,9.6083,9.2849,9.6363