,0,1,2,3,4,5,6,7,8,9,10,11,12,13,14,15,16,17,18,19,20,21,22,23,24,25,26,27,28,29,30,31,32,33,34,35,36,37,38,39,40,41,42,43,44,45,46,47,48,49,50,51,52,53,54,55
R/Ohm,0.032527,-0.01612,-0.059770000000000004,-0.092711,-0.12007000000000001,-0.14432999999999999,-0.16957,-0.19212,-0.2136,-0.23695,-0.2606,-0.28729,-0.31293000000000004,-0.33986,-0.36719,-0.39575,-0.42391999999999996,-0.45145,-0.479,-0.50637,-0.53333,-0.55977,-0.5837399999999999,-0.60543,-0.62533,-0.64069,-0.65165,-0.65575,-0.65554,-0.64588,-0.63205,-0.60577,-0.57843,-0.5421600000000001,-0.49678999999999995,-0.45043,-0.39974,-0.3442,-0.29475,-0.24369000000000002,-0.1934,-0.14989,-0.11555,-0.085336,-0.05753,-0.037866000000000004,-0.023219999999999998,-0.016089,-0.014543,-0.0024481,,,,,,
R/Ohm,0.043724,0.0019227,-0.035924,-0.068464,-0.097166,-0.12255,-0.14965,-0.17207,-0.1936,-0.21474000000000001,-0.23709000000000002,-0.26093,-0.28305,-0.30794,-0.33309,-0.35874,-0.38408000000000003,-0.40993,-0.43493999999999994,-0.45869,-0.48322,-0.505,-0.52577,-0.5452600000000001,-0.5645399999999999,-0.57584,-0.58058,-0.58049,-0.57102,-0.5533600000000001,-0.5319699999999999,-0.5010600000000001,-0.46412,-0.42711000000000005,-0.3837,-0.33488,-0.28309,-0.23440999999999998,-0.19343,-0.15077000000000002,-0.12194,-0.090706,-0.066416,-0.046789,-0.036624000000000004,-0.028029000000000002,-0.018557,-0.01375,-0.010451,-0.012008,,,,,,
R/Ohm,0.37334,0.25725,0.16721,0.09450900000000001,0.031925,-0.017912,-0.052328,-0.085938,-0.11483,-0.13172999999999999,-0.15675999999999998,-0.18051,-0.20438,-0.22779000000000002,-0.25294,-0.2764,-0.29979,-0.32327,-0.34764,-0.37063,-0.39274000000000003,-0.41496000000000005,-0.4362,-0.45613000000000004,-0.47688,-0.49377,-0.50741,-0.5186,-0.52384,-0.52362,-0.51486,-0.50221,-0.4824,-0.45648999999999995,-0.42452,-0.39225,-0.35609,-0.31395,-0.27276,-0.23159000000000002,-0.1897,-0.15677,-0.12328,-0.09265,-0.068031,-0.050667000000000004,-0.036911,-0.023952,-0.015131,-0.0092897,-0.0057804,-0.0067105,-0.00015234,,,
R/Ohm,0.089157,0.026483,-0.019251,-0.056934000000000005,-0.09112200000000001,-0.11803,-0.15165,-0.17346,-0.19588,-0.21771,-0.24051,-0.26711,-0.28785,-0.31306,-0.3381,-0.36454000000000003,-0.3896,-0.41411000000000003,-0.4376,-0.46213000000000004,-0.48545,-0.5081100000000001,-0.52828,-0.54499,-0.56062,-0.56968,-0.57243,-0.56962,-0.56,-0.54272,-0.51983,-0.49098,-0.45891000000000004,-0.42075,-0.37584,-0.33301,-0.28881999999999997,-0.24145999999999998,-0.20165999999999998,-0.16214,-0.12614,-0.094088,-0.071893,-0.051624,-0.035296,-0.020569999999999998,-0.0154,-0.0097381,-0.0033334000000000003,-0.00998,,,,,,
R/Ohm,0.34231,0.23481999999999997,0.14704,0.086551,0.027675,-0.017707,-0.055531,-0.083733,-0.11335,-0.14031,-0.16695,-0.18957000000000002,-0.2142,-0.23867,-0.26583,-0.29011,-0.31475,-0.34078,-0.36775,-0.39333,-0.41741000000000006,-0.44215,-0.46651000000000004,-0.48936999999999997,-0.5129600000000001,-0.53496,-0.55502,-0.5675399999999999,-0.5894699999999999,-0.6007899999999999,-0.61319,-0.61224,-0.60929,-0.60039,-0.5827100000000001,-0.56075,-0.53273,-0.4925,-0.44781000000000004,-0.39883,-0.34404,-0.2954,-0.24423000000000003,-0.19211,-0.14897,-0.11442000000000001,-0.084939,-0.057757,-0.037705,-0.023304,-0.016057,-0.012518000000000001,-0.0035513000000000007,,,
R/Ohm,0.019588,-0.030872000000000004,-0.07119099999999999,-0.10311,-0.13248,-0.15516,-0.18413,-0.20489000000000002,-0.22551,-0.2484,-0.27169,-0.29873,-0.32411999999999996,-0.35107,-0.37959,-0.40798,-0.43762,-0.46658,-0.49528999999999995,-0.52477,-0.55345,-0.58196,-0.6090899999999999,-0.63434,-0.6611,-0.68071,-0.6967899999999999,-0.70905,-0.71313,-0.71082,-0.70177,-0.68092,-0.65572,-0.6160100000000001,-0.5685899999999999,-0.51822,-0.46056,-0.39766999999999997,-0.33881999999999995,-0.28005,-0.22637,-0.17602,-0.13477999999999998,-0.099897,-0.069761,-0.046110000000000005,-0.030780000000000002,-0.019431,-0.013843000000000001,-0.0081324,,,,,,
R/Ohm,0.25233,0.15123,0.07817,0.0071587000000000005,-0.042243,-0.084047,-0.1152,-0.14352,-0.16905,-0.19723,-0.21806,-0.23945,-0.2619,-0.28622,-0.31345,-0.3381,-0.36705,-0.39802,-0.42596999999999996,-0.45825,-0.49041999999999997,-0.52065,-0.55376,-0.58827,-0.61941,-0.65084,-0.68448,-0.72153,-0.7509600000000001,-0.77754,-0.80337,-0.8242700000000001,-0.8377700000000001,-0.84491,-0.8411700000000001,-0.83105,-0.80309,-0.7591899999999999,-0.70896,-0.6413399999999999,-0.5636399999999999,-0.48344,-0.40201,-0.32635,-0.25184,-0.19095,-0.14013,-0.094638,-0.061988,-0.040966,-0.028964999999999998,-0.016387,-0.011809,,,
R/Ohm,0.30299,0.19385,0.10134,0.029389,-0.030041,-0.072689,-0.11035,-0.13954,-0.17413,-0.19908,-0.22371999999999997,-0.25029,-0.26968000000000003,-0.29796999999999996,-0.32463000000000003,-0.35109,-0.38033,-0.41106000000000004,-0.44123999999999997,-0.47412,-0.5075,-0.53992,-0.5749,-0.6096600000000001,-0.6453800000000001,-0.68098,-0.71777,-0.75745,-0.79396,-0.8309700000000001,-0.86749,-0.9042,-0.9366200000000001,-0.9657899999999999,-0.9857799999999999,-0.9993799999999999,-0.99384,-0.97383,-0.93827,-0.87836,-0.7952899999999999,-0.69876,-0.5877399999999999,-0.47361000000000003,-0.36589,-0.275,-0.19783,-0.136,-0.09017,-0.061635,-0.037652,-0.01915,-0.018925,,,
R/Ohm,0.10330999999999999,0.049664,0.0048423,-0.035771,-0.070062,-0.10106,-0.13030999999999998,-0.15695,-0.18298,-0.20926999999999998,-0.23529,-0.26166999999999996,-0.28815,-0.31594,-0.34258,-0.36877,-0.39671,-0.42325,-0.44758000000000003,-0.47583000000000003,-0.50075,-0.5252600000000001,-0.5497,-0.57184,-0.5976199999999999,-0.61598,-0.6314,-0.64361,-0.64969,-0.6491600000000001,-0.64357,-0.6272,-0.60225,-0.57531,-0.52881,-0.47633000000000003,-0.41547,-0.35656,-0.29983000000000004,-0.24345,-0.19815,-0.15297,-0.11467999999999999,-0.083665,-0.061884,-0.047775,-0.030826,-0.019155000000000002,-0.015347999999999999,-0.013658000000000002,,,,,,
R/Ohm,0.0010229,-0.042927999999999994,-0.079812,-0.10842,-0.13508,-0.15566,-0.17870999999999998,-0.19958,-0.21996999999999997,-0.24145999999999998,-0.26474000000000003,-0.29069,-0.31608,-0.34193,-0.36912,-0.39755,-0.42549,-0.45328999999999997,-0.48128000000000004,-0.50841,-0.53491,-0.5622699999999999,-0.58668,-0.6096,-0.63,-0.64718,-0.6599,-0.66562,-0.66676,-0.6584300000000001,-0.6439199999999999,-0.61897,-0.59013,-0.55308,-0.5059600000000001,-0.45658999999999994,-0.40267,-0.34565999999999997,-0.29461,-0.24213,-0.19155,-0.14781,-0.1119,-0.08252000000000001,-0.056666999999999995,-0.037288999999999996,-0.025453,-0.016051,-0.011521,-0.0074723,,,,,,
R/Ohm,0.046424,-0.014959,-0.058212,-0.086246,-0.12109,-0.14105,-0.1714,-0.19343,-0.21153000000000002,-0.24001,-0.26263000000000003,-0.28967,-0.31356999999999996,-0.34323000000000004,-0.37068,-0.3972,-0.42781,-0.45483,-0.47997,-0.5104,-0.53719,-0.56614,-0.59246,-0.6129399999999999,-0.63543,-0.65089,-0.66481,-0.67004,-0.6713899999999999,-0.6634,-0.65,-0.62461,-0.5957100000000001,-0.55701,-0.50848,-0.45838,-0.40451,-0.34656,-0.29484,-0.24191999999999997,-0.1912,-0.14690999999999999,-0.1116,-0.082123,-0.056055999999999995,-0.037545999999999996,-0.027205,-0.018496000000000002,-0.007915,-0.011816,,,,,,
R/Ohm,0.29593,0.18672,0.10499000000000001,0.030416000000000002,-0.022866,-0.071279,-0.10658,-0.13587,-0.16216,-0.19024000000000002,-0.2134,-0.23578000000000002,-0.25915,-0.28473000000000004,-0.31294,-0.34010999999999997,-0.36901999999999996,-0.39951,-0.4298,-0.46166,-0.49396999999999996,-0.52603,-0.5589,-0.59215,-0.62585,-0.65956,-0.69287,-0.7270399999999999,-0.7591100000000001,-0.79065,-0.81986,-0.8439700000000001,-0.8644799999999999,-0.8776200000000001,-0.8798,-0.8745,-0.8537799999999999,-0.8195600000000001,-0.77058,-0.7035600000000001,-0.6227600000000001,-0.5381600000000001,-0.44664,-0.35878000000000004,-0.27669,-0.20909,-0.15341,-0.10387,-0.067624,-0.040815,-0.028576,-0.020117,-0.0068669,,,
R/Ohm,0.088488,0.025873,-0.031191000000000003,-0.072431,-0.10987999999999999,-0.13897,-0.17723,-0.19894,-0.22211,-0.24908000000000002,-0.27176999999999996,-0.30116,-0.32628,-0.35306,-0.38425,-0.41439,-0.44416000000000005,-0.47661000000000003,-0.50903,-0.53671,-0.5649,-0.59696,-0.62358,-0.65275,-0.6824399999999999,-0.70515,-0.7244,-0.74003,-0.7493,-0.75035,-0.74468,-0.72817,-0.70495,-0.66299,-0.61547,-0.56196,-0.49861000000000005,-0.4313,-0.36630999999999997,-0.30198,-0.24363,-0.18822,-0.14468,-0.10615999999999999,-0.07334,-0.048912,-0.034358,-0.02195,-0.010882,-0.013956999999999999,,,,,,
R/Ohm,0.032272,-0.019727,-0.064765,-0.099393,-0.13078,-0.15571,-0.18331,-0.20654,-0.22874,-0.2524,-0.27724,-0.30521,-0.3315,-0.35984,-0.38952,-0.4229,-0.45302,-0.4834,-0.51525,-0.5462100000000001,-0.57691,-0.6097,-0.63945,-0.66848,-0.69577,-0.72235,-0.74664,-0.76646,-0.78182,-0.78983,-0.78989,-0.7801899999999999,-0.76376,-0.73878,-0.69543,-0.64242,-0.5825100000000001,-0.50898,-0.44008,-0.36537,-0.29099,-0.22676999999999997,-0.17392,-0.1283,-0.08926,-0.05729600000000001,-0.036316,-0.025889,-0.018526,-0.0074877,,,,,,
R/Ohm,-0.00054782,-0.046998000000000005,-0.08769,-0.11929000000000001,-0.1459,-0.16812,-0.1986,-0.21923,-0.23955,-0.26223,-0.28552,-0.31294,-0.33774,-0.36548,-0.3953,-0.42396000000000006,-0.45525,-0.4865,-0.51669,-0.5491699999999999,-0.58136,-0.61431,-0.64555,-0.67828,-0.7129300000000001,-0.74239,-0.77059,-0.79755,-0.8195899999999999,-0.83483,-0.8431200000000001,-0.84088,-0.8322700000000001,-0.80414,-0.76417,-0.71431,-0.64846,-0.57199,-0.4924,-0.41036999999999996,-0.33316999999999997,-0.25911,-0.19951,-0.14606,-0.10136,-0.06852799999999999,-0.044469,-0.026366000000000004,-0.018944,,,,,,,
R/Ohm,0.12052,0.053648,0.012348,-0.017051,-0.059098000000000005,-0.10298,-0.13344,-0.1638,-0.18536,-0.20251,-0.22300999999999999,-0.25021,-0.26686,-0.29057,-0.32424000000000003,-0.34896,-0.37478,-0.4049,-0.43681000000000003,-0.46928000000000003,-0.50242,-0.5334399999999999,-0.56599,-0.60033,-0.62979,-0.6681600000000001,-0.69843,-0.72706,-0.7589600000000001,-0.78469,-0.80615,-0.83024,-0.84262,-0.8491,-0.8437399999999999,-0.8306,-0.80842,-0.76243,-0.70596,-0.6383800000000001,-0.55792,-0.47972,-0.39701,-0.31275,-0.23995999999999998,-0.18181,-0.13247,-0.091953,-0.060326,-0.041686,-0.027405000000000002,-0.013097,-0.014575999999999999,,,
R/Ohm,0.030866,-0.020812,-0.065652,-0.098941,-0.12924000000000002,-0.15473,-0.18466,-0.20567,-0.22755999999999998,-0.25013,-0.27409,-0.30115,-0.32621,-0.35409,-0.38264000000000004,-0.41035,-0.44053000000000003,-0.47063999999999995,-0.49918,-0.52992,-0.56014,-0.58962,-0.61855,-0.6471600000000001,-0.67774,-0.70117,-0.72163,-0.73819,-0.74831,-0.7516,-0.74837,-0.73245,-0.7105899999999999,-0.67109,-0.6246,-0.57268,-0.50971,-0.44236000000000003,-0.37558,-0.30973,-0.2515,-0.1957,-0.14945999999999998,-0.10976,-0.076913,-0.051326,-0.033395,-0.020005000000000002,-0.015256,-0.005107100000000001,-0.013494999999999998,,,,,
R/Ohm,0.012785,-0.026387999999999998,-0.06066900000000001,-0.091901,-0.1192,-0.1436,-0.169,-0.19052,-0.21216,-0.23490999999999998,-0.25875,-0.28345,-0.30939,-0.3364,-0.36471,-0.39124000000000003,-0.42073,-0.44978,-0.48049,-0.50685,-0.53094,-0.5613600000000001,-0.58622,-0.6117,-0.6352399999999999,-0.65492,-0.6675399999999999,-0.67783,-0.67873,-0.67209,-0.65878,-0.63618,-0.6048100000000001,-0.57111,-0.5262899999999999,-0.47542,-0.41686000000000006,-0.36034,-0.30605,-0.25101999999999997,-0.20519,-0.15904000000000001,-0.11828,-0.085851,-0.063451,-0.049101,-0.032285,-0.022143,-0.015566,-0.015727,,,,,,
R/Ohm,0.31411999999999995,0.19945,0.11163,0.034777999999999996,-0.020311000000000003,-0.069852,-0.10645999999999999,-0.14038,-0.16677999999999998,-0.19562000000000002,-0.22034,-0.24314000000000002,-0.26754,-0.29281999999999997,-0.32151,-0.34924,-0.37878,-0.40985,-0.44168,-0.47413999999999995,-0.5080899999999999,-0.5422899999999999,-0.57648,-0.61285,-0.64868,-0.6852699999999999,-0.72006,-0.7592399999999999,-0.7975399999999999,-0.8351,-0.87265,-0.9103100000000001,-0.9427399999999999,-0.97201,-0.9928299999999999,-1.0094,-1.0132,-0.9946799999999999,-0.96229,-0.90746,-0.82788,-0.73338,-0.62173,-0.50375,-0.38908000000000004,-0.29245,-0.21005,-0.13997,-0.088439,-0.056714,-0.037643,-0.026052999999999996,-0.014905000000000002,,,
R/Ohm,0.2243,0.13996,0.06141,0.0063051,-0.049386,-0.078933,-0.11868,-0.14723,-0.17506,-0.20623000000000002,-0.23404,-0.26095999999999997,-0.28989000000000004,-0.32093,-0.34663,-0.37379,-0.40385,-0.4307,-0.45968000000000003,-0.48266000000000003,-0.50592,-0.5351899999999999,-0.55515,-0.57765,-0.59643,-0.6097600000000001,-0.6167699999999999,-0.61907,-0.61516,-0.60293,-0.5838800000000001,-0.55767,-0.52808,-0.49222,-0.44497,-0.40010999999999997,-0.35212,-0.30029,-0.25417,-0.2077,-0.1617,-0.12377,-0.09337100000000001,-0.068034,-0.044093,-0.027969,-0.019659,-0.013658000000000002,-0.007210200000000001,-0.008997100000000001,,,,,,
R/Ohm,0.0091632,-0.037439,-0.076973,-0.1085,-0.13572,-0.15753,-0.18483,-0.2059,-0.22601,-0.24758000000000002,-0.27133,-0.29730999999999996,-0.32209,-0.34902,-0.3773,-0.40509,-0.43486,-0.46426999999999996,-0.49303,-0.52225,-0.55153,-0.5808800000000001,-0.60929,-0.63605,-0.66392,-0.6854399999999999,-0.70411,-0.71863,-0.72655,-0.72622,-0.7186100000000001,-0.69862,-0.67309,-0.63608,-0.5858399999999999,-0.53135,-0.47153999999999996,-0.40687,-0.34504,-0.28368000000000004,-0.22676999999999997,-0.17347,-0.1324,-0.095658,-0.065272,-0.041335000000000004,-0.025773,-0.017361,-0.016543000000000002,-0.0027335000000000003,,,,,,
R/Ohm,0.025619,-0.022276,-0.066804,-0.10235,-0.12637,-0.15571,-0.17806,-0.20147,-0.21625999999999998,-0.24264000000000002,-0.26909,-0.29589,-0.32226,-0.34542,-0.3776,-0.40902,-0.43538000000000004,-0.46761,-0.49649,-0.5253,-0.54986,-0.58017,-0.6116199999999999,-0.63261,-0.65745,-0.67774,-0.69534,-0.7044600000000001,-0.71192,-0.70503,-0.69492,-0.67432,-0.64759,-0.60951,-0.55833,-0.50531,-0.44588,-0.38314000000000004,-0.32531,-0.26636,-0.21119000000000002,-0.16139,-0.12264000000000001,-0.090072,-0.061587,-0.041208,-0.029367,-0.019206,-0.007821600000000001,-0.011011,,,,,,
R/Ohm,0.32827,0.22146999999999997,0.1334,0.057413,0.0060076999999999995,-0.038607,-0.071243,-0.10086,-0.12322000000000001,-0.14423,-0.16758,-0.19032000000000002,-0.21348000000000003,-0.2368,-0.26195,-0.28591,-0.31017,-0.33525,-0.36178,-0.38669000000000003,-0.41147,-0.43585,-0.46002,-0.48331,-0.50715,-0.52736,-0.5452899999999999,-0.5613100000000001,-0.57122,-0.57605,-0.57493,-0.5675100000000001,-0.55301,-0.5313899999999999,-0.50561,-0.47591000000000006,-0.44043000000000004,-0.39978,-0.35677,-0.31304,-0.26587,-0.22543000000000002,-0.18327000000000002,-0.14378,-0.10903,-0.083582,-0.060212,-0.041648000000000004,-0.026160000000000003,-0.015953,-0.0092896,-0.0090855,-0.00064185,,,
R/Ohm,0.34817,0.23895999999999998,0.15128,0.073959,0.017628,-0.029143000000000002,-0.067554,-0.098317,-0.12662,-0.15502,-0.17855,-0.20179,-0.22498,-0.24898,-0.27559,-0.30126,-0.32671999999999995,-0.3537,-0.38084,-0.40776999999999997,-0.43438000000000004,-0.46071000000000006,-0.48633999999999994,-0.51181,-0.53691,-0.5596800000000001,-0.58004,-0.59883,-0.6113,-0.61998,-0.6228,-0.61842,-0.6075,-0.58808,-0.56289,-0.5333399999999999,-0.49688999999999994,-0.45233,-0.40755,-0.35815,-0.30664,-0.26058000000000003,-0.214,-0.16951,-0.12954000000000002,-0.098975,-0.071939,-0.049404,-0.032894,-0.02147,-0.013844,-0.011052,-0.0030464000000000003,,,
R/Ohm,0.099986,0.035563,-0.013498,-0.052382000000000005,-0.085239,-0.11575999999999999,-0.14506,-0.16872,-0.1928,-0.21594000000000002,-0.23939000000000002,-0.26516999999999996,-0.28945,-0.31382,-0.33974,-0.36678,-0.39189,-0.41673999999999994,-0.44111000000000006,-0.46566,-0.48878999999999995,-0.512,-0.53269,-0.5506,-0.56497,-0.57525,-0.57891,-0.57698,-0.5687300000000001,-0.55301,-0.5310600000000001,-0.50241,-0.47248999999999997,-0.43468,-0.3914,-0.34759,-0.30294,-0.25528,-0.21494000000000002,-0.17402,-0.1341,-0.10106,-0.07684500000000001,-0.055886,-0.037108999999999996,-0.023518999999999998,-0.016526,-0.010549,-0.004281,-0.0078063,,,,,,
R/Ohm,0.031329,-0.015609,-0.061348,-0.095358,-0.12695,-0.15078,-0.17255,-0.19493,-0.21727,-0.24111,-0.26611999999999997,-0.2926,-0.31951999999999997,-0.34679,-0.37525,-0.40474,-0.43395,-0.46301000000000003,-0.49303,-0.52099,-0.54929,-0.57745,-0.60409,-0.62936,-0.65184,-0.6713399999999999,-0.68734,-0.69505,-0.7005600000000001,-0.6967,-0.68515,-0.66083,-0.63446,-0.59663,-0.54908,-0.49662,-0.43887,-0.37671,-0.3204,-0.26195999999999997,-0.206,-0.15653,-0.1181,-0.087215,-0.056696,-0.037795,-0.025428,-0.019206,-0.012115,-0.0086958,,,,,,
R/Ohm,0.37463,0.25404,0.16968,0.11999000000000001,0.051553999999999996,-0.00035782,-0.045813,-0.080796,-0.11372,-0.14336,-0.17001,-0.19405,-0.21836999999999998,-0.24401,-0.27111,-0.29694,-0.32315,-0.35013,-0.3774,-0.40446,-0.43101999999999996,-0.45838,-0.48286999999999997,-0.5085,-0.53246,-0.5556399999999999,-0.57657,-0.5939800000000001,-0.60712,-0.61463,-0.61569,-0.61159,-0.59812,-0.57953,-0.55145,-0.5213300000000001,-0.48263999999999996,-0.43722,-0.39102,-0.34254,-0.29034,-0.24634,-0.20038,-0.15647,-0.11947999999999999,-0.09056499999999999,-0.065897,-0.044389,-0.028644,-0.019965,-0.014427,-0.006268899999999999,-0.011027,,,
R/Ohm,0.38866999999999996,0.27686,0.16716,0.090132,0.027748000000000002,-0.022872999999999998,-0.056947000000000005,-0.089771,-0.11993,-0.14339000000000002,-0.16807,-0.19186,-0.21565,-0.24023000000000003,-0.26641,-0.28997,-0.31599,-0.34217,-0.36819,-0.39463000000000004,-0.42039,-0.4448,-0.47028000000000003,-0.49433999999999995,-0.51898,-0.54035,-0.56008,-0.5785899999999999,-0.5893,-0.59555,-0.59792,-0.59108,-0.5763199999999999,-0.5562699999999999,-0.52928,-0.49992,-0.46126000000000006,-0.4185,-0.37524,-0.32898,-0.28062,-0.23631999999999997,-0.19397,-0.15475,-0.11821,-0.09046599999999999,-0.06552899999999999,-0.044261,-0.027699,-0.017572,-0.010447,-0.0099978,-0.0008037,,,
R/Ohm,0.090659,0.026789,-0.025343,-0.06905499999999999,-0.10393,-0.1345,-0.16797,-0.19278,-0.21702,-0.24189000000000002,-0.26753000000000005,-0.29618,-0.32253000000000004,-0.35098,-0.38071,-0.40867,-0.43955,-0.4698,-0.4987,-0.52958,-0.55978,-0.5894699999999999,-0.61832,-0.6463800000000001,-0.67599,-0.6987899999999999,-0.7191,-0.73487,-0.74547,-0.7472300000000001,-0.74157,-0.72636,-0.7047399999999999,-0.66496,-0.6200899999999999,-0.5677300000000001,-0.5061899999999999,-0.43923,-0.3737,-0.3091,-0.25133,-0.19510999999999998,-0.14955,-0.10997,-0.076839,-0.051313,-0.034257,-0.020834000000000002,-0.016402,-0.003959000000000001,,,,,,
R/Ohm,0.018359999999999998,-0.033129,-0.067773,-0.10029,-0.12616,-0.15267,-0.16389,-0.18549000000000002,-0.20714000000000002,-0.22943000000000002,-0.2528,-0.27867,-0.30289,-0.32847,-0.35505,-0.38216999999999995,-0.40883,-0.43492,-0.46098,-0.4868,-0.51161,-0.5365,-0.5586300000000001,-0.57881,-0.5971,-0.60985,-0.61788,-0.62055,-0.61573,-0.60272,-0.58525,-0.55775,-0.52828,-0.49153,-0.44714,-0.40131,-0.35406,-0.30238000000000004,-0.2571,-0.21103000000000002,-0.16671,-0.12764,-0.097454,-0.071217,-0.049343,-0.031836,-0.020394,-0.012648000000000001,-0.010927,-0.00042498,,,,,,
R/Ohm,0.24313,0.14357999999999999,0.068965,-0.0004265,-0.049569,-0.091826,-0.12389000000000001,-0.15058,-0.17519,-0.203,-0.22396999999999997,-0.24473000000000003,-0.26783,-0.29191,-0.31942,-0.34507,-0.37351999999999996,-0.40403,-0.43503000000000003,-0.46668999999999994,-0.49918,-0.5320199999999999,-0.56397,-0.5955699999999999,-0.6308,-0.66304,-0.6952,-0.72846,-0.7590899999999999,-0.78645,-0.81121,-0.83294,-0.8467899999999999,-0.85459,-0.85015,-0.84009,-0.81553,-0.7762899999999999,-0.72524,-0.6600699999999999,-0.58111,-0.50326,-0.41958,-0.33466999999999997,-0.25928,-0.19696,-0.14343,-0.096638,-0.061648,-0.041286,-0.027246,-0.019555,-0.0084495,,,
R/Ohm,-0.15168,-0.12136,-0.10375,-0.067359,-0.063283,-0.13408,-0.1321,-0.13151,-0.1723,-0.1715,-0.16354000000000002,-0.19205999999999998,-0.19959000000000002,-0.21366,-0.2288,-0.24829,-0.25865,-0.28667,-0.30838000000000004,-0.32733,-0.35491,-0.37942,-0.40208,-0.42441999999999996,-0.45203000000000004,-0.47893,-0.5052800000000001,-0.52718,-0.54878,-0.5704,-0.58803,-0.60238,-0.60728,-0.6129899999999999,-0.59937,-0.59518,-0.58244,-0.55167,-0.5169699999999999,-0.49115,-0.44068999999999997,-0.39094,-0.34344,-0.29159,-0.245,-0.1996,-0.15545,-0.11755,-0.088184,-0.063572,-0.042679,-0.025221,-0.016602000000000002,-0.011371,-0.0072583,-0.005186100000000001
R/Ohm,0.38365,0.25640999999999997,0.16922,0.0885,0.027762000000000002,-0.020344,-0.06116799999999999,-0.09483899999999999,-0.12293,-0.15211,-0.17678,-0.20063,-0.22445,-0.24952,-0.27619,-0.30219,-0.32869,-0.35603,-0.38389,-0.41138,-0.43864,-0.4651,-0.49196999999999996,-0.5178,-0.5431199999999999,-0.56623,-0.5874,-0.60652,-0.62012,-0.6292399999999999,-0.632,-0.62978,-0.61783,-0.60128,-0.57549,-0.54689,-0.5092399999999999,-0.46808,-0.42148,-0.3728,-0.32016,-0.2731,-0.22513000000000002,-0.17970999999999998,-0.13798,-0.10637,-0.077461,-0.051739,-0.033395,-0.021656,-0.014500999999999998,-0.013316,-0.001355,,,
R/Ohm,0.35686,0.24509,0.15509,0.075075,0.016858,-0.031713,-0.06895,-0.1014,-0.12828,-0.15752,-0.1815,-0.20452,-0.22851999999999997,-0.25281,-0.27989,-0.30558,-0.33223,-0.35951,-0.38725,-0.41508999999999996,-0.44285,-0.46965,-0.49676000000000003,-0.52285,-0.54897,-0.57262,-0.59442,-0.61423,-0.62941,-0.63948,-0.64348,-0.6421899999999999,-0.63208,-0.61631,-0.59026,-0.56186,-0.52533,-0.47889,-0.43218999999999996,-0.38101,-0.32756,-0.27857,-0.2285,-0.18148,-0.14018,-0.10743,-0.079105,-0.053144000000000004,-0.035887,-0.02277,-0.013913,-0.012277,-0.0026347,,,
R/Ohm,0.38715,0.26193,0.16410999999999998,0.072781,0.0072024,-0.045111,-0.087864,-0.12479000000000001,-0.15382,-0.18385,-0.21033000000000002,-0.23405,-0.26016,-0.28565,-0.31494,-0.34199,-0.37146999999999997,-0.40287,-0.4352,-0.4683,-0.49955,-0.5363100000000001,-0.5673699999999999,-0.59832,-0.6361399999999999,-0.66799,-0.70116,-0.73795,-0.7679600000000001,-0.79828,-0.8275600000000001,-0.85182,-0.86872,-0.8799799999999999,-0.88015,-0.8741200000000001,-0.85319,-0.81652,-0.76636,-0.69792,-0.6175,-0.5342399999999999,-0.44296,-0.35629,-0.27626999999999996,-0.20856,-0.15197,-0.10248,-0.065511,-0.042193,-0.02791,-0.019882,-0.0099128,,,
R/Ohm,0.063826,0.010392,-0.031564999999999996,-0.069498,-0.099271,-0.1249,-0.14476,-0.16888,-0.19077,-0.21352,-0.2365,-0.26179,-0.28439000000000003,-0.30846999999999997,-0.33361999999999997,-0.35824,-0.38301,-0.40744,-0.43125,-0.45498,-0.47873999999999994,-0.50193,-0.52278,-0.54088,-0.55834,-0.5687300000000001,-0.57343,-0.57182,-0.56357,-0.54773,-0.5271899999999999,-0.49628999999999995,-0.46481000000000006,-0.42599,-0.38153000000000004,-0.33828,-0.29265,-0.24555,-0.20479,-0.16441,-0.12866,-0.096427,-0.07359700000000001,-0.05284199999999999,-0.035426,-0.021736000000000002,-0.013933000000000001,-0.008808400000000001,-0.009329500000000001,-0.007340300000000001,,,,,,
R/Ohm,0.35406,0.23809,0.14770999999999998,0.070921,0.013984,-0.031585,-0.071225,-0.10395,-0.12925,-0.1599,-0.18258,-0.20542,-0.22841,-0.25228,-0.27884000000000003,-0.30333000000000004,-0.32949,-0.35649000000000003,-0.38371,-0.41098999999999997,-0.43771000000000004,-0.46371999999999997,-0.48993000000000003,-0.5153800000000001,-0.5401100000000001,-0.5633699999999999,-0.58329,-0.6020300000000001,-0.6146199999999999,-0.6228199999999999,-0.62566,-0.6209600000000001,-0.60841,-0.59075,-0.56335,-0.534,-0.49556000000000006,-0.45161,-0.40636,-0.35758,-0.30643000000000004,-0.25998000000000004,-0.21391,-0.17026,-0.13078,-0.099603,-0.07259,-0.050698,-0.033542,-0.021991999999999998,-0.011978,-0.010298,-0.006823,,,
R/Ohm,0.30827,0.1977,0.11275999999999999,0.03783,-0.018478,-0.06460700000000001,-0.10252,-0.134,-0.15925,-0.18814,-0.21113,-0.23373000000000002,-0.25719000000000003,-0.2819,-0.3099,-0.33616999999999997,-0.36441,-0.39494,-0.42268,-0.45393,-0.48577,-0.51567,-0.54808,-0.57916,-0.61005,-0.64058,-0.67024,-0.70285,-0.72819,-0.74974,-0.7691100000000001,-0.78269,-0.78867,-0.78769,-0.77609,-0.75837,-0.72187,-0.6794399999999999,-0.62721,-0.5634100000000001,-0.4937,-0.42328000000000005,-0.35196,-0.2863,-0.22321999999999997,-0.17147,-0.12653,-0.087113,-0.056848,-0.03596,-0.024159,-0.019180000000000003,-0.004912,,,
R/Ohm,0.35862,0.24886,0.15113,0.07779900000000001,0.01832,-0.029332999999999998,-0.06704,-0.10074,-0.12787,-0.15713,-0.18015,-0.20342000000000002,-0.22738000000000003,-0.25188,-0.2785,-0.30423,-0.33066,-0.35791,-0.38589,-0.41346000000000005,-0.4408,-0.46776999999999996,-0.49435,-0.5201100000000001,-0.5455300000000001,-0.5704100000000001,-0.59173,-0.6110800000000001,-0.6257199999999999,-0.63578,-0.63984,-0.63769,-0.62735,-0.61248,-0.58585,-0.5583199999999999,-0.52159,-0.47871,-0.43273999999999996,-0.38301,-0.32944,-0.28164,-0.23195,-0.18515,-0.14179,-0.10895,-0.080301,-0.053157,-0.034592000000000005,-0.021993000000000002,-0.015925,-0.013241999999999999,-0.0041463,,,
R/Ohm,0.34723000000000004,0.23248000000000002,0.15178,0.075151,0.021463,-0.022928,-0.059048,-0.090376,-0.11809000000000001,-0.14934,-0.1708,-0.1915,-0.21231,-0.23395,-0.2567,-0.27671,-0.29839,-0.3204,-0.34207,-0.36336,-0.38411999999999996,-0.40388,-0.42349,-0.44217,-0.45988,-0.47451000000000004,-0.48627,-0.49485,-0.49545,-0.4907,-0.4794,-0.46012,-0.43438999999999994,-0.4046,-0.37029,-0.33562,-0.29586999999999997,-0.25556,-0.21815,-0.18005,-0.14488,-0.11653,-0.090664,-0.068458,-0.050164999999999994,-0.038301,-0.02805,-0.018506,-0.011133,-0.005821,-0.0052158000000000005,-0.0070658000000000006,0.0041169,,,
R/Ohm,0.29189,0.18467,0.09977000000000001,0.028234,-0.026715,-0.070799,-0.10714000000000001,-0.13871,-0.16404000000000002,-0.19158,-0.21399,-0.23634000000000002,-0.26002,-0.285,-0.3129,-0.34,-0.36837,-0.39855999999999997,-0.42633999999999994,-0.45843,-0.49061000000000005,-0.52082,-0.55373,-0.5866899999999999,-0.61842,-0.65149,-0.68358,-0.7188399999999999,-0.74951,-0.7780199999999999,-0.80357,-0.8256899999999999,-0.84134,-0.8519,-0.8492299999999999,-0.8413799999999999,-0.81092,-0.77237,-0.7216199999999999,-0.65285,-0.57358,-0.49083000000000004,-0.40657,-0.32799,-0.25277,-0.19304000000000002,-0.13977,-0.096196,-0.06454700000000001,-0.044424,-0.026247000000000003,-0.016722,-0.010844,,,
R/Ohm,0.1824,0.10955,0.045014,-0.0069428,-0.045122,-0.083297,-0.11410999999999999,-0.13624,-0.1526,-0.16427,-0.18502000000000002,-0.20545,-0.22691,-0.24927,-0.27405,-0.29819,-0.32266999999999996,-0.34807,-0.37448000000000004,-0.40051,-0.42618999999999996,-0.45182,-0.47731999999999997,-0.50134,-0.52678,-0.5491199999999999,-0.56899,-0.5874199999999999,-0.60117,-0.60937,-0.6096699999999999,-0.60722,-0.59416,-0.57592,-0.54802,-0.51899,-0.48321000000000003,-0.43956000000000006,-0.39431,-0.34686999999999996,-0.29501,-0.25123,-0.20475,-0.16072,-0.12232,-0.092301,-0.067175,-0.044081,-0.027235000000000002,-0.017097,-0.012967,-0.01099,-0.0022566999999999995,,,
R/Ohm,0.1028,0.038313,-0.015189,-0.058535000000000004,-0.09536900000000001,-0.12615,-0.15905999999999998,-0.1845,-0.20924,-0.23426999999999998,-0.25995,-0.28889000000000004,-0.31478,-0.34313,-0.37228,-0.40066,-0.4306,-0.46093999999999996,-0.49071000000000004,-0.51939,-0.54801,-0.57844,-0.60731,-0.6341,-0.6605,-0.6825100000000001,-0.7009,-0.7148899999999999,-0.7220300000000001,-0.72117,-0.71327,-0.6937399999999999,-0.6691600000000001,-0.6322300000000001,-0.58494,-0.53247,-0.47333000000000003,-0.40894,-0.34831999999999996,-0.28664,-0.22891,-0.17668,-0.13397,-0.097318,-0.06656000000000001,-0.042982,-0.026844,-0.019747,-0.015394,-0.005649,,,,,,
R/Ohm,0.37424,0.26126,0.16990999999999998,0.087464,0.031294999999999996,-0.015994,-0.05513,-0.085965,-0.1124,-0.14737,-0.16927,-0.19143,-0.21276,-0.23467,-0.25826,-0.27983,-0.30254000000000003,-0.32572,-0.34765999999999997,-0.37082,-0.39352,-0.41458999999999996,-0.43615,-0.45711999999999997,-0.47728999999999994,-0.49468,-0.50913,-0.5233399999999999,-0.52868,-0.52767,-0.5223800000000001,-0.50795,-0.48765,-0.46198999999999996,-0.43098000000000003,-0.3979,-0.35583000000000004,-0.31481,-0.27407,-0.2313,-0.18964,-0.15438,-0.121,-0.09475900000000001,-0.06943300000000001,-0.052224,-0.038239999999999996,-0.02452,-0.01441,-0.010503,-0.0065539000000000005,-0.0049518,-0.00020919,,,
R/Ohm,0.14805,0.079644,0.030682,-0.016096,-0.053433,-0.090074,-0.12531,-0.15175999999999998,-0.1798,-0.2074,-0.23485999999999999,-0.26250999999999997,-0.28883000000000003,-0.31688,-0.3473,-0.37169,-0.39825,-0.42415,-0.44628,-0.47489,-0.50235,-0.52164,-0.54346,-0.56414,-0.5854,-0.60116,-0.61338,-0.62051,-0.62212,-0.6174,-0.60658,-0.5867899999999999,-0.56011,-0.52875,-0.48783000000000004,-0.44004,-0.38644,-0.33379000000000003,-0.28481999999999996,-0.23374,-0.19180999999999998,-0.15068,-0.1139,-0.083702,-0.062312,-0.048491,-0.03003,-0.018744999999999998,-0.016959000000000002,-0.004077,,,,,,
R/Ohm,0.42803,0.27449,0.15165,0.066311,0.0019119,-0.052502999999999994,-0.09346499999999999,-0.13433,-0.16502999999999998,-0.19309,-0.22199000000000002,-0.25129,-0.27898,-0.30864,-0.33791,-0.36694,-0.39482,-0.4209,-0.44623999999999997,-0.47105,-0.49071000000000004,-0.50794,-0.51608,-0.51427,-0.50373,-0.4818,-0.44919,-0.41046000000000005,-0.37262,-0.31993,-0.26876,-0.22119,-0.17244,-0.13507,-0.1001,-0.07115,-0.050115,-0.037022,-0.023607,-0.013569,-0.0089682,-0.0048632,-0.0049343,-0.00010882,,,,,,,,,,,,
R/Ohm,0.067362,0.0072712,-0.041863,-0.075883,-0.11059000000000001,-0.13835999999999998,-0.16615,-0.19043,-0.21293,-0.23759,-0.26254,-0.2905,-0.31695,-0.34435,-0.37282,-0.40265,-0.43199,-0.46063000000000004,-0.48958999999999997,-0.51827,-0.54638,-0.5753,-0.6015699999999999,-0.6269,-0.65061,-0.6709,-0.6874,-0.69953,-0.70472,-0.7034199999999999,-0.6946899999999999,-0.6754399999999999,-0.65145,-0.61505,-0.56962,-0.51822,-0.46213000000000004,-0.39916999999999997,-0.34199,-0.28331,-0.22618000000000002,-0.17521,-0.13494,-0.10032,-0.06976900000000001,-0.046567000000000004,-0.032549,-0.019196,-0.013125,-0.0099302,,,,,,
R/Ohm,0.092331,0.025733,-0.029450999999999998,-0.070289,-0.10785,-0.13782,-0.17195,-0.19773,-0.22250999999999999,-0.24669000000000002,-0.27259,-0.30159,-0.32694,-0.35625,-0.38750999999999997,-0.41841999999999996,-0.44993,-0.48128999999999994,-0.51213,-0.54359,-0.57609,-0.6059399999999999,-0.63673,-0.66635,-0.69802,-0.72341,-0.7458199999999999,-0.7650899999999999,-0.7789699999999999,-0.7833,-0.78142,-0.76915,-0.7488600000000001,-0.70977,-0.66384,-0.60924,-0.54418,-0.47229,-0.40276999999999996,-0.33171999999999996,-0.26605999999999996,-0.20455,-0.15591,-0.1148,-0.078431,-0.051934,-0.036058,-0.025016999999999998,-0.011437000000000001,-0.013446000000000001,,,,,,
R/Ohm,0.080252,0.020415,-0.03211,-0.072372,-0.10620999999999998,-0.13492,-0.1636,-0.18821,-0.21244000000000002,-0.23726,-0.26291,-0.29123000000000004,-0.31851999999999997,-0.34638,-0.37519,-0.40585,-0.43523,-0.46436000000000005,-0.49386,-0.52308,-0.5514899999999999,-0.58119,-0.60822,-0.6330600000000001,-0.65764,-0.67799,-0.69526,-0.70695,-0.71327,-0.71155,-0.7035899999999999,-0.68335,-0.65899,-0.62438,-0.57693,-0.52693,-0.46974,-0.40771,-0.3505,-0.29075,-0.23295,-0.18188,-0.14045,-0.10378,-0.073895,-0.049065,-0.032159,-0.019318000000000002,-0.014731999999999999,-0.008633400000000001,,,,,,
R/Ohm,0.37176,0.25503000000000003,0.1677,0.09573,0.034781,-0.008296,-0.052038,-0.08114500000000001,-0.10849,-0.14015999999999998,-0.16427,-0.18802,-0.20828000000000002,-0.23051999999999997,-0.25237,-0.27374,-0.29541999999999996,-0.31726,-0.3389,-0.36046999999999996,-0.38125,-0.40221999999999997,-0.42367,-0.44285,-0.46456000000000003,-0.48167,-0.49588000000000004,-0.5079600000000001,-0.51213,-0.5099199999999999,-0.49915,-0.48071,-0.4546,-0.42078999999999994,-0.3808,-0.33942,-0.30003,-0.25329,-0.21083000000000002,-0.17287,-0.13635999999999998,-0.11030999999999999,-0.083941,-0.061336,-0.044637,-0.033558,-0.025421,-0.015985,-0.0086979,-0.005285,-0.0045515,-0.006678399999999999,0.0037213999999999997,,,
R/Ohm,0.017421000000000002,-0.039963,-0.075941,-0.11379,-0.13562000000000002,-0.16505,-0.19402,-0.20775,-0.23237,-0.25775,-0.28181999999999996,-0.3116,-0.3353,-0.36812,-0.39287,-0.42823,-0.45783999999999997,-0.48916000000000004,-0.51751,-0.5514100000000001,-0.58286,-0.61628,-0.64632,-0.67747,-0.7088399999999999,-0.73685,-0.76248,-0.78628,-0.80367,-0.8147300000000001,-0.81916,-0.81101,-0.79791,-0.76689,-0.72319,-0.66932,-0.60451,-0.52845,-0.45398,-0.37671,-0.30201,-0.23390999999999998,-0.17945,-0.13141,-0.092072,-0.061035,-0.042727999999999995,-0.027547000000000002,-0.013743,-0.013956,-0.012768,,,,,
R/Ohm,0.018931,-0.03234,-0.067618,-0.079076,-0.11068,-0.13892000000000002,-0.16513,-0.18871,-0.21055,-0.2351,-0.2599,-0.28701,-0.313,-0.33987,-0.36788000000000004,-0.39688,-0.42505,-0.45315,-0.48188000000000003,-0.50832,-0.53489,-0.56204,-0.58637,-0.608,-0.62846,-0.64336,-0.65382,-0.65914,-0.65761,-0.64922,-0.63267,-0.6104,-0.58185,-0.54427,-0.50359,-0.45587,-0.40531,-0.34902,-0.29969,-0.24786999999999998,-0.19743,-0.15275,-0.11653,-0.086213,-0.057708,-0.037689999999999994,-0.024523,-0.017958000000000002,-0.013241,-0.008373899999999998,,,,,,
R/Ohm,0.36271,0.24355,0.15233,0.07739299999999999,0.014613999999999999,-0.02829,-0.07028,-0.10400999999999999,-0.13035,-0.15837,-0.1817,-0.20594,-0.22981999999999997,-0.25448000000000004,-0.28094,-0.30788000000000004,-0.3345,-0.36214,-0.38992,-0.41781,-0.44572,-0.47376999999999997,-0.49942,-0.5252600000000001,-0.55267,-0.57524,-0.59667,-0.61645,-0.6301399999999999,-0.64003,-0.6419199999999999,-0.6392100000000001,-0.62934,-0.6126699999999999,-0.58526,-0.55485,-0.51548,-0.46829,-0.42068,-0.36963,-0.31589,-0.2673,-0.21938000000000002,-0.17228,-0.13226,-0.10079,-0.07268200000000001,-0.048686,-0.032764999999999996,-0.022548,-0.016030000000000003,-0.006766299999999999,-0.011126,,,
R/Ohm,0.11596,0.06829299999999999,0.025605000000000003,-0.011493999999999999,-0.04286,-0.0721,-0.098577,-0.12064000000000001,-0.14228,-0.16585,-0.18473,-0.20390999999999998,-0.22405999999999998,-0.24513000000000001,-0.26705999999999996,-0.289,-0.31249,-0.33676,-0.36057,-0.38566999999999996,-0.4106,-0.43453,-0.459,-0.48262,-0.50578,-0.52698,-0.54651,-0.56665,-0.5787100000000001,-0.5855,-0.5869,-0.57748,-0.56166,-0.54086,-0.5108199999999999,-0.47576,-0.44016000000000005,-0.3963,-0.34865999999999997,-0.29846999999999996,-0.25075,-0.21004,-0.1678,-0.13792000000000001,-0.10305,-0.076431,-0.054501999999999995,-0.041262,-0.031935000000000005,-0.019225,-0.014884,-0.013849,-0.0051784,,,
R/Ohm,0.048813,-0.0040955,-0.05190499999999999,-0.086503,-0.1174,-0.1423,-0.16977,-0.19275,-0.21531999999999998,-0.23897,-0.26337,-0.29111,-0.31698000000000004,-0.34478000000000003,-0.37276,-0.40169,-0.43086,-0.45958999999999994,-0.48846999999999996,-0.517,-0.545,-0.57334,-0.59969,-0.62427,-0.64818,-0.6678,-0.6825899999999999,-0.69307,-0.69753,-0.6937,-0.68395,-0.6613899999999999,-0.63622,-0.59988,-0.55305,-0.50279,-0.44659,-0.38616999999999996,-0.33105,-0.27351,-0.21865,-0.16994,-0.13014,-0.096425,-0.06686399999999999,-0.044794,-0.028776999999999997,-0.018318,-0.014877000000000001,-0.003092,,,,,,
R/Ohm,0.40476,0.286,0.19852,0.11252999999999999,0.052837,0.0017069000000000003,-0.0386,-0.07307999999999999,-0.10415999999999999,-0.13527999999999998,-0.16183,-0.18747,-0.21238,-0.23813,-0.26569,-0.29041999999999996,-0.31690999999999997,-0.34375,-0.37038000000000004,-0.3969,-0.4229,-0.44809,-0.47417,-0.49898000000000003,-0.5250600000000001,-0.5504,-0.57458,-0.60063,-0.62145,-0.64181,-0.65861,-0.6712600000000001,-0.6773399999999999,-0.67761,-0.66805,-0.6535,-0.6289600000000001,-0.58649,-0.54037,-0.48257,-0.41848,-0.35454,-0.29041,-0.22985999999999998,-0.17663,-0.13322,-0.096981,-0.064864,-0.04111,-0.025506,-0.017405,-0.012457,-0.004862600000000001,,,
R/Ohm,0.010681999999999999,-0.030262,-0.073133,-0.095575,-0.11962,-0.15179,-0.16119,-0.18427000000000002,-0.20576999999999998,-0.22930999999999999,-0.25288,-0.27871999999999997,-0.30367,-0.33025,-0.35624,-0.38351999999999997,-0.41026,-0.43688,-0.46328,-0.4887,-0.51372,-0.53933,-0.5614600000000001,-0.5808300000000001,-0.59848,-0.61128,-0.61835,-0.62179,-0.61482,-0.60224,-0.58629,-0.55866,-0.5283899999999999,-0.49158,-0.45083,-0.40502,-0.35719,-0.30576,-0.26056999999999997,-0.21438000000000001,-0.16852,-0.12913,-0.097505,-0.07188,-0.046665,-0.029595999999999997,-0.019615,-0.015772,-0.009403299999999998,-0.0054381,,,,,,
R/Ohm,0.01618,-0.039021,-0.075847,-0.11102000000000001,-0.13656,-0.16334,-0.1894,-0.21286,-0.23728000000000002,-0.25521,-0.28102,-0.30607,-0.33282,-0.36688000000000004,-0.38848,-0.42493000000000003,-0.45487,-0.48663,-0.52084,-0.54798,-0.58343,-0.6122,-0.64167,-0.66911,-0.69914,-0.7226199999999999,-0.74644,-0.7648699999999999,-0.77759,-0.78225,-0.78136,-0.76804,-0.74637,-0.71,-0.66294,-0.6099899999999999,-0.54497,-0.47358,-0.40504,-0.3351,-0.26642,-0.20524,-0.15636,-0.11382,-0.076811,-0.050710000000000005,-0.0346,-0.025712,-0.011753,-0.013779,,,,,,
R/Ohm,0.32183,0.22173,0.13764,0.05775,0.009067,-0.038057,-0.070029,-0.098824,-0.12534,-0.14593,-0.16827999999999999,-0.19088,-0.21193,-0.23453000000000002,-0.2594,-0.27941,-0.30309,-0.32726,-0.35136999999999996,-0.37485,-0.3981,-0.41968999999999995,-0.4416,-0.46311,-0.48413,-0.50173,-0.51672,-0.53065,-0.5363100000000001,-0.5368,-0.5330199999999999,-0.51917,-0.50012,-0.47621,-0.44446,-0.41288,-0.37555,-0.3332,-0.29167,-0.25025,-0.2072,-0.17138,-0.13652999999999998,-0.10425,-0.07735299999999999,-0.058414,-0.042554,-0.026927,-0.01714,-0.0097086,-0.0065578,-0.007258199999999999,0.0011042,,,
R/Ohm,0.0033685000000000004,-0.044397000000000006,-0.083243,-0.11565999999999999,-0.14239000000000002,-0.16522,-0.19125,-0.21241999999999997,-0.23310999999999998,-0.25533,-0.27934000000000003,-0.30622,-0.33185,-0.35952,-0.38838,-0.41928999999999994,-0.44913000000000003,-0.47946000000000005,-0.50968,-0.5406,-0.57114,-0.60256,-0.63259,-0.66132,-0.68994,-0.71434,-0.7368100000000001,-0.75636,-0.7689199999999999,-0.77535,-0.77389,-0.76032,-0.74193,-0.71137,-0.66627,-0.61303,-0.55003,-0.47807,-0.41097,-0.34213000000000005,-0.27297,-0.21208000000000002,-0.1625,-0.11964000000000001,-0.082992,-0.052176,-0.034397000000000004,-0.021814,-0.016503999999999998,-0.0046217,,,,,,
R/Ohm,0.073162,0.015218,-0.034616,-0.074541,-0.10740999999999999,-0.13483,-0.16335999999999998,-0.18795,-0.211,-0.23595,-0.26086,-0.28852,-0.315,-0.34242,-0.37061,-0.39984000000000003,-0.42915,-0.45779,-0.48646000000000006,-0.5151,-0.54274,-0.57158,-0.59743,-0.62256,-0.6472,-0.6656,-0.68208,-0.69248,-0.69626,-0.69381,-0.68284,-0.66295,-0.63802,-0.60269,-0.55689,-0.50748,-0.45253000000000004,-0.39192,-0.33549,-0.27778,-0.22276999999999997,-0.17324,-0.13373,-0.099176,-0.069293,-0.046232,-0.028981,-0.018389,-0.015637,-0.0048267,,,,,,
R/Ohm,0.07706,0.16169,0.25211999999999996,0.36409,0.25833,0.15746,0.08185,0.022787,-0.022686,-0.061278,-0.088871,-0.11818,-0.14048,-0.16417,-0.18685,-0.20834,-0.2313,-0.2557,-0.2756,-0.29859,-0.32189,-0.34593,-0.36811,-0.38965,-0.41013999999999995,-0.43032,-0.44948999999999995,-0.46783,-0.4824,-0.49462,-0.50463,-0.50665,-0.50161,-0.49194,-0.47479,-0.45228,-0.42208,-0.38989,-0.35552,-0.31928,-0.27657,-0.238,-0.20008,-0.16152,-0.1312,-0.10253,-0.07700499999999999,-0.055934000000000005,-0.042818,-0.030451,-0.020677,-0.011934,-0.0083415,-0.0044547,-0.004357100000000001,-0.0022792
R/Ohm,0.23343000000000003,0.13496,0.060489999999999995,-0.009506,-0.054703999999999996,-0.098071,-0.13027,-0.15827,-0.18153,-0.20845999999999998,-0.22951,-0.24889,-0.27155,-0.29632,-0.32343,-0.34908,-0.37856999999999996,-0.40888,-0.43923999999999996,-0.47181000000000006,-0.50434,-0.53525,-0.56975,-0.6040300000000001,-0.63832,-0.6704600000000001,-0.70421,-0.73825,-0.77073,-0.7995399999999999,-0.8282,-0.85293,-0.8703700000000001,-0.8805700000000001,-0.88121,-0.8735700000000001,-0.8477299999999999,-0.8074,-0.7538600000000001,-0.68372,-0.6006100000000001,-0.51648,-0.42668,-0.33857,-0.26109,-0.19766,-0.1438,-0.097961,-0.064601,-0.045075,-0.028756,-0.016002000000000002,-0.01524,,,
R/Ohm,0.076687,0.011281,-0.033847,-0.066666,-0.10403,-0.12717,-0.1459,-0.17029,-0.1947,-0.2194,-0.24409,-0.27157,-0.29673,-0.323,-0.34996,-0.3778,-0.40465,-0.4311,-0.4573,-0.4835,-0.50847,-0.5341100000000001,-0.5571,-0.5777899999999999,-0.5961,-0.60965,-0.61921,-0.62287,-0.61839,-0.6077100000000001,-0.59163,-0.56443,-0.53576,-0.50132,-0.45697,-0.41176999999999997,-0.36336,-0.31185,-0.26596,-0.21946,-0.17315999999999998,-0.13294,-0.10214,-0.07562,-0.050522000000000004,-0.031826,-0.019808000000000003,-0.013733,-0.011765000000000001,-0.0021475,,,,,,
R/Ohm,0.27645,0.16957,0.087604,0.015546,-0.035602999999999996,-0.07995,-0.1158,-0.14482,-0.17095,-0.19835999999999998,-0.22063000000000002,-0.24304,-0.26439,-0.29322,-0.31728,-0.34615999999999997,-0.37435,-0.40565999999999997,-0.43696,-0.46881000000000006,-0.50185,-0.5363899999999999,-0.56688,-0.60113,-0.63612,-0.66683,-0.70002,-0.73405,-0.76415,-0.7934,-0.8167,-0.84191,-0.8571200000000001,-0.86388,-0.86295,-0.85457,-0.83434,-0.7930699999999999,-0.74162,-0.67673,-0.59816,-0.5181600000000001,-0.43177,-0.34743,-0.26888,-0.20423,-0.14909,-0.10167000000000001,-0.064372,-0.041395,-0.028635,-0.020559,-0.0082979,,,
R/Ohm,0.34371999999999997,0.22846,0.15349000000000002,0.069229,0.014969999999999999,-0.028966000000000002,-0.065703,-0.09562799999999999,-0.12174000000000001,-0.15392,-0.17518,-0.19585999999999998,-0.21698,-0.23864000000000002,-0.26243,-0.2827,-0.30595,-0.32928,-0.35135,-0.37496,-0.39749,-0.41881,-0.4409,-0.46252,-0.48212,-0.5007199999999999,-0.51575,-0.52977,-0.5361600000000001,-0.53674,-0.53093,-0.5177,-0.49838000000000005,-0.47281999999999996,-0.44227,-0.40983,-0.36829,-0.32572,-0.28441,-0.2408,-0.19848,-0.16168,-0.12807000000000002,-0.099732,-0.07362300000000001,-0.055166,-0.040359,-0.026356,-0.016128,-0.011068000000000001,-0.006236,-0.0056076,-0.00223,,,
