,0,1,2,3,4,5,6,7,8,9,10,11,12,13,14,15,16,17,18,19,20,21,22,23,24,25,26,27,28,29,30,31,32,33,34,35,36,37,38,39,40,41,42,43,44,45,46,47,48,49,50,51,52
R/Ohm,0.28567,0.15991,0.045439,-0.049617,-0.13691,-0.22701,-0.29141,-0.34643,-0.41286999999999996,-0.48361000000000004,-0.5339,-0.58915,-0.6391,-0.68255,-0.72402,-0.76347,-0.7983899999999999,-0.83436,-0.86482,-0.8968299999999999,-0.93045,-0.95794,-0.99297,-1.0228,-1.0634,-1.1,-1.1367,-1.1797,-1.2229,-1.263,-1.3085,-1.3527,-1.3988,-1.4466,-1.4915,-1.5381,-1.5725,-1.6059,-1.6333,-1.644,-1.6285,-1.5868,-1.4952,-1.3528,-1.1497,-0.92045,-0.67979,-0.48058,-0.31340999999999997,-0.1945,-0.1219,-0.060677999999999996,-0.04355
R/Ohm,0.35448,0.21464,0.09988999999999999,-0.0079764,-0.098709,-0.18047,-0.25447,-0.32192,-0.38416,-0.44566999999999996,-0.49921000000000004,-0.5494100000000001,-0.59632,-0.63977,-0.6819,-0.71887,-0.75405,-0.78747,-0.81897,-0.84996,-0.8807799999999999,-0.91154,-0.94375,-0.97677,-1.0112,-1.0462,-1.0829,-1.1219,-1.1614,-1.2023,-1.2458,-1.288,-1.3311,-1.3766,-1.4198,-1.4638,-1.5082,-1.5432,-1.5759,-1.5917,-1.586,-1.5545,-1.4817,-1.353,-1.1667,-0.9486700000000001,-0.71391,-0.49612,-0.32333,-0.19414,-0.11120999999999999,-0.068742,-0.028035
R/Ohm,0.36509,0.22121999999999997,0.10361,-0.008228000000000001,-0.099775,-0.18306,-0.25714000000000004,-0.32485,-0.38893,-0.45183999999999996,-0.50716,-0.5594899999999999,-0.6087100000000001,-0.6553,-0.6998300000000001,-0.73906,-0.77691,-0.8125899999999999,-0.8458,-0.87992,-0.91379,-0.9460700000000001,-0.97972,-1.014,-1.0502,-1.0912,-1.1297,-1.1747,-1.2192,-1.265,-1.3165,-1.3693,-1.4251,-1.4883,-1.5486,-1.6165,-1.6843,-1.7579,-1.8404,-1.9206,-1.9905,-2.0473,-2.0612,-2.0115,-1.8688,-1.6279,-1.2925,-0.93525,-0.61942,-0.37783,-0.22488000000000002,-0.13774,-0.066598
R/Ohm,0.35263,0.20706,0.081032,-0.025407,-0.093765,-0.17836,-0.24394000000000002,-0.30603,-0.3586,-0.41271,-0.46019,-0.4954,-0.5411100000000001,-0.58522,-0.6087600000000001,-0.63746,-0.66887,-0.69671,-0.7227399999999999,-0.7508699999999999,-0.7754300000000001,-0.79718,-0.83144,-0.87,-0.88349,-0.91637,-0.9528,-0.9818100000000001,-1.0181,-1.0452,-1.079,-1.1094,-1.1347,-1.1594,-1.1793,-1.1954,-1.1915,-1.1928,-1.1745,-1.1297,-1.0615,-0.972,-0.85119,-0.70601,-0.55669,-0.41755,-0.2941,-0.1952,-0.12233,-0.079204,-0.050816,-0.023869,-0.025067
R/Ohm,0.25965,0.14452,0.038061000000000005,-0.06312000000000001,-0.14211,-0.21556,-0.28746,-0.34518000000000004,-0.40092,-0.46285,-0.51442,-0.56297,-0.6090800000000001,-0.65076,-0.6913100000000001,-0.72893,-0.76327,-0.79595,-0.82583,-0.85639,-0.88849,-0.9199299999999999,-0.9533200000000001,-0.98695,-1.0208,-1.0607,-1.0989,-1.1426,-1.1874,-1.2319,-1.2811,-1.3333,-1.3866,-1.4442,-1.5055,-1.5698,-1.635,-1.6995,-1.7682,-1.8296,-1.884,-1.9167,-1.904,-1.8281,-1.6644,-1.4152,-1.1021,-0.78909,-0.51995,-0.31569,-0.18891,-0.11625,-0.06327200000000001
R/Ohm,0.25122,0.13864,0.028457999999999997,-0.063154,-0.14818,-0.22355999999999998,-0.29157,-0.35675,-0.41513,-0.47352,-0.5273899999999999,-0.5757,-0.62627,-0.6716,-0.7135199999999999,-0.75093,-0.78908,-0.81926,-0.85467,-0.8877700000000001,-0.9174100000000001,-0.9570299999999999,-0.9884299999999999,-1.0252,-1.0613,-1.1011,-1.1372,-1.1815,-1.2229,-1.2711,-1.3217,-1.3712,-1.4229,-1.4782,-1.5337,-1.5926,-1.6462,-1.6981,-1.7483,-1.7788,-1.7979,-1.7974,-1.7438,-1.6212,-1.4189,-1.1663,-0.8718799999999999,-0.58899,-0.37396999999999997,-0.23428000000000002,-0.13957,-0.084896,-0.047355
R/Ohm,0.48486,0.31932,0.18912,0.06906,-0.029026,-0.1167,-0.19384,-0.26288,-0.3242,-0.38379,-0.43565,-0.482,-0.5254,-0.5624600000000001,-0.59895,-0.62932,-0.6603600000000001,-0.6892199999999999,-0.71758,-0.7457600000000001,-0.77246,-0.80007,-0.82778,-0.8568600000000001,-0.8866299999999999,-0.91824,-0.9504100000000001,-0.98341,-1.0158,-1.0487,-1.0828,-1.1145,-1.1452,-1.1761,-1.1994,-1.221,-1.2287,-1.2296,-1.2128,-1.1772,-1.1173,-1.0318,-0.9111299999999999,-0.76479,-0.61173,-0.46348,-0.33496,-0.23175,-0.14635,-0.086802,-0.051446000000000006,-0.037416000000000005,-0.0038241
R/Ohm,0.32937,0.18334,0.082384,-0.022103,-0.11685,-0.18182,-0.26442,-0.344,-0.4004,-0.45924,-0.51788,-0.56252,-0.6122,-0.6532899999999999,-0.69398,-0.73112,-0.75952,-0.7923100000000001,-0.82705,-0.8573700000000001,-0.88638,-0.92424,-0.9500299999999999,-0.9928299999999999,-1.0158,-1.052,-1.0921,-1.1299,-1.1711,-1.2126,-1.2552,-1.2989,-1.345,-1.392,-1.4356,-1.4784,-1.525,-1.5511,-1.574,-1.5777,-1.5561,-1.5055,-1.3984,-1.234,-1.0296,-0.80213,-0.57562,-0.38479,-0.24355,-0.15425,-0.10415,-0.058862,-0.032086
R/Ohm,0.31338,0.17559,0.082374,-0.010256999999999999,-0.10303,-0.16722,-0.24944000000000002,-0.30171,-0.3651,-0.41522,-0.45866999999999997,-0.50358,-0.5369,-0.57347,-0.6028399999999999,-0.6335,-0.66167,-0.68496,-0.70715,-0.73254,-0.7572800000000001,-0.78198,-0.80942,-0.8338,-0.8634200000000001,-0.891,-0.9179299999999999,-0.9467899999999999,-0.97544,-1.0025,-1.0281,-1.0521,-1.0716,-1.0854,-1.091,-1.0901,-1.0715,-1.0361,-0.9848,-0.9098,-0.81221,-0.70218,-0.5793699999999999,-0.45393999999999995,-0.33974,-0.24799000000000002,-0.17082,-0.11335,-0.07230199999999999,-0.047447,-0.027953,-0.015314,-0.011373999999999999
R/Ohm,0.40312,0.23989000000000002,0.12262,0.0026453,-0.095282,-0.1817,-0.26109,-0.3324,-0.40146,-0.4674,-0.51695,-0.5829,-0.63572,-0.68971,-0.7349100000000001,-0.77396,-0.81712,-0.8586600000000001,-0.8907700000000001,-0.92635,-0.96141,-0.9988799999999999,-1.033,-1.0678,-1.1043,-1.1476,-1.1871,-1.2342,-1.2756,-1.3288,-1.3844,-1.4434,-1.5022,-1.566,-1.637,-1.7118,-1.7927,-1.8804,-1.9788,-2.0754,-2.1688,-2.2526,-2.2987,-2.2923,-2.1701,-1.9201,-1.5493,-1.1318,-0.76285,-0.47481999999999996,-0.28618000000000005,-0.18445999999999999,-0.1021
R/Ohm,0.34875,0.20490999999999998,0.089153,-0.020447,-0.1087,-0.18552000000000002,-0.27394,-0.32555,-0.40131,-0.46257,-0.52579,-0.5764600000000001,-0.6191,-0.6696,-0.72077,-0.75651,-0.79745,-0.8402700000000001,-0.872,-0.9083600000000001,-0.9429700000000001,-0.9826299999999999,-1.0115,-1.0413,-1.0807,-1.1198,-1.1626,-1.2103,-1.2573,-1.3016,-1.3504,-1.4042,-1.4655,-1.5274,-1.5883,-1.6599,-1.7254,-1.8006,-1.8855,-1.9679,-2.0459,-2.1104,-2.1413,-2.111,-1.9883,-1.7508,-1.3985,-0.9950100000000001,-0.6703399999999999,-0.40719,-0.26750999999999997,-0.15386,-0.09614500000000001
R/Ohm,0.23449,0.10933,0.017283,-0.065106,-0.17699,-0.21523,-0.2918,-0.32999,-0.41163,-0.46981999999999996,-0.51966,-0.57704,-0.61892,-0.66614,-0.70655,-0.74885,-0.78779,-0.8176899999999999,-0.8534700000000001,-0.88726,-0.9183,-0.9517200000000001,-0.98555,-1.0217,-1.0599,-1.0978,-1.1374,-1.1789,-1.2234,-1.2703,-1.3172,-1.3726,-1.4264,-1.4893,-1.5483,-1.6182,-1.684,-1.754,-1.8309,-1.9073,-1.9752,-2.0234,-2.0489,-2.0061,-1.8753,-1.6383,-1.3133,-0.96246,-0.55803,-0.42904,-0.26726,-0.14238,-0.094598
R/Ohm,-2.3007,-0.10735,-0.19033,-0.23879,-0.30704000000000004,-0.34557,-0.39214,-0.42033999999999994,-0.47923000000000004,-0.53237,-0.57212,-0.62143,-0.66157,-0.70318,-0.74158,-0.78691,-0.81209,-0.8563,-0.8825200000000001,-0.9029299999999999,-0.9358799999999999,-0.95804,-1.0058,-1.0438,-1.0528,-1.092,-1.1397,-1.1965,-1.2471,-1.2944,-1.3661,-1.4025,-1.4834,-1.5499,-1.6069,-1.6974,-1.8768,-1.8009,-1.8908,-1.9807,-2.0722,-2.1516,-2.1968,-2.1762,-2.0634,-1.8286,-1.475,-1.0643,-0.6987800000000001,-0.43401999999999996,-0.28003,-0.16852,-0.088746
R/Ohm,0.24375,0.12469000000000001,0.019696,-0.074861,-0.15181,-0.23883000000000001,-0.3003,-0.367,-0.42266000000000004,-0.48378000000000004,-0.53738,-0.5865100000000001,-0.63561,-0.6781,-0.7169800000000001,-0.7562399999999999,-0.79097,-0.8270299999999999,-0.8593,-0.89144,-0.92163,-0.95232,-0.9883799999999999,-1.0168,-1.057,-1.0971,-1.1422,-1.1856,-1.2305,-1.2739,-1.3255,-1.3744,-1.4301,-1.4808,-1.5455,-1.6007,-1.6859,-1.6906,-1.75,-1.7943,-1.8146,-1.8144,-1.7654,-1.6525,-1.4616,-1.2014,-0.9054700000000001,-0.62085,-0.39829000000000003,-0.24495,-0.1535,-0.097358,-0.053935000000000004
R/Ohm,0.35531,0.21784,0.090718,-0.009447,-0.098189,-0.18295999999999998,-0.25771,-0.32543,-0.39143,-0.4457,-0.51131,-0.56742,-0.61059,-0.65222,-0.69712,-0.7297899999999999,-0.76983,-0.8015399999999999,-0.83041,-0.86124,-0.892,-0.92305,-0.9537100000000001,-0.98398,-1.0204,-1.0541,-1.0896,-1.1288,-1.1679,-1.2086,-1.2536,-1.2982,-1.3442,-1.394,-1.4417,-1.4927,-1.539,-1.5818,-1.621,-1.6462,-1.649,-1.6289,-1.5625,-1.4375,-1.2469,-1.0105,-0.75917,-0.52727,-0.34819,-0.22616,-0.14278,-0.07381900000000001,-0.051959000000000005
R/Ohm,0.28572,0.16235,0.054948000000000004,-0.048317,-0.11565999999999999,-0.21377,-0.28531,-0.33907,-0.40609,-0.47412,-0.53023,-0.58036,-0.63057,-0.67889,-0.71755,-0.76837,-0.79709,-0.83541,-0.87084,-0.9022100000000001,-0.93568,-0.9746,-1.0073,-1.0509,-1.0742,-1.1165,-1.1624,-1.2044,-1.2559,-1.2928,-1.3539,-1.4139,-1.4527,-1.5163,-1.6004,-1.6519,-1.6407,-1.8006,-1.9051,-1.9848,-2.0737,-2.1548,-2.2031,-2.1812,-2.0634,-1.8279,-1.4784,-1.078,-0.72487,-0.45787,-0.29004,-0.16706,-0.09502000000000001
R/Ohm,0.27325,0.14912999999999998,0.027239,-0.056499,-0.13210999999999998,-0.21814,-0.28423000000000004,-0.35253,-0.4056,-0.47008,-0.52494,-0.5705,-0.61843,-0.66076,-0.6995600000000001,-0.7316199999999999,-0.76321,-0.80083,-0.8295799999999999,-0.8594200000000001,-0.88913,-0.9181600000000001,-0.95547,-0.98215,-1.0199,-1.0582,-1.0939,-1.1324,-1.1725,-1.2107,-1.2508,-1.2908,-1.331,-1.3676,-1.4048,-1.4365,-1.454,-1.4672,-1.4675,-1.4472,-1.3995,-1.3243,-1.2026,-1.0346,-0.8449700000000001,-0.64332,-0.45758000000000004,-0.27557,-0.18203,-0.12087,-0.078136,-0.039120999999999996,-0.029445999999999996
R/Ohm,0.25489,0.14447000000000002,0.043276,-0.044781,-0.1224,-0.1872,-0.25187,-0.30849,-0.36222,-0.41357,-0.45903999999999995,-0.50095,-0.53567,-0.57147,-0.60409,-0.62993,-0.65727,-0.68308,-0.70991,-0.73482,-0.7580899999999999,-0.7834399999999999,-0.80979,-0.83495,-0.8627100000000001,-0.89028,-0.91784,-0.9483799999999999,-0.9766299999999999,-1.0044,-1.0304,-1.0561,-1.0774,-1.0935,-1.1022,-1.1039,-1.0922,-1.0619,-1.0133,-0.94185,-0.8446600000000001,-0.7335,-0.60726,-0.47526,-0.35754,-0.25956,-0.17981,-0.1188,-0.075459,-0.048594,-0.026606,-0.017765,-0.0087771
R/Ohm,0.2921,0.17106,0.081388,-0.024156,-0.10870999999999999,-0.1781,-0.24131,-0.29898,-0.3544,-0.40756,-0.45114,-0.49526000000000003,-0.53272,-0.5677,-0.60132,-0.62898,-0.65809,-0.68515,-0.71107,-0.737,-0.76313,-0.7895800000000001,-0.81604,-0.84344,-0.8737299999999999,-0.9010799999999999,-0.93156,-0.96221,-0.99351,-1.025,-1.0575,-1.0889,-1.1185,-1.1477,-1.1682,-1.1895,-1.1979,-1.1934,-1.1782,-1.1404,-1.0759,-0.98651,-0.86415,-0.7191,-0.56447,-0.42081999999999997,-0.29662,-0.19879000000000002,-0.13339,-0.082947,-0.048941000000000005,-0.024932,-0.01384
R/Ohm,0.41301000000000004,0.25,0.11839000000000001,0.013328,-0.093564,-0.18544000000000002,-0.25433,-0.31346999999999997,-0.38868,-0.45741000000000004,-0.5058199999999999,-0.55658,-0.61124,-0.6558,-0.70272,-0.74058,-0.77756,-0.81084,-0.8478399999999999,-0.87965,-0.91181,-0.9435600000000001,-0.97664,-1.0089,-1.0478,-1.084,-1.1243,-1.1645,-1.2075,-1.2512,-1.296,-1.3435,-1.3949,-1.4476,-1.4988,-1.5546,-1.6044,-1.6545,-1.7038,-1.7394,-1.758,-1.7512,-1.6896,-1.5718,-1.3923,-1.1374,-0.86103,-0.59713,-0.40116,-0.26200999999999997,-0.16418,-0.082278,-0.057301
R/Ohm,0.25313,0.12645,0.02935,-0.063346,-0.15365,-0.20981999999999998,-0.2895,-0.33116999999999996,-0.40769,-0.47193999999999997,-0.52423,-0.56579,-0.6131300000000001,-0.65649,-0.69205,-0.72705,-0.76142,-0.79575,-0.82191,-0.85345,-0.88249,-0.9205200000000001,-0.94255,-0.9780399999999999,-1.0129,-1.0461,-1.0838,-1.1284,-1.1702,-1.2103,-1.2501,-1.2959,-1.3396,-1.3831,-1.4248,-1.4662,-1.488,-1.5162,-1.5299,-1.517,-1.4767,-1.4043,-1.2909,-1.1195,-0.9150799999999999,-0.70398,-0.50436,-0.34055,-0.21663000000000002,-0.14037,-0.08884500000000001,-0.0448,-0.030693
R/Ohm,0.43456000000000006,0.27657,0.14685,0.024926,-0.071344,-0.16139,-0.23711999999999997,-0.31071,-0.37428,-0.43711000000000005,-0.49248000000000003,-0.54576,-0.59295,-0.63646,-0.67756,-0.7139800000000001,-0.74808,-0.78071,-0.8124100000000001,-0.8428100000000001,-0.8735,-0.9043899999999999,-0.93622,-0.9678399999999999,-1.0028,-1.0368,-1.0726,-1.1109,-1.1496,-1.1895,-1.2314,-1.2729,-1.3168,-1.3614,-1.4035,-1.4452,-1.4824,-1.5088,-1.5289,-1.5301,-1.4995,-1.4398,-1.3379,-1.1788,-0.98593,-0.7675,-0.5623,-0.38645999999999997,-0.25064000000000003,-0.15642999999999999,-0.090696,-0.052765,-0.033085
R/Ohm,0.27137,0.14088,0.052739,-0.063291,-0.14109000000000002,-0.22628,-0.28814,-0.35,-0.41263,-0.4738,-0.52977,-0.58101,-0.62534,-0.6712199999999999,-0.7118399999999999,-0.74639,-0.7901,-0.82214,-0.8562299999999999,-0.89105,-0.92591,-0.9641299999999999,-0.9949399999999999,-1.0249,-1.0615,-1.0993,-1.1419,-1.1848,-1.2257,-1.2746,-1.327,-1.3772,-1.4302,-1.4904,-1.5497,-1.6131,-1.6705,-1.7343,-1.7996,-1.8591,-1.9062,-1.9409,-1.925,-1.8449,-1.6676,-1.4143,-1.0987,-0.77412,-0.51117,-0.32359,-0.20375,-0.11555,-0.07658
R/Ohm,0.28315999999999997,0.14362,0.048048,-0.055558,-0.13673,-0.21886999999999998,-0.29311,-0.34691,-0.41925,-0.49136,-0.53878,-0.58577,-0.63827,-0.68267,-0.72737,-0.76336,-0.7971199999999999,-0.83081,-0.8593799999999999,-0.8901899999999999,-0.91961,-0.95005,-0.9820700000000001,-1.0155,-1.0509,-1.0872,-1.1251,-1.1671,-1.2094,-1.2543,-1.3013,-1.3491,-1.3995,-1.4537,-1.5041,-1.5604,-1.609,-1.6586,-1.7073,-1.7392,-1.7566,-1.7482,-1.6916,-1.5789,-1.3941,-1.1448,-0.87375,-0.61282,-0.40836999999999996,-0.27005,-0.16430999999999998,-0.083772,-0.05842000000000001
R/Ohm,0.37756999999999996,0.2328,0.10707,-0.0069854,-0.11126,-0.1781,-0.2603,-0.34579,-0.40341,-0.46423000000000003,-0.52353,-0.57362,-0.62766,-0.67401,-0.7126399999999999,-0.75098,-0.7887,-0.8238,-0.8608399999999999,-0.8945,-0.92551,-0.96698,-0.9932700000000001,-1.0348,-1.0646,-1.1046,-1.1515,-1.1944,-1.2418,-1.2826,-1.3347,-1.3891,-1.4391,-1.498,-1.5591,-1.6182,-1.6991,-1.7654,-1.8153,-1.8716,-1.9083,-1.9211,-1.8792,-1.7598,-1.555,-1.286,-0.97149,-0.66395,-0.42712,-0.25754,-0.1607,-0.10157999999999999,-0.05410499999999999
R/Ohm,0.44673999999999997,0.28439000000000003,0.15428,0.032207,-0.06944299999999999,-0.15778,-0.23756999999999998,-0.31006,-0.37653000000000003,-0.43911999999999995,-0.4955,-0.54795,-0.59701,-0.64161,-0.6844100000000001,-0.72205,-0.75752,-0.7913399999999999,-0.8232200000000001,-0.8546100000000001,-0.88674,-0.91812,-0.95168,-0.98577,-1.0212,-1.0577,-1.0956,-1.1373,-1.178,-1.2236,-1.2701,-1.317,-1.3659,-1.4159,-1.4687,-1.5248,-1.5809,-1.6315,-1.6847,-1.7299,-1.7576,-1.7603,-1.7282,-1.6308,-1.4641,-1.2429,-0.97964,-0.6901,-0.46116,-0.27534000000000003,-0.16545,-0.10155,-0.039387
R/Ohm,0.27644,0.14299,0.045951,-0.057783,-0.14703,-0.21993000000000001,-0.29275999999999996,-0.36691,-0.42067,-0.48072,-0.54214,-0.5928,-0.63985,-0.69113,-0.74056,-0.77891,-0.8129,-0.8486799999999999,-0.8814200000000001,-0.9149200000000001,-0.9456899999999999,-0.9822,-1.0135,-1.0538,-1.0818,-1.1208,-1.1642,-1.2053,-1.2554,-1.3004,-1.3568,-1.4064,-1.4646,-1.5253,-1.5899,-1.6608,-1.7351,-1.8051,-1.8867,-1.9672,-2.0406,-2.1038,-2.1298,-2.0914,-1.9625,-1.7172,-1.3725,-1.0013,-0.67879,-0.44118,-0.28017,-0.15179,-0.10128
R/Ohm,0.3052,0.18445,0.073559,-0.020396,-0.10128999999999999,-0.1748,-0.24014000000000002,-0.29733000000000004,-0.35494000000000003,-0.4082,-0.45623,-0.50484,-0.5415,-0.5743699999999999,-0.60577,-0.6328199999999999,-0.66046,-0.68445,-0.71202,-0.73578,-0.76051,-0.78685,-0.81262,-0.8393,-0.8682,-0.89705,-0.92515,-0.9546,-0.9835799999999999,-1.0118,-1.0392,-1.0636,-1.0844,-1.1005,-1.1109,-1.1143,-1.1025,-1.0749,-1.0313,-0.9651299999999999,-0.8769899999999999,-0.7752,-0.65433,-0.52488,-0.40093,-0.29304,-0.2053,-0.1367,-0.088091,-0.05711,-0.031695999999999995,-0.018345,-0.014999
R/Ohm,0.33046,0.19666,0.090177,-0.0054663,-0.089469,-0.16487000000000002,-0.23233,-0.29463,-0.34588,-0.40015,-0.44778999999999997,-0.48886999999999997,-0.52784,-0.56133,-0.59421,-0.62071,-0.64785,-0.67209,-0.69625,-0.71987,-0.74328,-0.76789,-0.79169,-0.81645,-0.84298,-0.86764,-0.89443,-0.9194399999999999,-0.94389,-0.9691700000000001,-0.9924200000000001,-1.0121,-1.0289,-1.0385,-1.0395,-1.0334,-1.0129,-0.9696899999999999,-0.91002,-0.8276600000000001,-0.72801,-0.6217199999999999,-0.50651,-0.39331,-0.2928,-0.21013,-0.14574,-0.09439700000000001,-0.061141999999999995,-0.039124,-0.022187000000000002,-0.014119,-0.013765000000000001
R/Ohm,0.33759,0.19847,0.08792,-0.022539,-0.11163,-0.19165,-0.2634,-0.332,-0.39354,-0.4555,-0.5099600000000001,-0.5604399999999999,-0.60707,-0.65167,-0.6944,-0.73192,-0.76718,-0.80075,-0.8333,-0.86595,-0.89765,-0.9295899999999999,-0.9634799999999999,-0.99713,-1.0332,-1.0708,-1.1101,-1.1522,-1.1969,-1.2423,-1.2904,-1.3421,-1.3964,-1.4527,-1.5107,-1.5733,-1.6404,-1.7044,-1.7732,-1.8362,-1.8875,-1.9186,-1.9024,-1.8245,-1.6657,-1.4247,-1.1214,-0.8087300000000001,-0.53777,-0.33007,-0.18975,-0.11778,-0.065938
R/Ohm,0.25638,0.14349,0.043203,-0.045002,-0.12536,-0.19458,-0.26374000000000003,-0.32195999999999997,-0.37008,-0.42213,-0.4665,-0.50637,-0.54278,-0.57538,-0.60518,-0.63062,-0.65517,-0.6785800000000001,-0.70152,-0.72538,-0.74837,-0.77351,-0.79908,-0.82549,-0.85321,-0.88013,-0.9081600000000001,-0.93625,-0.9628399999999999,-0.98818,-1.0121,-1.0327,-1.0485,-1.0582,-1.0576,-1.0505,-1.0278,-0.98649,-0.93073,-0.85565,-0.75984,-0.6553800000000001,-0.5411699999999999,-0.4246,-0.3197,-0.23201999999999998,-0.162,-0.10737999999999999,-0.069672,-0.044625,-0.024298,-0.014476,-0.008846799999999998
R/Ohm,0.31126,0.18086,0.078075,-0.01625,-0.094703,-0.17098,-0.23526,-0.29462,-0.34753,-0.40351,-0.45061,-0.49185,-0.52984,-0.56463,-0.5982,-0.62678,-0.65498,-0.68105,-0.70589,-0.72947,-0.75442,-0.77985,-0.80574,-0.83155,-0.8554200000000001,-0.8819600000000001,-0.9084200000000001,-0.93704,-0.9617899999999999,-0.9857299999999999,-1.0068,-1.0256,-1.0385,-1.0454,-1.0434,-1.0332,-1.0067,-0.96162,-0.91215,-0.8201299999999999,-0.72363,-0.6149399999999999,-0.5025,-0.38892,-0.28864,-0.2095,-0.14327,-0.092504,-0.058896000000000004,-0.034022000000000004,-0.020880000000000003,-0.018209,-0.0017463000000000001
R/Ohm,0.29891999999999996,0.1737,0.045435,-0.046577,-0.12362000000000001,-0.18952,-0.25444,-0.31099,-0.36741999999999997,-0.41712,-0.46271,-0.50275,-0.5403899999999999,-0.57431,-0.60926,-0.63546,-0.66193,-0.68729,-0.71394,-0.7381300000000001,-0.76345,-0.79008,-0.81652,-0.84341,-0.87324,-0.9027700000000001,-0.93169,-0.9624,-0.99136,-1.0214,-1.0484,-1.0753,-1.0984,-1.1177,-1.13,-1.1356,-1.1289,-1.105,-1.0645,-1.0031,-0.9175200000000001,-0.81575,-0.69347,-0.56219,-0.43501999999999996,-0.32188,-0.22609,-0.1513,-0.09587899999999999,-0.059588,-0.033336000000000005,-0.023308000000000002,-0.007498100000000001
R/Ohm,0.31918,0.18267,0.067224,-0.035809,-0.12318,-0.20377,-0.27725,-0.34460999999999997,-0.40781,-0.4701,-0.52579,-0.57797,-0.62776,-0.67409,-0.71796,-0.757,-0.79379,-0.82806,-0.8602700000000001,-0.8922200000000001,-0.92415,-0.9558200000000001,-0.98977,-1.0242,-1.0608,-1.0986,-1.1384,-1.1821,-1.2259,-1.2729,-1.3236,-1.3763,-1.4321,-1.4929,-1.5527,-1.6251,-1.6931,-1.7677,-1.8486,-1.9283,-2.0024,-2.0673,-2.1003,-2.079,-1.9597,-1.742,-1.4321,-1.0645,-0.7096100000000001,-0.42783999999999994,-0.24854,-0.15572,-0.082553
R/Ohm,0.38372,0.24219000000000002,0.1282,-0.0034863,-0.094093,-0.1677,-0.22979000000000002,-0.29758,-0.35103,-0.41063999999999995,-0.45295,-0.5070600000000001,-0.5413,-0.57653,-0.61224,-0.6432899999999999,-0.67342,-0.69945,-0.7276600000000001,-0.75092,-0.77779,-0.79962,-0.82721,-0.8534799999999999,-0.8804200000000001,-0.90641,-0.9337200000000001,-0.959,-0.9837799999999999,-1.0067,-1.0283,-1.0453,-1.0558,-1.0615,-1.0544,-1.0393,-1.0028,-0.95011,-0.8811399999999999,-0.79143,-0.68534,-0.57533,-0.46433,-0.35547,-0.26214,-0.18654,-0.12882000000000002,-0.082484,-0.05249500000000001,-0.033599000000000004,-0.021427,-0.0092391,-0.016130000000000002
R/Ohm,0.2176,0.10268,-0.00072615,-0.08238999999999999,-0.16025,-0.23293000000000003,-0.29839,-0.35961,-0.40954,-0.47085,-0.5332600000000001,-0.5799300000000001,-0.6301100000000001,-0.6759,-0.72109,-0.76175,-0.80057,-0.83852,-0.8761700000000001,-0.9108,-0.9471700000000001,-0.98735,-1.02,-1.0645,-1.1009,-1.1369,-1.1822,-1.2243,-1.2725,-1.3209,-1.3744,-1.432,-1.4916,-1.5586,-1.6264,-1.7066,-1.7866,-1.8726,-1.9695,-2.0718,-2.1711,-2.2732,-2.3388,-2.3464,-2.2636,-2.0549,-1.7165,-1.2969,-0.9016799999999999,-0.59549,-0.3776,-0.20284000000000002,-0.13395
R/Ohm,0.2293,0.11864000000000001,0.022829,-0.053965,-0.12364000000000001,-0.18534,-0.25328,-0.30506,-0.35238,-0.4038,-0.45141000000000003,-0.494,-0.53438,-0.5774699999999999,-0.61302,-0.6491899999999999,-0.68145,-0.71396,-0.7419,-0.76963,-0.79496,-0.8234600000000001,-0.84749,-0.87349,-0.8999,-0.9270700000000001,-0.95157,-0.97719,-1.0038,-1.0309,-1.055,-1.0784,-1.0986,-1.1133,-1.1183,-1.1199,-1.0946,-1.0559,-1.0018,-0.9207200000000001,-0.8221700000000001,-0.70715,-0.58029,-0.44915,-0.33383,-0.24076999999999998,-0.16602999999999998,-0.10895,-0.070441,-0.046981999999999996,-0.028769,-0.011193,-0.0083542
R/Ohm,0.30975,0.13468,0.022181,-0.065315,-0.1528,-0.23006999999999997,-0.29688000000000003,-0.36141,-0.42017,-0.48791,-0.5423899999999999,-0.59516,-0.6442399999999999,-0.68823,-0.73449,-0.77546,-0.80975,-0.84696,-0.88094,-0.91481,-0.94814,-0.9749,-1.0171,-1.0505,-1.0884,-1.132,-1.169,-1.2147,-1.2584,-1.3079,-1.3617,-1.4129,-1.4689,-1.5287,-1.5926,-1.6598,-1.7268,-1.8003,-1.8802,-1.9541,-2.0194,-2.0757,-2.1024,-2.0655,-1.9334,-1.6899,-1.3518,-0.9796600000000001,-0.65413,-0.42754,-0.27365,-0.14603,-0.089871
R/Ohm,0.39924,0.2555,0.13825,0.029172000000000003,-0.06277999999999999,-0.14386,-0.21591999999999997,-0.2835,-0.34247,-0.39839,-0.44883,-0.49441,-0.53603,-0.5736899999999999,-0.6096600000000001,-0.64222,-0.67148,-0.69994,-0.7255199999999999,-0.7515,-0.77679,-0.80129,-0.8269799999999999,-0.8526799999999999,-0.8781899999999999,-0.90396,-0.92896,-0.9549200000000001,-0.97809,-0.9993299999999999,-1.0171,-1.0314,-1.041,-1.0414,-1.0317,-1.012,-0.9709899999999999,-0.91204,-0.8385799999999999,-0.7458899999999999,-0.64065,-0.53372,-0.42591999999999997,-0.32400999999999996,-0.2384,-0.17215,-0.11877,-0.07927999999999999,-0.051308000000000006,-0.034908999999999996,-0.018013,-0.011879,-0.010908
