,0,1,2,3,4,5,6,7,8,9,10,11,12,13,14,15,16,17,18,19,20,21,22,23,24,25,26,27,28,29,30,31,32,33,34,35,36,37,38,39,40,41,42,43,44,45,46,47,48,49
R/Ohm,0.29420999999999997,0.21556999999999998,0.14868,0.089835,0.045051,0.005034,-0.036098000000000005,-0.066424,-0.09524400000000001,-0.1221,-0.14774,-0.17347,-0.19610999999999998,-0.21946,-0.24256,-0.26541,-0.28499,-0.30229,-0.31808000000000003,-0.33004,-0.3383,-0.3451,-0.34514,-0.34113000000000004,-0.33248,-0.31964000000000004,-0.30414,-0.28625,-0.26745,-0.24509,-0.22509,-0.20447,-0.185,-0.16692,-0.14756,-0.12812,-0.11210999999999999,-0.09567,-0.081979,-0.06561399999999999,-0.05191900000000001,-0.041835000000000004,-0.033583,-0.025677,-0.019451,-0.014754,-0.011087,-0.0057027,-0.0023090999999999997,0.00068212
R/Ohm,0.26099,0.18403,0.1178,0.062254,0.017689,-0.021678,-0.05915700000000001,-0.090787,-0.1184,-0.14779,-0.17625,-0.19987,-0.22563000000000002,-0.2485,-0.27432,-0.29871,-0.31989,-0.34008,-0.3563,-0.37113,-0.38402,-0.39081,-0.39458000000000004,-0.39371,-0.3886,-0.37889,-0.36422,-0.34529,-0.32732,-0.30316,-0.27978000000000003,-0.25472,-0.23206,-0.20951,-0.18439,-0.16188,-0.14006,-0.1173,-0.10225,-0.084508,-0.06794800000000001,-0.051046,-0.043555,-0.031012,-0.025422999999999998,-0.015855,-0.012542,-0.0025743000000000003,,
R/Ohm,0.18825,0.11832000000000001,0.054064999999999995,0.0019301,-0.044003,-0.083237,-0.12334,-0.15685,-0.18955999999999998,-0.22066999999999998,-0.25040999999999997,-0.28036,-0.30944,-0.33886,-0.36663,-0.39447,-0.4202,-0.44296,-0.46451000000000003,-0.4855,-0.50198,-0.5181,-0.5294,-0.53857,-0.5442600000000001,-0.54769,-0.5486,-0.54197,-0.5340199999999999,-0.52287,-0.50561,-0.48476,-0.45916,-0.42626000000000003,-0.38899,-0.34849,-0.30912,-0.26328,-0.22353,-0.17867,-0.14257999999999998,-0.10935,-0.083777,-0.061602,-0.041793000000000004,-0.027795,-0.019683000000000003,-0.013680000000000001,-0.01027,-0.0056708999999999996
R/Ohm,0.16687000000000002,0.11263,0.064081,0.024878,-0.011382,-0.041530000000000004,-0.075238,-0.10124,-0.1263,-0.15088,-0.17467,-0.19869,-0.21959,-0.24104,-0.26048000000000004,-0.27956,-0.29459,-0.30735999999999997,-0.31697,-0.32394,-0.32714,-0.32875,-0.32450999999999997,-0.31677,-0.305,-0.29079,-0.27307,-0.25548000000000004,-0.23418000000000003,-0.21231,-0.19175,-0.17174,-0.15434,-0.13685999999999998,-0.11848,-0.10247,-0.087418,-0.07248500000000001,-0.061815999999999996,-0.049906,-0.038269,-0.029388,-0.022018,-0.017669999999999998,-0.011584,-0.008078199999999999,-0.0068915999999999995,-0.0045808,-0.0021744,0.0023401999999999997
R/Ohm,0.26621,0.18385,0.11456,0.05754600000000001,0.01042,-0.032931,-0.076914,-0.10939000000000002,-0.14035,-0.16898,-0.19792,-0.22598000000000001,-0.25103000000000003,-0.27769,-0.30359,-0.32709,-0.34964,-0.37022,-0.38838,-0.40397,-0.41718999999999995,-0.42749,-0.43378999999999995,-0.43665,-0.43635,-0.42983999999999994,-0.4209,-0.40614,-0.38759,-0.36684,-0.34238,-0.31411,-0.28648,-0.25719000000000003,-0.22824,-0.20078,-0.17274,-0.14756,-0.12611,-0.10171000000000001,-0.08326499999999999,-0.065243,-0.051834000000000005,-0.037985000000000005,-0.030336000000000002,-0.020982,-0.016314,-0.010109,-0.0021553,-0.0018537
R/Ohm,0.37269,0.27086,0.18467999999999998,0.11573,0.055802,0.006534399999999999,-0.041522,-0.080355,-0.11417999999999999,-0.14597000000000002,-0.17586,-0.20549,-0.23165,-0.25866999999999996,-0.28396,-0.30904,-0.33202,-0.35289,-0.3713,-0.38748,-0.4003,-0.4106,-0.41663999999999995,-0.41801000000000005,-0.41728999999999994,-0.41034,-0.39938,-0.38403000000000004,-0.36445,-0.34325,-0.3222,-0.29274,-0.26916999999999996,-0.24034,-0.21289,-0.18839,-0.16188,-0.13621,-0.11714000000000001,-0.094096,-0.077852,-0.058286000000000004,-0.047381,-0.035264,-0.027666000000000003,-0.020803,-0.015788999999999997,-0.009650299999999999,-0.0051543,-0.0058959
R/Ohm,0.34452,0.2555,0.18395,0.12161,0.070352,0.028814999999999997,-0.012981,-0.045883999999999994,-0.075292,-0.10234,-0.12772,-0.15358,-0.1756,-0.1985,-0.22018000000000001,-0.24272,-0.26222,-0.27967,-0.29481,-0.30821,-0.31795,-0.32586,-0.32773,-0.3258,-0.32027,-0.30937,-0.29585,-0.27876,-0.25997,-0.23981,-0.21978000000000003,-0.19909000000000002,-0.18081,-0.1635,-0.1447,-0.12482,-0.10830999999999999,-0.091525,-0.079414,-0.06371,-0.050787,-0.03952,-0.031852,-0.024317,-0.018619,-0.013378999999999999,-0.0099536,-0.0030244,-0.0027989,0.0004779
R/Ohm,0.24611,0.1743,0.11517000000000001,0.064086,0.021151,-0.014284,-0.050252,-0.080698,-0.10908,-0.13598,-0.16154000000000002,-0.1871,-0.20931999999999998,-0.23112,-0.25139,-0.2703,-0.28617,-0.29864,-0.30969,-0.31697,-0.3214,-0.32361999999999996,-0.32049,-0.314,-0.30378,-0.29020999999999997,-0.27442,-0.25656999999999996,-0.2354,-0.21456999999999998,-0.19605999999999998,-0.17253,-0.15453,-0.1378,-0.11890999999999999,-0.10186,-0.086462,-0.07003999999999999,-0.060519,-0.047169,-0.037153,-0.027998000000000002,-0.021041999999999998,-0.016069999999999997,-0.013359000000000001,-0.0076333,-0.007617399999999999,-0.00057809,,
R/Ohm,0.37367,0.19616,0.0753,-0.01383,-0.08256799999999999,-0.14075,-0.19197999999999998,-0.24090999999999999,-0.28731,-0.32545999999999997,-0.35467,-0.3716,-0.37216,-0.35745,-0.32604,-0.28523000000000004,-0.2402,-0.19825,-0.15647,-0.12143,-0.094338,-0.06646,-0.045617000000000005,-0.033216,-0.023177,-0.015893,,,,,,,,,,,,,,,,,,,,,,,,
R/Ohm,0.41611000000000004,0.28502,0.18074,0.097942,0.033199,-0.027125,-0.07388,-0.1141,-0.15214,-0.18827,-0.22007,-0.25177,-0.28192,-0.30919,-0.33231,-0.35162,-0.3669,-0.37767,-0.38005,-0.37677,-0.3665,-0.34868000000000005,-0.32768,-0.29899000000000003,-0.27343,-0.24461999999999998,-0.21796,-0.18705,-0.15995,-0.13699,-0.11337,-0.093105,-0.07273500000000001,-0.056015999999999996,-0.042769999999999996,-0.03325,-0.022449,-0.015861,-0.011852,-0.0092492,-0.000902,-0.0033385999999999997,,,,,,,,
R/Ohm,0.15044000000000002,0.090427,0.037394,-0.0074413,-0.048827999999999996,-0.080897,-0.11980999999999999,-0.1477,-0.17579,-0.20196,-0.23046,-0.2589,-0.28498,-0.31388,-0.34260999999999997,-0.37249,-0.40121999999999997,-0.42838999999999994,-0.45426000000000005,-0.47761000000000003,-0.49927,-0.518,-0.53415,-0.5465300000000001,-0.55588,-0.5595,-0.55923,-0.55394,-0.54311,-0.52484,-0.50465,-0.47445,-0.44428,-0.4047,-0.36241999999999996,-0.31904,-0.27568000000000004,-0.23126,-0.19411,-0.15809,-0.1256,-0.096414,-0.07493899999999999,-0.055265999999999996,-0.039362,,,,,
R/Ohm,0.25836,0.17726,0.11022,0.052476999999999996,0.0057564999999999995,-0.03348,-0.074438,-0.10615,-0.1371,-0.16747,-0.19455999999999998,-0.22269,-0.24861,-0.27459,-0.29968,-0.32433,-0.34717,-0.36701999999999996,-0.38583,-0.40157,-0.41489,-0.42622,-0.43168999999999996,-0.4351,-0.43482,-0.42958999999999997,-0.41915,-0.4054,-0.38803000000000004,-0.36768,-0.34295,-0.3155,-0.28963,-0.26163000000000003,-0.23056999999999997,-0.20079,-0.1726,-0.14677,-0.12580999999999998,-0.10165,-0.082637,-0.06313300000000001,-0.050256999999999996,-0.038847,-0.02648,-0.020028999999999998,-0.015613,-0.011556,-0.004483699999999999,-0.0019123
R/Ohm,0.26768000000000003,0.17128,0.09914099999999999,0.038749,-0.0076138,-0.055251999999999996,-0.091253,-0.12453,-0.15723,-0.18974000000000002,-0.21694000000000002,-0.248,-0.27576999999999996,-0.30086999999999997,-0.32352,-0.34198,-0.35627,-0.36555,-0.36799,-0.36113,-0.34999,-0.33192,-0.30785,-0.28229,-0.25332,-0.22525,-0.2011,-0.17207999999999998,-0.14627,-0.12412000000000001,-0.10142999999999999,-0.084219,-0.065337,-0.048107,-0.038367,-0.027575,-0.021174000000000002,-0.014886000000000002,-0.010898999999999999,-0.0066758,0.00036377,-0.0023881,,,,,,,,
R/Ohm,0.25545999999999996,0.16781,0.09877000000000001,0.040345,-0.0082788,-0.050795,-0.09592200000000001,-0.1299,-0.16213,-0.19457,-0.22476999999999997,-0.25511,-0.28288,-0.31046,-0.33831,-0.36587,-0.3899,-0.41212,-0.43359,-0.45106,-0.4674,-0.47996000000000005,-0.48945,-0.49491999999999997,-0.49841,-0.49758,-0.4937,-0.48423,-0.47253,-0.45407,-0.43331000000000003,-0.40992,-0.37951999999999997,-0.35093,-0.31516,-0.27638,-0.24236,-0.20561,-0.173,-0.13871,-0.11188,-0.08456699999999999,-0.06478300000000001,-0.051347000000000004,-0.038031,-0.026597000000000003,-0.017557,-0.0090432,-0.0037858000000000006,-0.008855799999999999
R/Ohm,0.24719000000000002,0.17273,0.10480999999999999,0.050185,0.0029588,-0.036764,-0.076401,-0.10622000000000001,-0.13793,-0.16789,-0.1934,-0.2214,-0.24734,-0.27425,-0.29854,-0.32256999999999997,-0.34428000000000003,-0.36599,-0.3834,-0.39981,-0.41266,-0.4238,-0.43032,-0.43332,-0.43341,-0.42845,-0.4182,-0.40676999999999996,-0.38633,-0.36549,-0.33926999999999996,-0.31376,-0.28776999999999997,-0.25814000000000004,-0.22828,-0.19905,-0.17267000000000002,-0.14744000000000002,-0.12258,-0.10209,-0.082462,-0.063566,-0.050377,-0.036981,-0.028539,-0.018895,-0.014228999999999999,-0.01251,-0.0022884,-0.00037551
R/Ohm,0.52696,0.39826,0.28865,0.2009,0.13113,0.06837599999999999,0.007952899999999999,-0.034464,-0.072528,-0.1084,-0.14306,-0.17344,-0.20076,-0.22953,-0.25575,-0.28137,-0.30391999999999997,-0.32433,-0.34238,-0.35681999999999997,-0.36794,-0.37689,-0.37949,-0.37768,-0.3721,-0.3605,-0.34606,-0.32939,-0.30719,-0.28364,-0.26045,-0.23745,-0.21719000000000002,-0.19422,-0.17069,-0.15075999999999998,-0.1295,-0.11009000000000001,-0.095093,-0.078649,-0.063463,-0.048317,-0.04018,-0.030355,-0.021782,-0.016273,-0.011348,-0.0082724,-0.0022346,
R/Ohm,0.19921,0.08928,0.0061622,-0.054424,-0.10339000000000001,-0.14920999999999998,-0.19309,-0.23546999999999998,-0.27696,-0.31013,-0.33536,-0.35131999999999997,-0.3479,-0.3302,-0.29691,-0.2694,-0.21996,-0.1824,-0.14365,-0.11300999999999999,-0.087889,-0.06350700000000001,-0.043449,-0.030706999999999998,-0.022691,-0.014588999999999998,-0.010511,-0.004959399999999999,-0.0017182000000000002,0.00047562,,,,,,,,,,,,,,,,,,,,
R/Ohm,0.29133000000000003,0.21054,0.14399,0.085675,0.03924,-0.00060745,-0.041247000000000006,-0.07215099999999999,-0.10192000000000001,-0.12804000000000001,-0.15494000000000002,-0.18075,-0.20335999999999999,-0.2282,-0.251,-0.27494,-0.29501,-0.31343000000000004,-0.33085,-0.34381999999999996,-0.35391,-0.3622,-0.36353,-0.36139,-0.35438000000000003,-0.34319,-0.32823,-0.30889,-0.29001,-0.26681,-0.24401,-0.22153,-0.20075,-0.18161,-0.15993,-0.13910999999999998,-0.12050999999999999,-0.10252,-0.088736,-0.07187400000000001,-0.057647000000000004,-0.044024,-0.034817,-0.026672,-0.020057,-0.015028999999999999,-0.011090000000000001,-0.0067288,-0.00199,-0.0049636
R/Ohm,0.23656999999999997,0.16455999999999998,0.10377,0.05388099999999999,0.011179999999999999,-0.027442,-0.062545,-0.094459,-0.12519,-0.15309,-0.1832,-0.21297,-0.24122,-0.26798,-0.29711,-0.32368,-0.34904,-0.37132,-0.39264,-0.4114,-0.42688999999999994,-0.441,-0.44925,-0.45583999999999997,-0.45771000000000006,-0.45548999999999995,-0.44964,-0.43678999999999996,-0.42018,-0.39581,-0.37003,-0.33976,-0.30582,-0.27445,-0.24111,-0.20305,-0.17195,-0.14239000000000002,-0.11846,-0.08977,-0.066794,-0.049399,-0.037963,-0.030338999999999998,-0.019905000000000003,-0.011387000000000001,-0.0076202,-0.0040982,-0.004444699999999999,0.0013629000000000002
R/Ohm,0.19403,0.11914000000000001,0.061502999999999995,0.010006000000000001,-0.033589999999999995,-0.07120900000000001,-0.10733,-0.13907,-0.16944,-0.19839,-0.22694,-0.25666,-0.28355,-0.31055,-0.33739,-0.36303,-0.38654,-0.40835,-0.42886,-0.44651,-0.46166,-0.47402,-0.48449,-0.48911000000000004,-0.49282,-0.49087,-0.48772,-0.47608,-0.46638999999999997,-0.44856,-0.43075,-0.40379,-0.37768,-0.34671,-0.31239,-0.27765,-0.2402,-0.20645,-0.17329,-0.14038,-0.11115,-0.08819500000000001,-0.06687699999999999,-0.051723000000000005,-0.038772,-0.02476,-0.01838,-0.011732,-0.0061659,0.0021497
R/Ohm,0.16757,0.11438,0.062482,0.024025,-0.010053,-0.041092000000000004,-0.074687,-0.10052,-0.12679,-0.15064,-0.17590999999999998,-0.19879000000000002,-0.22069,-0.24126,-0.26133,-0.27931999999999996,-0.29548,-0.30801,-0.31697,-0.32475,-0.32826,-0.32955999999999996,-0.32609,-0.31905,-0.30853,-0.29419,-0.2761,-0.25734,-0.23696,-0.21468,-0.19563,-0.17257999999999998,-0.15463,-0.13429000000000002,-0.11675,-0.099476,-0.084313,-0.069359,-0.05909400000000001,-0.045579,-0.035595999999999996,-0.027708999999999998,-0.021804,-0.017013999999999998,-0.010988,-0.0081534,,,,
R/Ohm,0.36148,0.25898000000000004,0.18007,0.11405,0.050467000000000005,0.0045093,-0.037596,-0.073655,-0.10801,-0.1389,-0.17006,-0.19942000000000001,-0.22603,-0.25237,-0.27769,-0.30218,-0.32471,-0.34469,-0.36346,-0.37823,-0.39069,-0.39983,-0.40378000000000003,-0.4052,-0.40008,-0.39169,-0.38049,-0.36056,-0.34157,-0.32001,-0.29517,-0.27154,-0.24741999999999997,-0.22038000000000002,-0.19580999999999998,-0.17192000000000002,-0.14859,-0.12691,-0.10868,-0.087142,-0.070531,-0.054023,-0.043408999999999996,-0.033214,-0.023788,-0.016465,-0.014224,-0.0061496,-0.004000500000000001,0.00084006
R/Ohm,0.24473000000000003,0.16896,0.10778,0.05316799999999999,0.0088348,-0.029666,-0.06794,-0.098213,-0.12705999999999998,-0.15422,-0.18141,-0.20719,-0.23139,-0.25629,-0.27971,-0.30322,-0.32519000000000003,-0.34405,-0.36135,-0.37674,-0.38816999999999996,-0.39737,-0.40131,-0.4005,-0.3982,-0.38911,-0.37664000000000003,-0.35986,-0.33943,-0.318,-0.29441,-0.26984,-0.24478000000000003,-0.2216,-0.19524,-0.17025,-0.14895,-0.1272,-0.10858,-0.087011,-0.070372,-0.055661,-0.044245,-0.034961,-0.026251999999999998,-0.018795,-0.013272999999999998,-0.0048011,-0.0032335000000000003,-0.00025041
R/Ohm,0.32137,0.23744,0.14969000000000002,0.082981,0.031262,-0.0098613,-0.052879999999999996,-0.087565,-0.11947999999999999,-0.15007,-0.17805,-0.20759,-0.23315999999999998,-0.25885,-0.28375,-0.30803,-0.33042,-0.35157,-0.36932,-0.38477,-0.39748,-0.40808,-0.41313999999999995,-0.41451000000000005,-0.41301000000000004,-0.40546,-0.39461,-0.37887,-0.36041,-0.33768000000000004,-0.31356999999999996,-0.29020999999999997,-0.26393,-0.2342,-0.20995,-0.18198,-0.15824000000000002,-0.13423,-0.11463,-0.092326,-0.075473,-0.059007000000000004,-0.045666000000000005,-0.035469,-0.024880000000000003,-0.019209,-0.014773,-0.008778200000000002,-0.004144600000000001,-0.0053973
R/Ohm,0.24093,0.16019,0.09118899999999999,0.030545999999999997,-0.01573,-0.05960599999999999,-0.10457999999999999,-0.13906,-0.17103,-0.20276,-0.23242,-0.26532,-0.29247,-0.32038,-0.34899,-0.37605,-0.4014,-0.42465,-0.44538999999999995,-0.46485,-0.48103,-0.49699,-0.50841,-0.51605,-0.52145,-0.52355,-0.52107,-0.5163300000000001,-0.5063300000000001,-0.49323,-0.47261000000000003,-0.45032,-0.42456000000000005,-0.3941,-0.35665,-0.31888,-0.2753,-0.2343,-0.19947,-0.15989,-0.12662,-0.098538,-0.076141,-0.057629,-0.040978,-0.027786,-0.021419999999999998,-0.01078,-0.0047625,0.0006054
R/Ohm,0.48185,0.26848,0.12158,0.015642,-0.064665,-0.1294,-0.18619000000000002,-0.23690999999999998,-0.2852,-0.32353000000000004,-0.35443,-0.37311,-0.37514000000000003,-0.36025,-0.33025,-0.29023000000000004,-0.24591,-0.20185999999999998,-0.15771,-0.12278,-0.094868,-0.067827,-0.046586,-0.033926,-0.023655000000000002,-0.016489,,,,,,,,,,,,,,,,,,,,,,,,
R/Ohm,0.39588,0.29534,0.21370999999999998,0.14179,0.08870399999999999,0.038494,-0.0084044,-0.044801,-0.078448,-0.1095,-0.138,-0.16558,-0.18827,-0.21172,-0.23243000000000003,-0.25081,-0.26732,-0.28068000000000004,-0.29073000000000004,-0.29963,-0.30482,-0.30623,-0.30465,-0.29938000000000003,-0.29244000000000003,-0.28057,-0.26471999999999996,-0.24536,-0.22675,-0.20731,-0.18678,-0.16733,-0.14987,-0.1297,-0.11127999999999999,-0.094833,-0.079054,-0.064638,-0.053327,-0.042252,-0.032755,-0.025633999999999997,-0.020019,-0.015333000000000001,-0.011163,,,,,
R/Ohm,0.35322,0.26261999999999996,0.18747,0.12574000000000002,0.074405,0.030292000000000003,-0.012288,-0.04504,-0.075431,-0.10339000000000001,-0.12968,-0.15563,-0.17884,-0.20199,-0.22430999999999998,-0.24720999999999999,-0.26616,-0.28349,-0.29883000000000004,-0.31124,-0.31958000000000003,-0.32693,-0.32802,-0.32486,-0.31667,-0.30646,-0.29106,-0.27299,-0.2524,-0.2337,-0.21389,-0.19444,-0.17457,-0.14757,-0.13389,-0.11864000000000001,-0.10305999999999998,-0.08694199999999999,-0.076055,-0.060835,-0.048053,-0.037110000000000004,-0.028847,-0.023027000000000002,-0.016958,-0.01196,-0.0096488,-0.0059775,-0.004478,0.0010442000000000001
R/Ohm,0.3732,0.27211,0.18788,0.11577,0.058163,0.0070607,-0.03784,-0.076678,-0.111,-0.14336,-0.17398,-0.20313,-0.23060999999999998,-0.25711,-0.28304,-0.30778,-0.33016,-0.35020999999999997,-0.36941999999999997,-0.38474,-0.39728,-0.40659,-0.41244,-0.41418,-0.41256000000000004,-0.40595,-0.39513000000000004,-0.37963,-0.36085,-0.34026999999999996,-0.31940999999999997,-0.29191999999999996,-0.2662,-0.24005,-0.21253000000000002,-0.18539,-0.15853,-0.13552999999999998,-0.117,-0.09426,-0.074648,-0.057809000000000006,-0.044425,-0.036612,-0.025613999999999998,-0.019576,-0.012699,-0.0077461,-0.005093600000000001,-0.00068216
R/Ohm,0.27576999999999996,0.18228,0.11185,0.05222,0.004730699999999999,-0.040435000000000006,-0.075964,-0.1083,-0.13881,-0.17031,-0.1964,-0.22455,-0.25251,-0.27566,-0.29667,-0.31396999999999997,-0.32568,-0.33438,-0.33553,-0.32706999999999997,-0.31678,-0.29813,-0.27704,-0.25214000000000003,-0.22551999999999997,-0.19954000000000002,-0.17767,-0.15261,-0.13013,-0.1114,-0.091076,-0.075166,-0.057628,-0.042312999999999996,-0.033862,-0.024191,-0.017806,-0.011557,-0.0095212,-0.0063504,-0.0043736,0.0018689,,,,,,,,
R/Ohm,0.24843,0.16668,0.10311,0.048047,-0.0023311,-0.043289,-0.083819,-0.11681,-0.14706,-0.17747000000000002,-0.20613,-0.23356,-0.26037,-0.28713,-0.31304,-0.33862,-0.36186999999999997,-0.38245999999999997,-0.40208,-0.41858999999999996,-0.43305,-0.44456999999999997,-0.45185,-0.45514,-0.45681000000000005,-0.45223,-0.44466000000000006,-0.43315,-0.41553,-0.39382,-0.3708,-0.3435,-0.31765,-0.28618000000000005,-0.25564000000000003,-0.22471,-0.19542,-0.16489,-0.14085,-0.11391,-0.091286,-0.071344,-0.055536,-0.042395999999999996,-0.030933,-0.021232,-0.014518999999999999,-0.011675,-0.0029046,-0.005667899999999999
R/Ohm,0.405,0.30295,0.21841999999999998,0.14944000000000002,0.090016,0.040818,-0.005800199999999999,-0.042256,-0.077463,-0.10818,-0.13781,-0.1644,-0.18863,-0.21225,-0.2327,-0.25177,-0.26765,-0.28160999999999997,-0.29203,-0.30051,-0.30511,-0.30934,-0.30635999999999997,-0.30256,-0.29498,-0.28365,-0.26965,-0.25092,-0.23246999999999998,-0.21184,-0.19038,-0.17160999999999998,-0.15347,-0.13122999999999999,-0.11463,-0.097911,-0.082165,-0.067839,-0.056125,-0.04445,-0.034484,-0.026258999999999998,-0.019965,-0.01455,-0.009568,-0.007116,-0.0056717,-0.004219,,
R/Ohm,0.27766,0.19854000000000002,0.12458,0.06475,0.012242,-0.029638,-0.073309,-0.10725,-0.13739,-0.1688,-0.1982,-0.22723000000000002,-0.25461,-0.28153,-0.30582,-0.33171,-0.35454,-0.3749,-0.39482,-0.41061000000000003,-0.42378999999999994,-0.43498000000000003,-0.44135,-0.444,-0.44383999999999996,-0.43814,-0.42915,-0.41623999999999994,-0.39724,-0.3774,-0.35417,-0.32585,-0.29925,-0.26993,-0.23976,-0.21026999999999998,-0.18265,-0.15452,-0.13232,-0.10840999999999999,-0.085382,-0.06640700000000001,-0.052883000000000006,-0.040576999999999995,-0.030486000000000003,-0.021064,-0.016835,-0.009606299999999998,-0.0027098,-0.0016005
R/Ohm,0.26488,0.18247,0.11458,0.056505999999999994,0.008090100000000001,-0.034199,-0.077308,-0.11057,-0.14044,-0.17031,-0.19952,-0.22721,-0.2519,-0.27788,-0.3037,-0.32852,-0.35076999999999997,-0.37094,-0.38946,-0.40524,-0.41818,-0.42956000000000005,-0.43627,-0.43786,-0.4385,-0.43201000000000006,-0.42205,-0.40973000000000004,-0.39116,-0.36841999999999997,-0.34465,-0.31903000000000004,-0.29288000000000003,-0.26353000000000004,-0.23410999999999998,-0.2071,-0.17987999999999998,-0.15203,-0.13018,-0.10772000000000001,-0.087037,-0.06665499999999999,-0.053377,-0.04043,-0.028852,-0.020291,-0.016113,-0.0086167,-0.0039111,0.0045687
R/Ohm,0.1898,0.11554,0.056155,0.0013265999999999998,-0.042898,-0.080377,-0.1224,-0.15567,-0.18666,-0.21746999999999997,-0.24704,-0.27474,-0.30101999999999995,-0.32982,-0.35762,-0.38419000000000003,-0.40988,-0.43268,-0.45421999999999996,-0.47407,-0.49013,-0.50576,-0.51769,-0.5263399999999999,-0.53369,-0.53551,-0.5345300000000001,-0.52918,-0.52079,-0.50784,-0.48856000000000005,-0.46829,-0.44311000000000006,-0.40688,-0.36946999999999997,-0.32965,-0.28691,-0.24391,-0.20699,-0.16667,-0.13476,-0.10242000000000001,-0.07775900000000001,-0.058487,-0.043845999999999996,-0.030823000000000003,-0.021205,-0.01132,-0.0052347,-0.008528200000000001
R/Ohm,0.44868,0.24655,0.10565,0.0025298,-0.07460900000000001,-0.13595,-0.18997,-0.2436,-0.28944000000000003,-0.33134,-0.36209,-0.38351,-0.39025,-0.38143,-0.35591,-0.31625,-0.27051,-0.22255999999999998,-0.17522000000000001,-0.13455,-0.10163,-0.072324,-0.050255,-0.037094999999999996,-0.024789,-0.017633000000000003,-0.012505,,,,,,,,,,,,,,,,,,,,,,,
R/Ohm,0.37915,0.28103,0.20199,0.13393,0.077713,0.030004000000000003,-0.014609,-0.052052,-0.085412,-0.11639000000000001,-0.14545,-0.17323,-0.19738,-0.22136,-0.24236,-0.26172,-0.27788,-0.29154,-0.30256,-0.31033,-0.31489,-0.31571,-0.31388,-0.30701999999999996,-0.29689,-0.28428000000000003,-0.26742,-0.24808000000000002,-0.22835999999999998,-0.20786999999999997,-0.18792999999999999,-0.16552999999999998,-0.14778,-0.12930999999999998,-0.11112999999999999,-0.094674,-0.07846,-0.064321,-0.0553,-0.04394,-0.03338,-0.025013999999999998,-0.021384,-0.015025,-0.010456,-0.0082762,,,,
R/Ohm,-0.0055236,-0.031657,-0.058505999999999996,-0.081319,-0.10025,-0.12605,-0.15075,-0.16956,-0.19211,-0.21473000000000003,-0.23571,-0.25756999999999997,-0.28199,-0.30394,-0.32775,-0.35065999999999997,-0.37125,-0.39149,-0.40986999999999996,-0.42528,-0.43846,-0.44978,-0.45687,-0.45976999999999996,-0.46043,-0.45656,-0.44891000000000003,-0.43783999999999995,-0.42157,-0.40159,-0.37951999999999997,-0.35267,-0.32432,-0.29664,-0.26505,-0.23308,-0.20035999999999998,-0.17017000000000002,-0.14507,-0.11877,-0.09875,-0.077432,-0.059329,-0.044438,-0.03413,-0.028569,-0.01854,-0.012629000000000001,-0.011203,-0.0035649
R/Ohm,0.36548,0.26421,0.18175,0.1157,0.057925,0.010817,-0.036347000000000004,-0.07302,-0.1051,-0.13618,-0.16574,-0.19382,-0.22005,-0.24561999999999998,-0.27066999999999997,-0.29578000000000004,-0.3174,-0.33737,-0.35448,-0.36983,-0.38031,-0.38995,-0.39445,-0.39343,-0.38979,-0.37947,-0.36653,-0.34959,-0.32869,-0.30675,-0.28395,-0.26015,-0.23653000000000002,-0.21794000000000002,-0.18978,-0.16652999999999998,-0.14375,-0.12129000000000001,-0.10642,-0.086167,-0.070413,-0.054896,-0.042625,-0.032847,-0.025268000000000002,-0.017894,-0.0124,-0.009198,-0.0030249,6.0821000000000006e-05
R/Ohm,0.34509,0.25911999999999996,0.1846,0.12415,0.071631,0.032967,-0.009593,-0.042399,-0.071255,-0.098826,-0.12359,-0.14785,-0.16951,-0.19104000000000002,-0.21181999999999998,-0.23334000000000002,-0.25056,-0.26742,-0.28217,-0.29347,-0.30191,-0.31024,-0.31066,-0.3088,-0.30159,-0.28981,-0.27671,-0.26216999999999996,-0.24067,-0.22066999999999998,-0.20348,-0.18104,-0.1649,-0.14128,-0.13159,-0.11342999999999999,-0.09712799999999999,-0.08255599999999999,-0.07102,-0.056615,-0.043963999999999996,-0.034612000000000004,-0.025428,-0.020288999999999998,-0.014828999999999998,-0.010362,-0.0071,-0.0065328,0.00053785,
R/Ohm,0.4998,0.28104,0.13128,0.017991,-0.062241,-0.12774000000000002,-0.18481,-0.23701999999999998,-0.28365999999999997,-0.32206999999999997,-0.35216,-0.36851,-0.36838000000000004,-0.35202,-0.32176,-0.28075,-0.24161,-0.19568,-0.15464,-0.12107000000000001,-0.093388,-0.06661,-0.047786,-0.03489,-0.02329,-0.016442,,,,,,,,,,,,,,,,,,,,,,,,
R/Ohm,0.18382,0.11688,0.064756,0.018799,-0.019893,-0.054947,-0.091741,-0.11965999999999999,-0.14617,-0.17194,-0.19876,-0.2242,-0.24736999999999998,-0.27176,-0.29581999999999997,-0.31943,-0.34095,-0.3607,-0.37869,-0.39442,-0.4074,-0.41928999999999994,-0.42446000000000006,-0.42838999999999994,-0.42846999999999996,-0.42486999999999997,-0.41545,-0.40142,-0.38566,-0.36303,-0.34009,-0.31366,-0.2864,-0.25998000000000004,-0.23060999999999998,-0.20401,-0.1717,-0.14665999999999998,-0.12453,-0.1033,-0.081695,-0.06350599999999999,-0.051328,-0.038593,-0.028587,-0.020144,-0.013341999999999998,-0.0057881,-0.0053531,-0.0010983
R/Ohm,0.35551,0.26197,0.18596,0.12546,0.069803,0.026668,-0.015387,-0.049661000000000004,-0.08194,-0.10925,-0.13518,-0.16314,-0.18738,-0.21072,-0.23365,-0.25661,-0.27698,-0.2957,-0.31185999999999997,-0.32482,-0.33553,-0.34144,-0.34315,-0.3414,-0.33447,-0.32581,-0.30894,-0.29343,-0.26911999999999997,-0.25064000000000003,-0.23281,-0.20636999999999997,-0.18943,-0.16929,-0.15406,-0.13144,-0.11495,-0.095709,-0.08291799999999999,-0.06791900000000001,-0.052771000000000005,-0.042115,-0.031174,-0.024344,-0.018728,-0.013290999999999999,-0.010034999999999999,-0.0064301,-0.0026528000000000003,0.00070033
R/Ohm,0.21165,0.13468,0.072906,0.019781,-0.025796,-0.064855,-0.1089,-0.14155,-0.17255,-0.20158,-0.23084000000000002,-0.26082,-0.28473000000000004,-0.31325,-0.33976999999999996,-0.36785,-0.39293,-0.41405,-0.43451999999999996,-0.45348999999999995,-0.46858,-0.48336,-0.49261000000000005,-0.49921000000000004,-0.5038600000000001,-0.5041,-0.50059,-0.494,-0.48225,-0.468,-0.44836000000000004,-0.42183999999999994,-0.39791,-0.36838000000000004,-0.33313000000000004,-0.29546999999999995,-0.2582,-0.22107,-0.18825,-0.15257,-0.12013,-0.09503099999999999,-0.069851,-0.053337999999999997,-0.037805,-0.02694,-0.017934000000000002,-0.013603,-0.0095041,0.0064414
R/Ohm,0.23476999999999998,0.1538,0.088978,0.033297,-0.011115,-0.050263,-0.089935,-0.12218,-0.15392,-0.18304,-0.2117,-0.23984,-0.26608000000000004,-0.2927,-0.31881,-0.34381,-0.36651999999999996,-0.38806999999999997,-0.40723000000000004,-0.42436999999999997,-0.43846,-0.45142,-0.45891000000000004,-0.46391000000000004,-0.46545,-0.46257,-0.45653,-0.44411000000000006,-0.43067,-0.41323999999999994,-0.39111,-0.36591999999999997,-0.3385,-0.3098,-0.27676999999999996,-0.24583000000000002,-0.21236,-0.18024,-0.15444000000000002,-0.12725,-0.10075,-0.078922,-0.06260700000000001,-0.045555,-0.033155000000000004,-0.022783,-0.017571,-0.0062137,-0.0039648,-0.00054879
R/Ohm,0.32277,0.2335,0.16034,0.09594,0.042355000000000004,-0.0030577,-0.043185,-0.079694,-0.11039000000000002,-0.13984000000000002,-0.169,-0.19635,-0.22361999999999999,-0.24773,-0.2743,-0.29856,-0.32,-0.34057,-0.35877,-0.37631,-0.38806,-0.39864,-0.40631,-0.40597,-0.40428000000000003,-0.39823000000000003,-0.38497,-0.36291999999999996,-0.34617,-0.3287,-0.30956999999999996,-0.2731,-0.25469,-0.22641999999999998,-0.20023,-0.17481,-0.15175,-0.12843,-0.10905999999999999,-0.088854,-0.071221,-0.05455599999999999,-0.044601,-0.033428,-0.024707,-0.017771000000000002,-0.013288,-0.0082584,-0.0019076,
R/Ohm,0.31048000000000003,0.22093000000000002,0.15447,0.093044,0.046475999999999996,0.006155699999999999,-0.034082999999999995,-0.065724,-0.095198,-0.12362000000000001,-0.14837999999999998,-0.17603,-0.19934000000000002,-0.22345,-0.24589,-0.26945,-0.29009,-0.30741,-0.3241,-0.337,-0.34702,-0.3531,-0.35581,-0.3526,-0.34464,-0.33353,-0.3175,-0.30015,-0.27915,-0.25811999999999996,-0.23823000000000003,-0.21391,-0.19598,-0.17634,-0.15444000000000002,-0.13698,-0.11792000000000001,-0.099571,-0.087677,-0.071471,-0.053638,-0.04333,-0.034124,-0.025156,-0.018761,-0.012222,-0.011593000000000001,-0.006935800000000001,-0.0016901,-0.0014933
R/Ohm,0.3059,0.22102,0.15129,0.092771,0.0462,0.004372999999999999,-0.035418,-0.067905,-0.096874,-0.12177,-0.14833,-0.17284000000000002,-0.19841,-0.22225999999999999,-0.24477,-0.26789,-0.2888,-0.30629,-0.32268,-0.33531,-0.34383,-0.35078000000000004,-0.35159,-0.34785,-0.33949,-0.32800999999999997,-0.3112,-0.29327,-0.27147,-0.25198000000000004,-0.22953,-0.20872,-0.18933,-0.17153,-0.15138,-0.1317,-0.11481,-0.096713,-0.084826,-0.06775700000000001,-0.05349299999999999,-0.041543000000000004,-0.032421,-0.025252,-0.018328,-0.013375,-0.010179,-0.0071646,-0.00049089,-0.0015402
R/Ohm,0.3665,0.27116,0.17857,0.11441,0.06282,0.019962999999999998,-0.025797000000000004,-0.060001,-0.09253600000000001,-0.12376,-0.15292,-0.18395,-0.21061999999999997,-0.24006999999999998,-0.26621,-0.29381999999999997,-0.31859,-0.34106,-0.36358,-0.38206,-0.39886,-0.41445,-0.42623,-0.43422,-0.43825,-0.44063,-0.43615,-0.42838000000000004,-0.41242,-0.39284,-0.366,-0.3377,-0.30624,-0.27091,-0.23501999999999998,-0.19722,-0.16435,-0.13295,-0.10769000000000001,-0.083401,-0.060913,-0.043686,-0.032933,-0.023312,-0.018524000000000002,-0.012516,,,,
R/Ohm,0.40515999999999996,0.29766,0.2095,0.1353,0.07461799999999999,0.024089,-0.026003,-0.064297,-0.098629,-0.13008,-0.16134,-0.18992,-0.21583000000000002,-0.24176,-0.26802,-0.29317,-0.31653000000000003,-0.33562,-0.35353,-0.36784,-0.37931,-0.38924000000000003,-0.3907,-0.39087,-0.38463,-0.37472,-0.36046,-0.341,-0.32168,-0.29994,-0.27604,-0.2526,-0.22998000000000002,-0.20536,-0.18197,-0.15945,-0.13835,-0.11884000000000002,-0.10288,-0.082631,-0.066603,-0.052846000000000004,-0.040224,-0.031212,-0.023452,-0.017068,-0.013022999999999998,-0.00689,-0.00078781,-0.00056282
R/Ohm,0.20096,0.128,0.067409,0.013712,-0.029632,-0.06633700000000001,-0.10794000000000001,-0.14187,-0.17188,-0.20193,-0.23096999999999998,-0.25979,-0.28506,-0.31306999999999996,-0.3392,-0.36643000000000003,-0.39082,-0.4124,-0.43341,-0.45141000000000003,-0.4684,-0.48145,-0.49183999999999994,-0.49916000000000005,-0.50293,-0.50198,-0.49856999999999996,-0.49066000000000004,-0.47956000000000004,-0.4637,-0.44533,-0.41855,-0.39294,-0.36521,-0.32735,-0.29149,-0.25411,-0.21700999999999998,-0.18244000000000002,-0.1498,-0.11912,-0.09121699999999999,-0.07051,-0.053122,-0.039099,-0.025782999999999997,-0.017526,-0.014573,-0.0090565,0.0003036
R/Ohm,0.25397,0.16978,0.10192000000000001,0.044566,-0.0027175,-0.046151,-0.089361,-0.12412999999999999,-0.1561,-0.18466,-0.21352,-0.24265,-0.26774000000000003,-0.29524,-0.32188,-0.34870999999999996,-0.37215,-0.39411,-0.41385,-0.43208,-0.4466,-0.46038,-0.46943,-0.47529,-0.47923999999999994,-0.47907,-0.475,-0.46923000000000004,-0.45679,-0.44048999999999994,-0.42206000000000005,-0.3977,-0.37105,-0.34217,-0.3061,-0.27102,-0.23586999999999997,-0.20045,-0.16918,-0.13767000000000001,-0.11005,-0.085268,-0.066962,-0.050004,-0.035273,-0.025269,-0.019434,-0.014234,-0.009553200000000001,-0.0030146
R/Ohm,0.3026,0.19648,0.1211,0.057649,0.0049004,-0.044191,-0.083275,-0.11947999999999999,-0.15256,-0.18569000000000002,-0.21323000000000003,-0.24036,-0.26341,-0.28344,-0.29898,-0.30956999999999996,-0.31585,-0.31756,-0.31209000000000003,-0.30239,-0.28622,-0.2652,-0.24048000000000003,-0.21741,-0.19205999999999998,-0.16698,-0.14473,-0.12365,-0.099063,-0.080566,-0.064742,-0.051321000000000006,-0.038406,-0.029700999999999998,-0.021327000000000002,-0.016674,-0.011801,-0.008140300000000001,,,,,,,,,,,,
R/Ohm,0.22624,0.14357,0.079718,0.0229,-0.024950999999999997,-0.065499,-0.10626,-0.1403,-0.17436,-0.20382999999999998,-0.23384000000000002,-0.26600999999999997,-0.29357,-0.32119000000000003,-0.34897,-0.37667,-0.4005,-0.42361000000000004,-0.44515,-0.46412,-0.48015,-0.49548000000000003,-0.5062,-0.51289,-0.51825,-0.52093,-0.51781,-0.51065,-0.50021,-0.48608,-0.46648999999999996,-0.44555,-0.41928999999999994,-0.38599,-0.351,-0.31206,-0.27057,-0.23091,-0.19621,-0.15877,-0.12524000000000002,-0.096572,-0.073864,-0.0566,-0.040006,-0.029813,-0.019922,-0.013694999999999999,-0.0039109999999999995,-0.0051424999999999995
R/Ohm,0.30072,0.21813000000000002,0.14953,0.092503,0.043522000000000005,0.0018234000000000002,-0.039166,-0.07166900000000001,-0.10527,-0.13552999999999998,-0.16526,-0.19468,-0.22144,-0.24928000000000003,-0.27541,-0.30308,-0.32695,-0.34897,-0.36904000000000003,-0.38654,-0.40248,-0.41648999999999997,-0.42693000000000003,-0.43323,-0.43635,-0.43513,-0.43094,-0.42235,-0.40365999999999996,-0.38301,-0.36159,-0.32911,-0.2987,-0.26494,-0.23421,-0.20027,-0.16492,-0.13779,-0.10985,-0.086263,-0.067453,-0.049862000000000004,-0.035469,-0.024261,-0.016281,-0.013288999999999999,-0.008719,0.0078815,,
R/Ohm,0.33077,0.237,0.15689,0.094124,0.039896,-0.0041769,-0.05268,-0.08569,-0.11581,-0.14879,-0.17718,-0.20623000000000002,-0.23196999999999998,-0.25843,-0.28267,-0.30675,-0.32969,-0.35051,-0.36843000000000004,-0.38434,-0.39765,-0.40665,-0.40995,-0.41136000000000006,-0.40898,-0.40048,-0.38805,-0.3738,-0.35247,-0.33121,-0.30725,-0.2801,-0.25789,-0.23123000000000002,-0.20542,-0.1809,-0.15662,-0.13301,-0.11456,-0.093562,-0.074512,-0.058898,-0.044247,-0.03533,-0.024981,-0.019011,-0.013922,-0.0086398,-0.0021929000000000002,0.004147
R/Ohm,0.21544000000000002,0.14148,0.081177,0.029463999999999997,-0.013366999999999999,-0.053147,-0.09184500000000001,-0.1214,-0.15267999999999998,-0.17997,-0.20861999999999997,-0.23581,-0.26043,-0.28735,-0.31298000000000004,-0.33741,-0.36014,-0.38132,-0.40089,-0.41673000000000004,-0.42973,-0.44193999999999994,-0.44974,-0.45236000000000004,-0.45321000000000006,-0.4501,-0.43977,-0.42777,-0.41021,-0.38869000000000004,-0.36363,-0.33952,-0.31206999999999996,-0.28253,-0.25085,-0.22325,-0.19328,-0.16358,-0.13989000000000001,-0.11364,-0.09009400000000001,-0.06964,-0.053561000000000004,-0.041535,-0.030269,-0.018475,-0.01556,-0.009004,,
R/Ohm,0.22488000000000002,0.14645,0.08317999999999999,0.026246,-0.026025,-0.062694,-0.11029000000000001,-0.14287,-0.17614000000000002,-0.20598000000000002,-0.23599,-0.26602,-0.29277,-0.32087,-0.34893,-0.3754,-0.40045,-0.42286999999999997,-0.44338,-0.46258999999999995,-0.47947,-0.49438000000000004,-0.50532,-0.5122899999999999,-0.5190600000000001,-0.52072,-0.51944,-0.51365,-0.50468,-0.49077,-0.47213,-0.45068,-0.42416000000000004,-0.39357,-0.35772,-0.32166999999999996,-0.28137,-0.2391,-0.20419,-0.16437000000000002,-0.1306,-0.10063,-0.079669,-0.059212,-0.040674,-0.029855,-0.021026,-0.0092756,-0.0095095,-0.0043625
R/Ohm,0.40592,0.30457,0.21957,0.14924,0.09099199999999999,0.040566000000000005,-0.0064551,-0.044431,-0.07801,-0.10889000000000001,-0.13777,-0.16535,-0.18857000000000002,-0.21204,-0.23255,-0.25087,-0.26696,-0.28015999999999996,-0.29053,-0.2987,-0.30245,-0.30491999999999997,-0.30283000000000004,-0.29693,-0.28899,-0.27648,-0.26069000000000003,-0.24306999999999998,-0.22405999999999998,-0.20381,-0.18245,-0.16414,-0.14577,-0.12853,-0.10987000000000001,-0.09377100000000001,-0.079498,-0.064558,-0.053585,-0.041721,-0.034235,-0.026668999999999998,-0.019905000000000003,-0.013271000000000002,-0.011385,-0.0069102,-0.0046793,-0.0007772,-0.0031819,0.0023194
R/Ohm,0.22476,0.14556,0.079236,0.023116,-0.021859,-0.06225599999999999,-0.10622000000000001,-0.14027,-0.17218,-0.20131,-0.23137,-0.26087,-0.28619,-0.31465,-0.34202,-0.36953,-0.39426,-0.41728000000000004,-0.43711000000000005,-0.45507,-0.47146000000000005,-0.48593000000000003,-0.49635,-0.50261,-0.50807,-0.50802,-0.50508,-0.49912,-0.48841999999999997,-0.47331000000000006,-0.45397,-0.43003,-0.40257,-0.37274,-0.33584,-0.29868,-0.2606,-0.22305,-0.18778,-0.1525,-0.12259,-0.095041,-0.074073,-0.055859000000000006,-0.038744,-0.025623000000000003,-0.019295,-0.0080194,-0.0060869999999999995,0.0017901
R/Ohm,0.2033,0.13196,0.06586900000000001,0.0097076,-0.038224,-0.075886,-0.11664000000000001,-0.1484,-0.18134,-0.2136,-0.24253000000000002,-0.27255,-0.30141999999999997,-0.32933,-0.35958,-0.38658000000000003,-0.41291000000000005,-0.4362,-0.46096000000000004,-0.47889,-0.49548000000000003,-0.51226,-0.52485,-0.5355300000000001,-0.54327,-0.54665,-0.5474399999999999,-0.54297,-0.5382399999999999,-0.5247,-0.50626,-0.48683000000000004,-0.46297,-0.43263999999999997,-0.38926,-0.34951,-0.30825,-0.26429,-0.22263000000000002,-0.183,-0.14354,-0.11055999999999999,-0.08419299999999999,-0.062336,-0.041907,-0.027981,-0.01933,-0.01465,-0.009344799999999999,-0.0089697
R/Ohm,0.30106,0.2023,0.12197000000000001,0.05899600000000001,0.006299,-0.043883,-0.082385,-0.11815999999999999,-0.15252000000000002,-0.18477000000000002,-0.21206999999999998,-0.23851,-0.26134,-0.28060999999999997,-0.29524,-0.30561,-0.31062,-0.31106,-0.30457,-0.2935,-0.27829,-0.25756,-0.237,-0.21516,-0.18552000000000002,-0.16294,-0.14194,-0.12214000000000001,-0.09916699999999999,-0.081747,-0.065037,-0.053045,-0.038965,-0.028925,-0.022793,-0.015446000000000001,-0.012239,-0.0073969,-0.005640600000000001,-0.0046718,-0.0027256,0.00040664,,,,,,,,
