,label,0,1,2,3,4,5,6,7,8,9,10,11,12,13,14,15,16,17,18,19,20,21,22,23,24,25,0.1,1.1,2.1,3.1,4.1,5.1,6.1,7.1,8.1,9.1,10.1,11.1,12.1,13.1,14.1,15.1,16.1,17.1,18.1,19.1,20.1,21.1,22.1,23.1,24.1,25.1
0,3,0.31501,0.22776,0.15481,0.095242,0.046438,0.002771,-0.037593,-0.068909,-0.096433,-0.12279000000000001,-0.14777,-0.17153,-0.1931,-0.21456,-0.23649,-0.25795,-0.2769,-0.29388000000000003,-0.30929,-0.32056,-0.32952,-0.33683,-0.33737,-0.33407,-0.32716,-0.316,3.5047,3.5139,3.5253,3.5380000000000003,3.5518,3.5642,3.5793,3.5958,3.6156,3.6371,3.6608,3.6854,3.7137,3.7443,3.7789,3.8167,3.8579,3.9027,3.9504,4.0014,4.0542,4.1087,4.1643,4.22,4.275,4.3268
1,3,0.22671999999999998,0.15680999999999998,0.09425599999999999,0.04052,-0.001918,-0.037836,-0.071747,-0.1008,-0.12734,-0.15142,-0.17569,-0.19981,-0.22239,-0.24439,-0.26532,-0.28755,-0.30775,-0.32671,-0.34381,-0.35919,-0.3699,-0.37955,-0.38348000000000004,-0.38351,-0.37958000000000003,-0.37154,3.5798,3.5924,3.6055,3.6182,3.6356,3.6501,3.6686,3.6891,3.7117,3.736,3.7628,3.7909,3.8229,3.8577,3.8966,3.9394,3.9858,4.0361,4.0889999999999995,4.1462,4.2066,4.2678,4.3326,4.3967,4.4612,4.5249
2,3,0.15605,0.098135,0.053548,0.013073,-0.018667,-0.046637,-0.078536,-0.10202,-0.12680999999999998,-0.14865,-0.17229,-0.19475,-0.21515,-0.23715999999999998,-0.25633,-0.27769,-0.29555,-0.3116,-0.32572,-0.33512,-0.34358,-0.34781999999999996,-0.34536,-0.33994,-0.33154,-0.31676,3.3756,3.383,3.3939,3.404,3.4208,3.4353,3.4497,3.4679,3.4884,3.5117,3.5381,3.5658,3.5968,3.6331,3.6726,3.7133,3.7594,3.8093,3.8623,3.9160000000000004,3.9725,4.0313,4.0899,4.1481,4.2049,4.2593
3,3,0.25508000000000003,0.17981,0.11352000000000001,0.057722,0.015475,-0.023897,-0.06337999999999999,-0.093582,-0.12047000000000001,-0.14665,-0.17115999999999998,-0.19635999999999998,-0.21816999999999998,-0.24124,-0.26439,-0.28619,-0.30871,-0.32837,-0.34642,-0.36375,-0.37726,-0.39013000000000003,-0.39759,-0.40163000000000004,-0.40389,-0.39914,3.6637,3.6746,3.6873,3.7039,3.7195,3.7365,3.7542,3.7749,3.7987,3.8231,3.8505,3.8796,3.9130000000000003,3.9484,3.9885,4.0309,4.078,4.1294,4.1836,4.2413,4.3031,4.3663,4.4319,4.5,4.5682,4.6365
4,3,0.28676999999999997,0.20198,0.12982,0.067065,0.020661000000000002,-0.022351,-0.064381,-0.096544,-0.12637,-0.15292,-0.17895999999999998,-0.20526,-0.22796999999999998,-0.25267,-0.27679000000000004,-0.29952,-0.32173,-0.34264,-0.36041999999999996,-0.3783,-0.3924,-0.4039,-0.41158999999999996,-0.41513999999999995,-0.41694,-0.4111,3.7677,3.7805,3.7941,3.8091,3.8242,3.8411,3.8587,3.8803,3.9032,3.9295,3.9556,3.9861,4.0203,4.0565,4.096,4.1407,4.1885,4.2401,4.296,4.3555,4.4178,4.4827,4.5495,4.6184,4.6873,4.7571
5,3,0.30791999999999997,0.22221999999999997,0.15327000000000002,0.093775,0.045897,0.0067771,-0.030625,-0.061977,-0.087649,-0.11539,-0.13638,-0.16157,-0.18191,-0.20394,-0.22434,-0.24527,-0.26287,-0.27895,-0.29445,-0.30603,-0.31429,-0.32271,-0.3243,-0.32131,-0.31485,-0.30458,3.4068,3.4166,3.4288,3.4415,3.4522,3.4708,3.484,3.5023,3.5218,3.5434,3.5669999999999997,3.5935,3.6229,3.6551,3.6893,3.727,3.7693,3.815,3.864,3.9139999999999997,3.9663,4.022,4.0775,4.1335,4.1891,4.2425
6,3,0.22169,0.15571,0.099374,0.050926,0.011091,-0.02279,-0.056606,-0.085111,-0.11298,-0.13834000000000002,-0.16383,-0.18941,-0.21216,-0.23489000000000002,-0.25636,-0.27763000000000004,-0.29543,-0.31154,-0.32515,-0.33466,-0.34065,-0.34412,-0.34268000000000004,-0.33726999999999996,-0.32663000000000003,-0.31358,3.272,3.2803,3.2905,3.3024,3.3148,3.33,3.3451,3.3638,3.3848,3.4101,3.4349,3.4646,3.4975,3.5339,3.5741,3.6179,3.6658,3.7169,3.7704,3.8275,3.8859,3.9441,4.0038,4.0628,4.1206,4.175
7,3,0.28622,0.13835999999999998,0.037739999999999996,-0.043521,-0.10123,-0.14986,-0.19371,-0.23714000000000002,-0.27860999999999997,-0.31434,-0.34101,-0.35898,-0.35964,-0.3465,-0.31666,-0.28207,-0.24295,-0.20284000000000002,-0.16197999999999999,-0.12715,-0.09826599999999999,-0.073352,-0.051061,-0.036220999999999996,-0.024334,-0.016057,3.548,3.5696,3.5953,3.6262,3.6632,3.7072,3.7593,3.8237,3.8989,3.9872,4.0899,4.2001,4.3156,4.4283,4.5323,4.6204,4.696000000000001,4.7467,4.797,4.8306,4.8578,4.8765,4.8897,4.9008,4.93,4.9509
8,3,0.41029,0.27355,0.17294,0.090562,0.023211000000000002,-0.03478,-0.080864,-0.11845,-0.15442,-0.18756,-0.21594000000000002,-0.24745,-0.27807,-0.30423,-0.32638,-0.34965,-0.36546999999999996,-0.37774,-0.38169000000000003,-0.38088,-0.37439,-0.35753,-0.33648,-0.31126,-0.28691,-0.25854,3.5999,3.6156,3.6339,3.6547,3.6744,3.6993,3.7257,3.7598,3.7918,3.8281,3.8712,3.9167,3.9705,4.0284,4.092,4.1609,4.2353,4.3132,4.3946,4.4738,4.555,4.6309,4.7008,4.7681,4.8241,4.8759
9,3,0.45188999999999996,0.3395,0.24771999999999997,0.17181,0.10804000000000001,0.055625,0.0062354,-0.033877,-0.069163,-0.10252,-0.13338,-0.16244,-0.18855,-0.21485,-0.23895999999999998,-0.26154,-0.28164,-0.29948,-0.31417,-0.3265,-0.33516,-0.34073000000000003,-0.34147,-0.33807,-0.33041,-0.31981,3.4008,3.4081,3.4119,3.4218,3.4302,3.4429,3.4539,3.4684,3.4848,3.5047,3.5269,3.5522,3.5802,3.6123,3.6481,3.6883,3.7314,3.7788,3.8287,3.8811,3.9354,3.991,4.0469,4.1025,4.1576,4.2113
10,3,0.19437000000000001,0.12485,0.070083,0.019961000000000003,-0.022783,-0.052339,-0.097589,-0.12713,-0.1474,-0.17687,-0.20083,-0.2277,-0.25046,-0.27505,-0.30376,-0.33211999999999997,-0.35851,-0.38492,-0.41397,-0.43738999999999995,-0.46174,-0.48401000000000005,-0.50083,-0.51673,-0.52866,-0.53491,4.5881,4.605,4.621,4.6388,4.6516,4.6611,4.6842,4.7026,4.7277,4.7554,4.7817,4.8083,4.8413,4.8764,4.9153,4.9617,5.0084,5.0591,5.1147,5.1787,5.2466,5.3153,5.392,5.4681,5.5475,5.632000000000001
11,3,0.24173000000000003,0.16596,0.10296,0.054249,0.0094971,-0.028473000000000002,-0.062802,-0.091525,-0.11825999999999999,-0.14332999999999999,-0.16814,-0.19285,-0.21506999999999998,-0.23815999999999998,-0.2606,-0.28314,-0.30413,-0.32408000000000003,-0.34279,-0.35846,-0.3729,-0.38595999999999997,-0.39263000000000003,-0.3982,-0.39819,-0.39538,3.6298,3.6428,3.6561,3.6709,3.6854,3.7048,3.7221,3.7424,3.7652,3.7894,3.8161,3.8443,3.8771,3.9122,3.9505,3.9932,4.0395,4.0896,4.1432,4.1999,4.2615,4.3231,4.3882,4.4538,4.5224,4.5895
12,3,0.26011,0.16443,0.090775,0.030682,-0.016513999999999997,-0.061958000000000006,-0.0966,-0.12642,-0.158,-0.18785,-0.21281,-0.24203000000000002,-0.26747,-0.29081999999999997,-0.31263,-0.33179000000000003,-0.3449,-0.35363,-0.35703,-0.35241,-0.34329,-0.32648,-0.30365,-0.28056,-0.25473,-0.2289,3.5628,3.5747,3.5909,3.6096,3.6317,3.6534,3.68,3.7108,3.742,3.7753,3.8155,3.8592,3.9104,3.9685,4.0285,4.0946,4.1637,4.2365,4.312,4.3876,4.4605,4.5316,4.5972,4.6516,4.7043,4.7483
13,3,0.27433,0.1924,0.12432,0.067747,0.020988,-0.015818000000000002,-0.055567,-0.084338,-0.11596,-0.13893,-0.16425,-0.18975999999999998,-0.21211,-0.23584000000000002,-0.25854,-0.28197,-0.3026,-0.32364,-0.34304,-0.35796999999999995,-0.37162,-0.38401,-0.39174000000000003,-0.39621,-0.39601,-0.39223,3.6895,3.7025,3.7134,3.7257,3.7427,3.763,3.7748,3.7953,3.8156,3.8386,3.8623,3.889,3.9219,3.9544,3.9909,4.0322,4.0759,4.1238,4.1726,4.229,4.2866,4.3484,4.4095,4.4745,4.5387,4.6035
14,3,0.51502,0.38465,0.27553,0.18824000000000002,0.11650999999999999,0.056857000000000005,0.001422,-0.040708999999999995,-0.078861,-0.11143,-0.14317,-0.17227,-0.19741,-0.22378,-0.24852,-0.27273000000000003,-0.29531,-0.31483,-0.33234,-0.34758,-0.35932,-0.3684,-0.37165,-0.3709,-0.36619,-0.35659,3.5784,3.5862,3.5976,3.6093,3.6226,3.6383,3.6534,3.6735,3.6942,3.7156,3.7411,3.7682,3.7985,3.8327,3.8689999999999998,3.9099,3.9546,4.0029,4.0548,4.1102,4.1683,4.2281,4.2895,4.3522,4.4135,4.4725
15,3,0.17725,0.072406,-0.0038965000000000002,-0.06296399999999999,-0.11323,-0.15235,-0.19237,-0.23103,-0.27013000000000004,-0.30413,-0.33019,-0.34642,-0.3445,-0.33142,-0.3048,-0.26603000000000004,-0.22830999999999999,-0.19047,-0.15357,-0.12282,-0.094046,-0.067647,-0.046383,-0.034022000000000004,-0.023109,-0.014835,3.4724,3.4966,3.5237,3.5539,3.5909,3.6357,3.6881,3.7492,3.825,3.9129,4.0131,4.1218,4.2358,4.3444,4.4417,4.5393,4.6018,4.6634,4.7142,4.7527,4.7852,4.8105,4.8307,4.8462,4.8571,4.8554
16,3,0.31993,0.23176,0.15667999999999999,0.09614199999999999,0.045302999999999996,0.0014769,-0.041746,-0.074283,-0.10339000000000001,-0.1308,-0.15532,-0.18087,-0.20310999999999998,-0.22453,-0.24603000000000003,-0.26849,-0.28715,-0.3032,-0.31874,-0.33119,-0.33953,-0.34761,-0.34943,-0.3468,-0.34042,-0.32988,3.5252,3.5331,3.5454,3.5579,3.573,3.5888,3.6048,3.6244,3.6466,3.6712,3.697,3.7255,3.7579,3.7926,3.8310000000000004,3.8713,3.9167,3.9646,4.016,4.07,4.1271,4.1842,4.2447,4.3044,4.3641,4.4203
17,3,0.18962,0.12625999999999998,0.074251,0.030431,-0.006038399999999999,-0.038831,-0.073296,-0.10157999999999999,-0.12959,-0.15642999999999999,-0.18366,-0.21249,-0.23845999999999998,-0.26744,-0.29558,-0.32274,-0.34929,-0.37494,-0.39776999999999996,-0.41873999999999995,-0.4363,-0.45227,-0.46298,-0.46921,-0.4698,-0.46518000000000004,4.2661,4.2739,4.2797,4.29,4.3006,4.315,4.3267,4.3423,4.3624,4.3834,4.4063,4.4337,4.4651,4.5009,4.5403,4.5867,4.6368,4.6925,4.7497,4.8148,4.8835,4.9559,5.029,5.1063,5.183,5.2622
18,3,0.18772,0.12658,0.080709,0.038013,0.0019859,-0.030755,-0.061975999999999996,-0.086836,-0.1111,-0.13342,-0.15592999999999999,-0.17806,-0.19758,-0.21791999999999997,-0.23718000000000003,-0.25606,-0.27263000000000004,-0.28704,-0.29936999999999997,-0.30888000000000004,-0.31511,-0.31861999999999996,-0.31771,-0.31190999999999997,-0.30279,-0.28994000000000003,3.2932,3.3019,3.3159,3.3296,3.3424,3.3563,3.3728,3.3902,3.412,3.4356,3.4595,3.4857,3.5159,3.5488,3.5845,3.6239999999999997,3.6659,3.7113,3.759,3.8092,3.8616,3.9148,3.9681,4.0225,4.0737,4.1233
19,3,0.33825,0.24073000000000003,0.16552999999999998,0.098717,0.045183999999999995,-0.0015014000000000002,-0.044726999999999996,-0.078313,-0.11035999999999999,-0.14169,-0.17044,-0.19613,-0.22124000000000002,-0.24878000000000003,-0.26879000000000003,-0.29291,-0.31424,-0.33363000000000004,-0.35063,-0.36691,-0.38093,-0.39097,-0.39476999999999995,-0.39793,-0.3957,-0.38921,3.7112,3.7224,3.7353,3.7493,3.7675,3.7881,3.8014,3.8269,3.8462,3.8751,3.9053,3.9355,3.9688,4.0085,4.0502,4.0945,4.1444,4.1962,4.2526,4.3123,4.3753,4.4377,4.5047,4.5735,4.6398,4.707
20,3,0.23195,0.16155,0.10299000000000001,0.054032000000000004,0.011139,-0.024021999999999998,-0.061925,-0.093198,-0.12170999999999998,-0.14878,-0.17674,-0.20593000000000003,-0.23218000000000003,-0.26087,-0.28920999999999997,-0.31811,-0.34515,-0.3704,-0.39397,-0.41476,-0.43256000000000006,-0.44831000000000004,-0.45876000000000006,-0.46361,-0.46542,-0.45896000000000003,4.2506,4.2568,4.2681,4.2813,4.2948,4.3071,4.3235,4.3428,4.3643,4.3887,4.4182,4.4473,4.4814,4.5198,4.5628,4.6101,4.6639,4.7243,4.7863,4.8537,4.9239999999999995,4.9982,5.0763,5.1548,5.2351,5.3162
21,3,0.20059000000000002,0.1298,0.071996,0.025952999999999997,-0.016593,-0.053844,-0.0848,-0.11490999999999998,-0.13813,-0.16071,-0.18678,-0.20943,-0.23321999999999998,-0.25478,-0.27762,-0.30028,-0.32076,-0.34149,-0.36136,-0.37736,-0.38888,-0.40104,-0.40653,-0.41,-0.40928000000000003,-0.40223000000000003,3.7008,3.717,3.7306,3.7469,3.7616,3.7831,3.8015,3.8217,3.8469,3.8712,3.8986,3.9304,3.9615,3.9967,4.0379,4.0826,4.1286,4.1799,4.2325,4.2913,4.3531,4.4174,4.4818,4.5489999999999995,4.6167,4.6829
22,3,0.31879,0.22182,0.14743,0.08073999999999999,0.030233999999999997,-0.014286000000000002,-0.05613099999999999,-0.09237999999999999,-0.12037,-0.14802,-0.17601,-0.20346,-0.22901999999999997,-0.25353000000000003,-0.27879,-0.30151999999999995,-0.32347,-0.34431999999999996,-0.36445,-0.38023,-0.39448,-0.40629,-0.41365,-0.41548999999999997,-0.41494,-0.40896,3.7811,3.7922,3.8108,3.8223,3.8355,3.8537,3.8688,3.8941,3.9136,3.9419,3.967,3.9965,4.0294,4.0668,4.1068,4.1496,4.1968,4.2471,4.3023,4.3609,4.4232,4.4876,4.5535,4.6206,4.6879,4.7552
23,3,0.4753,0.2633,0.11648,0.007870799999999999,-0.067695,-0.13044,-0.18386,-0.2313,-0.27649,-0.31603000000000003,-0.34656,-0.36778,-0.37141,-0.35894000000000004,-0.33389,-0.29966,-0.25493000000000005,-0.21394000000000002,-0.17021,-0.13259,-0.10259000000000001,-0.074004,-0.053295,-0.037625,-0.025207,-0.01737,3.5944,3.615,3.641,3.6699,3.7099,3.7584,3.8118,3.8795,3.9554,4.0482,4.1502,4.2667,4.3861,4.5037,4.6151,4.7119,4.7914,4.8482,4.8995,4.9358,4.9627,4.9795,4.9871,4.9847,4.9726,4.9544
24,3,0.429,0.32388,0.23512,0.16292,0.1025,0.052476999999999996,0.0046871000000000005,-0.033009,-0.067622,-0.099241,-0.12842,-0.15644,-0.18076,-0.20493000000000003,-0.22793000000000002,-0.24766,-0.26605,-0.28154,-0.29425999999999997,-0.30368,-0.31048000000000003,-0.31294,-0.31153000000000003,-0.30617,-0.29841999999999996,-0.28505,3.1359,3.1413,3.1483,3.1569,3.1666,3.1782,3.1909,3.2068,3.2252,3.2452,3.2685,3.2939,3.3239,3.3573,3.3935,3.4339,3.4773,3.5239,3.5731,3.6239999999999997,3.6769,3.7309,3.785,3.8385,3.8904,3.94
25,3,0.29054,0.20901999999999998,0.14547000000000002,0.089699,0.043599,0.0052036,-0.032391,-0.060729,-0.086989,-0.11199,-0.13507,-0.15768,-0.17795,-0.1982,-0.21848,-0.2384,-0.25508000000000003,-0.2705,-0.28381,-0.2941,-0.30154000000000003,-0.3069,-0.30699,-0.30289,-0.29529,-0.28464,3.3569,3.3647,3.3732,3.3829,3.3934,3.4065,3.4189999999999996,3.4344,3.4525,3.4725,3.4937,3.5171,3.5429,3.5724,3.6052,3.6412,3.6797,3.7226,3.7681,3.8163,3.8668,3.9172,3.97,4.0212,4.0726,4.1217
26,3,0.29339,0.20419,0.13234,0.073615,0.023991,-0.021216,-0.062186,-0.095609,-0.12445999999999999,-0.15247,-0.17865,-0.20514000000000002,-0.2292,-0.25261999999999996,-0.27686,-0.30039,-0.32199,-0.34209,-0.36124,-0.37853000000000003,-0.39238,-0.40399,-0.41105,-0.4154,-0.41558,-0.40985,3.7379,3.7487,3.7622,3.7796,3.795,3.8131,3.8318,3.8549,3.8779,3.9042,3.9327,3.9628,3.9965,4.0345,4.0752,4.1196,4.169,4.2216,4.2774,4.3367,4.4001,4.4653,4.5338,4.6024,4.6723,4.7415
27,3,0.24873,0.16055,0.09044400000000001,0.036108,-0.0087501,-0.052123,-0.084469,-0.11373,-0.14064000000000002,-0.16893,-0.19266,-0.21788000000000002,-0.24347,-0.26459,-0.28383,-0.29927,-0.31062,-0.31818,-0.31806999999999996,-0.31151,-0.30049000000000003,-0.2836,-0.26344,-0.2428,-0.21794000000000002,-0.19435,3.397,3.4067,3.4194,3.4322,3.4479,3.4637,3.4843,3.5072,3.5339,3.5627,3.597,3.6352,3.6779,3.7261,3.7795,3.8374,3.8989999999999996,3.9625,4.0282,4.0933,4.1543,4.2139,4.2667,4.3143,4.3553,4.3902
28,3,0.24076,0.16355999999999998,0.10192999999999999,0.048723,0.0055424,-0.034839999999999996,-0.070637,-0.099414,-0.12691,-0.15297,-0.17798,-0.20332999999999998,-0.22605,-0.24941999999999998,-0.27255,-0.29691,-0.31835,-0.33905,-0.3587,-0.3758,-0.38985,-0.40219,-0.41148999999999997,-0.41673000000000004,-0.41743,-0.41315,3.733,3.7435,3.7559,3.7709,3.7856,3.8025,3.8179,3.8389,3.8607,3.8845,3.9116,3.9393,3.9714,4.0061,4.0449,4.0871,4.1334,4.1839,4.237,4.2949,4.3562,4.4191,4.4851,4.553,4.6205,4.6893
29,3,0.42822,0.32242,0.23589000000000002,0.16168,0.10128999999999999,0.052039,0.0029143,-0.034973000000000004,-0.069135,-0.10069,-0.12988,-0.15837,-0.18248,-0.20656999999999998,-0.22962,-0.24999000000000002,-0.26836,-0.2844,-0.29701,-0.30699,-0.31378,-0.3178,-0.31611999999999996,-0.31090999999999996,-0.30304000000000003,-0.29064,3.1485,3.154,3.1619,3.1719999999999997,3.1821,3.1938,3.2062,3.2224,3.2413,3.2633,3.2863,3.3125,3.3429,3.3766,3.4144,3.4551,3.4993,3.5464,3.5961,3.6485,3.7023,3.7567,3.8125,3.8664,3.9205,3.9708
30,3,0.25378,0.17393,0.10815999999999999,0.055317,0.010376999999999999,-0.029308999999999998,-0.064196,-0.094979,-0.12308,-0.1485,-0.174,-0.19905,-0.22257,-0.2459,-0.26887,-0.29259,-0.31396999999999997,-0.33437,-0.35416,-0.37019,-0.38471,-0.39692,-0.40451,-0.40811,-0.4095,-0.4048,3.7255,3.7374,3.7466,3.7637,3.7768,3.7927,3.8094,3.83,3.8517,3.8757,3.9004,3.9287,3.96,3.9951,4.033,4.0749,4.1202,4.1705,4.2225,4.2801,4.3403,4.4030000000000005,4.4682,4.5345,4.6018,4.6692
31,3,0.24186,0.1638,0.10375,0.051301,0.0056633000000000005,-0.033421,-0.070742,-0.10045,-0.1239,-0.15263,-0.17652,-0.20077,-0.2216,-0.2463,-0.26915,-0.29141,-0.31413,-0.33446,-0.35115,-0.37154,-0.38452,-0.40002,-0.40762,-0.41353999999999996,-0.41594,-0.41216,3.7046,3.7164,3.7298,3.7471,3.7633,3.7815,3.7989,3.8185,3.8464,3.8724,3.898,3.9302,3.9634,3.9996,4.0409,4.084,4.1326,4.1845,4.2409,4.3001,4.3637,4.4262,4.4943,4.5661,4.6363,4.706
32,3,0.50015,0.27360999999999996,0.12415,0.012796,-0.068049,-0.12993,-0.18383,-0.23306,-0.27985,-0.32222,-0.35588000000000003,-0.38086,-0.38737,-0.3855,-0.36216,-0.32655,-0.28268000000000004,-0.23493000000000003,-0.18889,-0.14762,-0.11345,-0.08136900000000001,-0.055845000000000006,-0.04091,-0.026244999999999997,-0.018876,3.6077,3.6291,3.6601,3.6865,3.7305,3.7767,3.8332,3.9023,3.9783,4.0701,4.1767,4.2929,4.4196,4.5454,4.665,4.7737,4.8683,4.9386,5.0028,5.0455,5.0782,5.1017,5.114,5.1178,5.1096,5.0868
33,3,0.4133,0.30587,0.22141999999999998,0.15052000000000001,0.091488,0.040448000000000005,-0.0037832,-0.041919,-0.076722,-0.10828,-0.13793,-0.16629000000000002,-0.19207,-0.21597,-0.23974,-0.26091,-0.27947,-0.29531999999999997,-0.30798000000000003,-0.3172,-0.32299,-0.32584,-0.32305,-0.31622,-0.30601,-0.29225999999999996,3.2345,3.24,3.247,3.2572,3.267,3.2774,3.2902,3.3064,3.3242,3.345,3.3686,3.3942,3.4243,3.4587,3.4961,3.5372,3.5818,3.6292,3.6789,3.7319999999999998,3.7865,3.8415,3.8973,3.9516,4.0043,4.0545
34,3,0.31189,0.22107,0.14438,0.08204700000000001,0.030635000000000003,-0.011911,-0.055642,-0.08793200000000001,-0.11794,-0.14515999999999998,-0.17129,-0.19694,-0.21899000000000002,-0.24255,-0.26586,-0.28819,-0.30966,-0.32987,-0.34731,-0.3629,-0.37568,-0.38545,-0.39128,-0.39305,-0.3915,-0.38281,3.6006,3.6137,3.63,3.6448,3.6605,3.6791,3.6975,3.7198,3.7432,3.7698,3.7972,3.8280000000000003,3.8616,3.8976,3.9375,3.9815,4.0291,4.0804,4.1351,4.1933,4.2558,4.3194,4.386,4.4522,4.5203,4.5853
35,3,0.30453,0.22191,0.15569000000000002,0.10049,0.053145000000000005,0.015595,-0.024156,-0.053533000000000004,-0.080094,-0.10500999999999999,-0.12895,-0.15083,-0.17103,-0.19086,-0.20931999999999998,-0.22835999999999998,-0.24415,-0.25801999999999997,-0.27007,-0.27881,-0.28558,-0.29047,-0.28905,-0.2844,-0.27579000000000004,-0.26524000000000003,3.3608,3.3669,3.3728,3.3819,3.391,3.4017,3.4130000000000003,3.4281,3.4451,3.463,3.484,3.5066,3.5323,3.5618,3.5934,3.6271,3.6648,3.7053,3.748,3.793,3.8399,3.8871,3.9366,3.9847,4.0319,4.0771
36,3,0.62732,0.3581,0.17626,0.046448,-0.044343,-0.11420999999999999,-0.17184000000000002,-0.22595,-0.27301,-0.31289,-0.3426,-0.36209,-0.3638,-0.35119,-0.32366999999999996,-0.28868,-0.24499,-0.20613,-0.16599,-0.13059,-0.1021,-0.074191,-0.053006,-0.039543,-0.026912000000000002,-0.018668,3.5574,3.5762,3.6044,3.6349,3.6756,3.7229,3.7769999999999997,3.843,3.9224,4.0158,4.1208,4.2363,4.3552,4.4719999999999995,4.5796,4.6708,4.7471,4.8121,4.8684,4.9094,4.9452,4.9726,4.9959,5.0149,5.0377,5.0609
37,3,0.21625,0.14647000000000002,0.090292,0.040464,-0.00038019,-0.033067,-0.070118,-0.097335,-0.12214000000000001,-0.146,-0.1692,-0.19191,-0.21339,-0.23442,-0.25686,-0.27860999999999997,-0.29944,-0.31887,-0.33657,-0.35297,-0.36712,-0.37953000000000003,-0.38861999999999997,-0.39321999999999996,-0.3957,-0.39145,3.5724,3.5862,3.5975,3.6114,3.6260000000000003,3.6437,3.6601,3.6809,3.7028,3.7273,3.7531,3.7817,3.8135,3.8480000000000003,3.8857,3.9273,3.9721,4.021,4.0733,4.1295,4.1882,4.2492,4.3136,4.3789,4.4452,4.5128
38,3,0.28436999999999996,0.20154,0.13571,0.081564,0.034467000000000005,-0.0036663000000000004,-0.039464,-0.071143,-0.09555,-0.12111,-0.14599,-0.16917000000000001,-0.19005,-0.21028000000000002,-0.23171999999999998,-0.25196,-0.27121,-0.28753,-0.30204000000000003,-0.31611,-0.32477,-0.33301,-0.33407,-0.33271,-0.32705,-0.31726,3.4413,3.4526,3.4637,3.478,3.4913,3.5039999999999996,3.5259,3.5421,3.5657,3.5858,3.6106,3.6384,3.667,3.6973,3.735,3.7736,3.8173,3.8629,3.9132,3.9641,4.0182,4.0753,4.1341,4.192,4.2497,4.3047
39,3,0.30049000000000003,0.21273000000000003,0.13687,0.075014,0.02663,-0.016149,-0.053278,-0.088013,-0.11767000000000001,-0.14484,-0.17076,-0.19695,-0.22089,-0.24406999999999998,-0.26746,-0.29069,-0.3119,-0.3334,-0.35208,-0.36837,-0.38395999999999997,-0.39749,-0.40273000000000003,-0.40581999999999996,-0.40703,-0.39887,3.6342,3.6460000000000004,3.6615,3.6735,3.6917,3.7089999999999996,3.7283,3.7496,3.7722,3.8,3.8276,3.8552,3.8887,3.9254,3.9652,4.0074,4.0552,4.1061,4.1608,4.2187,4.2809,4.345,4.4128,4.479,4.5498,4.6189
40,3,0.26399,0.18684,0.1211,0.066945,0.024922,-0.014178,-0.050239,-0.077016,-0.10594,-0.12847999999999998,-0.1527,-0.1771,-0.19780999999999999,-0.22207,-0.24136,-0.26128,-0.28133,-0.29736,-0.31201,-0.32749,-0.33879000000000004,-0.34429,-0.34509,-0.34449,-0.33771,-0.32831,3.4728,3.4822,3.4967,3.5096,3.5252,3.5427,3.5593,3.5786,3.6002,3.6229,3.6506,3.6766,3.7069,3.7415,3.7791,3.8182,3.8623,3.9096,3.9612,4.0154,4.0724,4.1292,4.1883,4.2478,4.3069,4.3644
41,3,0.30888000000000004,0.22254000000000002,0.15170999999999998,0.091125,0.041712,0.0019137999999999998,-0.037917,-0.068918,-0.09664500000000001,-0.12222000000000001,-0.14676,-0.17074,-0.19243,-0.21431999999999998,-0.23554,-0.2562,-0.27489,-0.29245,-0.30721,-0.31887,-0.32759,-0.33398,-0.33483,-0.33098,-0.32419000000000003,-0.31225,3.4969,3.5048,3.5135,3.5232,3.5375,3.5514,3.5633,3.5802,3.5979,3.6195,3.6396,3.6646,3.6918,3.7224,3.7562,3.7942,3.8346,3.8789999999999996,3.9263,3.9773,4.0301,4.0843,4.1395,4.1952,4.25,4.3007
42,3,0.34146,0.25315,0.17822000000000002,0.11316,0.06466000000000001,0.020083,-0.022609,-0.056165999999999994,-0.08867699999999999,-0.11928,-0.14992,-0.17901,-0.20690999999999998,-0.23460999999999999,-0.26272,-0.29036,-0.31756999999999996,-0.34106,-0.36549,-0.38752,-0.40531999999999996,-0.42215,-0.4347,-0.44196,-0.44533,-0.44498000000000004,4.2479,4.2546,4.2612,4.2705,4.283,4.2899,4.3027,4.3186,4.3342,4.3529,4.374,4.3981,4.4256,4.4577,4.4945,4.5345,4.5795,4.6289,4.6834,4.7411,4.8029,4.8674,4.9352,5.006,5.0794,5.1513
43,3,0.38056,0.27683,0.19045,0.11896,0.058947,0.010196,-0.03467,-0.073558,-0.10545999999999998,-0.13616,-0.16452,-0.18925999999999998,-0.21324,-0.23725,-0.26181,-0.28565,-0.30656,-0.32595,-0.34567,-0.36059,-0.37304,-0.38298000000000004,-0.38935,-0.38704,-0.38353000000000004,-0.37753000000000003,3.5965,3.6094,3.6234,3.6388,3.6528,3.6739,3.69,3.7128,3.7368,3.7631,3.7916,3.82,3.8544,3.8901,3.9303,3.9735,4.0224,4.0727,4.1271,4.1862,4.2474,4.3111,4.3775,4.4454,4.5121,4.5777
44,3,0.23246999999999998,0.14937,0.083611,0.02895,-0.016668000000000002,-0.05939,-0.094398,-0.1263,-0.15736,-0.18888,-0.21518,-0.24285,-0.26638,-0.28764,-0.30485999999999996,-0.31698000000000004,-0.32542,-0.32656999999999997,-0.32134,-0.31189,-0.29491999999999996,-0.2742,-0.24845,-0.21885,-0.1966,-0.17134000000000002,3.1883,3.1943,3.2099,3.2237,3.2405,3.2585,3.2808,3.3068,3.3385,3.3729,3.4143,3.4604,3.5139,3.571,3.6326,3.6994,3.7682,3.8386,3.9084,3.9768,4.0406,4.0994,4.1537,4.1996,4.2369,4.2701
45,3,0.21418,0.1502,0.094813,0.048902,0.0084265,-0.025404,-0.06018300000000001,-0.089799,-0.11803,-0.14406,-0.17039,-0.19902999999999998,-0.22585,-0.25317,-0.28042,-0.30914,-0.33591,-0.36156,-0.38516,-0.40676999999999996,-0.42613999999999996,-0.44347,-0.45561999999999997,-0.46468999999999994,-0.4676,-0.46618999999999994,4.2682,4.2781,4.2822,4.2998,4.3135,4.3295,4.3469,4.3654,4.3853,4.4083,4.4339,4.4614,4.4954,4.5314,4.5717,4.6176,4.667,4.7234,4.7821,4.8461,4.9126,4.9846,5.0597,5.1349,5.2133,5.2926
46,3,0.32428,0.23294,0.15431,0.089907,0.037170999999999996,-0.0099448,-0.053863,-0.08684,-0.11873,-0.14704,-0.17414000000000002,-0.20153,-0.22384,-0.24895,-0.27335,-0.2968,-0.31916,-0.33965,-0.35848,-0.3745,-0.38744,-0.39826999999999996,-0.40448,-0.40631,-0.40496,-0.39779000000000003,3.7164,3.7260000000000004,3.7416,3.7545,3.7732,3.7906,3.8087,3.8299,3.8547,3.88,3.9092,3.9397,3.9748,4.0116,4.053,4.0978,4.1465,4.1989,4.2557,4.3153,4.3792,4.4445,4.5119,4.5806,4.649,4.7171
47,3,0.21604,0.14476,0.086867,0.036344,-0.0043745,-0.039434,-0.076886,-0.1047,-0.13113,-0.15597,-0.1796,-0.20373,-0.22624,-0.24916,-0.27202,-0.29538000000000003,-0.31745,-0.33719,-0.35635,-0.37233,-0.38763000000000003,-0.40009,-0.4077,-0.41091000000000005,-0.41281,-0.40842,3.7213,3.7309,3.7436,3.7589,3.7739999999999996,3.7901,3.8078,3.8278,3.8512,3.8756,3.9025,3.9312,3.9632,3.9995,4.0387,4.082,4.1283,4.1801,4.2344,4.2926,4.3543,4.4175,4.4842,4.5522,4.6207,4.6896
48,3,0.41123000000000004,0.30756999999999995,0.22032,0.15041,0.091426,0.044583,-0.0049495,-0.040838,-0.076038,-0.10714000000000001,-0.13631,-0.1646,-0.1889,-0.21345999999999998,-0.23665999999999998,-0.25755,-0.27578,-0.2925,-0.30501,-0.31442,-0.32116999999999996,-0.32432,-0.32297,-0.31737,-0.30823,-0.29439,3.2408,3.2485,3.2549,3.2628,3.2736,3.2854,3.2976,3.3136,3.3314,3.3513,3.3743,3.4,3.43,3.4622,3.4986,3.5382,3.5819,3.6285,3.6772,3.7285,3.7811,3.8352,3.8887,3.9422,3.9952,4.0441
49,3,0.25185,0.16534000000000001,0.093702,0.036581,-0.0099014,-0.05449400000000001,-0.090941,-0.12369000000000001,-0.1558,-0.18704,-0.21424,-0.24133000000000002,-0.26569,-0.28651,-0.30335,-0.31518,-0.32119000000000003,-0.32156999999999997,-0.31578,-0.30376,-0.28631,-0.26464,-0.24284,-0.21511,-0.19069,-0.16735,3.2045,3.2074,3.2218,3.2366,3.2523,3.2696,3.2917,3.318,3.3480000000000003,3.3827,3.4237,3.4704,3.5225,3.5798,3.641,3.7073,3.7769,3.8457,3.9141,3.9803,4.0415,4.0976,4.147,4.1866,4.2286,4.2611
50,3,0.29420999999999997,0.21556999999999998,0.14868,0.089835,0.045051,0.005034,-0.036098000000000005,-0.066424,-0.09524400000000001,-0.1221,-0.14774,-0.17347,-0.19610999999999998,-0.21946,-0.24256,-0.26541,-0.28499,-0.30229,-0.31808000000000003,-0.33004,-0.3383,-0.3451,-0.34514,-0.34113000000000004,-0.33248,-0.31964000000000004,3.5504,3.5544,3.5644,3.5726,3.5828,3.5947,3.6063,3.6223,3.6404,3.6596,3.6824,3.707,3.7353,3.7673,3.8031,3.8424,3.8855,3.9329,3.9831,4.0369,4.0922,4.1488,4.2066,4.265,4.3216,4.3755
51,3,0.26099,0.18403,0.1178,0.062254,0.017689,-0.021678,-0.05915700000000001,-0.090787,-0.1184,-0.14779,-0.17625,-0.19987,-0.22563000000000002,-0.2485,-0.27432,-0.29871,-0.31989,-0.34008,-0.3563,-0.37113,-0.38402,-0.39081,-0.39458000000000004,-0.39371,-0.3886,-0.37889,3.7245,3.7348,3.7426,3.7560000000000002,3.772,3.7862,3.8048,3.8258,3.8479,3.8713,3.8998,3.9281,3.9648,4.0021,4.0435,4.0875,4.1373,4.1898,4.2452,4.3062,4.3696,4.4339,4.4998,4.5644,4.6308,4.6948
52,3,0.18825,0.11832000000000001,0.054064999999999995,0.0019301,-0.044003,-0.083237,-0.12334,-0.15685,-0.18955999999999998,-0.22066999999999998,-0.25040999999999997,-0.28036,-0.30944,-0.33886,-0.36663,-0.39447,-0.4202,-0.44296,-0.46451000000000003,-0.4855,-0.50198,-0.5181,-0.5294,-0.53857,-0.5442600000000001,-0.54769,4.4091,4.4225,4.4397,4.462,4.4845,4.5075,4.5315,4.5584,4.5927,4.628,4.6647,4.7057,4.752,4.8027,4.8567,4.9173,4.981,5.0503,5.1216,5.1981,5.2774,5.3588,5.4411,5.5284,5.6141,5.7035
53,3,0.16687000000000002,0.11263,0.064081,0.024878,-0.011382,-0.041530000000000004,-0.075238,-0.10124,-0.1263,-0.15088,-0.17467,-0.19869,-0.21959,-0.24104,-0.26048000000000004,-0.27956,-0.29459,-0.30735999999999997,-0.31697,-0.32394,-0.32714,-0.32875,-0.32450999999999997,-0.31677,-0.305,-0.29079,3.4448,3.4524,3.4608,3.4698,3.4808,3.4936,3.5073,3.5249,3.5463,3.5695,3.5953,3.6248,3.6578,3.6955,3.7358,3.7788,3.8266,3.8761,3.9278,3.9815,4.0364,4.0914,4.1467,4.2008,4.2539,4.3033
54,3,0.26621,0.18385,0.11456,0.05754600000000001,0.01042,-0.032931,-0.076914,-0.10939000000000002,-0.14035,-0.16898,-0.19792,-0.22598000000000001,-0.25103000000000003,-0.27769,-0.30359,-0.32709,-0.34964,-0.37022,-0.38838,-0.40397,-0.41718999999999995,-0.42749,-0.43378999999999995,-0.43665,-0.43635,-0.42983999999999994,3.9383,3.9525,3.9614,3.9771,3.9943,4.0093,4.0272,4.0478,4.0708,4.0974,4.1256,4.1582,4.194,4.234,4.2775,4.3252,4.3772,4.4332,4.4923,4.5555,4.6205,4.6873,4.7563,4.8264,4.8963,4.9667
55,3,0.37269,0.27086,0.18467999999999998,0.11573,0.055802,0.006534399999999999,-0.041522,-0.080355,-0.11417999999999999,-0.14597000000000002,-0.17586,-0.20549,-0.23165,-0.25866999999999996,-0.28396,-0.30904,-0.33202,-0.35289,-0.3713,-0.38748,-0.4003,-0.4106,-0.41663999999999995,-0.41801000000000005,-0.41728999999999994,-0.41034,3.8978,3.905,3.9153,3.9264,3.9415,3.9547,3.9712,3.9901,4.0127,4.0375,4.0645,4.0944,4.128,4.1659,4.2068,4.2524,4.3017,4.3553,4.4119,4.4719999999999995,4.5353,4.5996,4.6674,4.7349,4.8022,4.8712
56,3,0.34452,0.2555,0.18395,0.12161,0.070352,0.028814999999999997,-0.012981,-0.045883999999999994,-0.075292,-0.10234,-0.12772,-0.15358,-0.1756,-0.1985,-0.22018000000000001,-0.24272,-0.26222,-0.27967,-0.29481,-0.30821,-0.31795,-0.32586,-0.32773,-0.3258,-0.32027,-0.30937,3.4987,3.5029,3.5071,3.5178,3.5267,3.5362,3.5467,3.5608,3.5774,3.5959,3.6161,3.6389,3.6659,3.6948,3.7275,3.7638,3.8041,3.8477,3.8939999999999997,3.9439,3.9962,4.0496,4.1056,4.1613,4.2171,4.2693
57,3,0.24611,0.1743,0.11517000000000001,0.064086,0.021151,-0.014284,-0.050252,-0.080698,-0.10908,-0.13598,-0.16154000000000002,-0.1871,-0.20931999999999998,-0.23112,-0.25139,-0.2703,-0.28617,-0.29864,-0.30969,-0.31697,-0.3214,-0.32361999999999996,-0.32049,-0.314,-0.30378,-0.29020999999999997,3.4147,3.4221,3.4275,3.435,3.4462,3.4579,3.4704,3.4867,3.5053,3.5275,3.5504,3.5787,3.6102,3.6457,3.6847,3.7266,3.7725,3.8204,3.8696,3.9218,3.975,4.0285,4.083,4.1354,4.1872,4.2373
58,3,0.37367,0.19616,0.0753,-0.01383,-0.08256799999999999,-0.14075,-0.19197999999999998,-0.24090999999999999,-0.28731,-0.32545999999999997,-0.35467,-0.3716,-0.37216,-0.35745,-0.32604,-0.28523000000000004,-0.2402,-0.19825,-0.15647,-0.12143,-0.094338,-0.06646,-0.045617000000000005,-0.033216,-0.023177,-0.015893,3.6728,3.6927,3.7143,3.7403,3.7748,3.8177,3.87,3.9362,4.0165,4.1114,4.2172,4.3328,4.4526,4.5709,4.6766,4.7676,4.8394,4.8909,4.933,4.9627,4.9834,4.9974,5.003,4.9996,4.9957,4.9933
59,3,0.41611000000000004,0.28502,0.18074,0.097942,0.033199,-0.027125,-0.07388,-0.1141,-0.15214,-0.18827,-0.22007,-0.25177,-0.28192,-0.30919,-0.33231,-0.35162,-0.3669,-0.37767,-0.38005,-0.37677,-0.3665,-0.34868000000000005,-0.32768,-0.29899000000000003,-0.27343,-0.24461999999999998,3.6860000000000004,3.6973,3.7067,3.7222,3.7394,3.7579,3.7811,3.8088,3.8396,3.8732,3.9141,3.9602,4.0114,4.0699,4.1337,4.203,4.2764,4.3522,4.4304,4.5089,4.5853,4.6591,4.7255,4.7887,4.842,4.8877
60,3,0.15044000000000002,0.090427,0.037394,-0.0074413,-0.048827999999999996,-0.080897,-0.11980999999999999,-0.1477,-0.17579,-0.20196,-0.23046,-0.2589,-0.28498,-0.31388,-0.34260999999999997,-0.37249,-0.40121999999999997,-0.42838999999999994,-0.45426000000000005,-0.47761000000000003,-0.49927,-0.518,-0.53415,-0.5465300000000001,-0.55588,-0.5595,4.8721,4.883,4.893,4.9078,4.9172,4.9338,4.9497,4.9704,4.9929,5.0189,5.0433,5.0746,5.1107,5.1521,5.196000000000001,5.2452,5.3004,5.3611,5.4254,5.4956,5.5679,5.6462,5.7259,5.8099,5.8946,5.9831
61,3,0.25836,0.17726,0.11022,0.052476999999999996,0.0057564999999999995,-0.03348,-0.074438,-0.10615,-0.1371,-0.16747,-0.19455999999999998,-0.22269,-0.24861,-0.27459,-0.29968,-0.32433,-0.34717,-0.36701999999999996,-0.38583,-0.40157,-0.41489,-0.42622,-0.43168999999999996,-0.4351,-0.43482,-0.42958999999999997,3.9177,3.9319,3.9427,3.9581,3.9742,3.9902,4.0083,4.0308,4.0537,4.0809,4.1095,4.1408,4.177,4.217,4.2605,4.3079,4.3594,4.4155,4.4739,4.5363,4.602,4.6684,4.7371,4.8068,4.8771,4.9462
62,3,0.26768000000000003,0.17128,0.09914099999999999,0.038749,-0.0076138,-0.055251999999999996,-0.091253,-0.12453,-0.15723,-0.18974000000000002,-0.21694000000000002,-0.248,-0.27576999999999996,-0.30086999999999997,-0.32352,-0.34198,-0.35627,-0.36555,-0.36799,-0.36113,-0.34999,-0.33192,-0.30785,-0.28229,-0.25332,-0.22525,3.6733,3.6858,3.6988,3.7113,3.7282,3.7460000000000004,3.7691,3.7923,3.8213,3.8547,3.8931,3.9367,3.9857,4.042,4.1027,4.1696,4.2406,4.3136,4.3889,4.466,4.5387,4.6078,4.6724,4.7282,4.7747,4.8158
63,3,0.25545999999999996,0.16781,0.09877000000000001,0.040345,-0.0082788,-0.050795,-0.09592200000000001,-0.1299,-0.16213,-0.19457,-0.22476999999999997,-0.25511,-0.28288,-0.31046,-0.33831,-0.36587,-0.3899,-0.41212,-0.43359,-0.45106,-0.4674,-0.47996000000000005,-0.48945,-0.49491999999999997,-0.49841,-0.49758,4.2414,4.2538,4.2649,4.2831,4.3007,4.3199,4.337,4.3615,4.3881,4.4177,4.4492,4.4838,4.5246,4.5693,4.6171,4.67,4.7276,4.7888,4.8534,4.9221,4.9927,5.0658,5.1412,5.2187,5.297999999999999,5.376
64,3,0.24719000000000002,0.17273,0.10480999999999999,0.050185,0.0029588,-0.036764,-0.076401,-0.10622000000000001,-0.13793,-0.16789,-0.1934,-0.2214,-0.24734,-0.27425,-0.29854,-0.32256999999999997,-0.34428000000000003,-0.36599,-0.3834,-0.39981,-0.41266,-0.4238,-0.43032,-0.43332,-0.43341,-0.42845,3.8961,3.9059,3.9207,3.9374,3.9522,3.9723,3.9911,4.0125,4.0382,4.0666,4.0963,4.1277,4.1667,4.2065,4.2535,4.3024,4.355,4.413,4.4718,4.5362,4.6026,4.6706,4.7404,4.8124,4.8849,4.9565
65,3,0.52696,0.39826,0.28865,0.2009,0.13113,0.06837599999999999,0.007952899999999999,-0.034464,-0.072528,-0.1084,-0.14306,-0.17344,-0.20076,-0.22953,-0.25575,-0.28137,-0.30391999999999997,-0.32433,-0.34238,-0.35681999999999997,-0.36794,-0.37689,-0.37949,-0.37768,-0.3721,-0.3605,3.7029,3.713,3.7191,3.7357,3.7441,3.7603,3.7718,3.7903,3.8097,3.8328,3.859,3.8858,3.9168,3.9530000000000003,3.9885,4.0317,4.0778,4.1288,4.1805,4.238,4.2971,4.3596,4.4212,4.4848,4.5486,4.6071
66,3,0.19921,0.08928,0.0061622,-0.054424,-0.10339000000000001,-0.14920999999999998,-0.19309,-0.23546999999999998,-0.27696,-0.31013,-0.33536,-0.35131999999999997,-0.3479,-0.3302,-0.29691,-0.2694,-0.21996,-0.1824,-0.14365,-0.11300999999999999,-0.087889,-0.06350700000000001,-0.043449,-0.030706999999999998,-0.022691,-0.014588999999999998,3.5547,3.5722,3.5918,3.6168,3.6487,3.688,3.7378,3.8004,3.8746,3.9644,4.0654,4.1741,4.2875,4.394,4.498,4.5768,4.6446,4.6909,4.7319,4.7611,4.783,4.8008,4.8107,4.8185,4.8279,4.8424
67,3,0.29133000000000003,0.21054,0.14399,0.085675,0.03924,-0.00060745,-0.041247000000000006,-0.07215099999999999,-0.10192000000000001,-0.12804000000000001,-0.15494000000000002,-0.18075,-0.20335999999999999,-0.2282,-0.251,-0.27494,-0.29501,-0.31343000000000004,-0.33085,-0.34381999999999996,-0.35391,-0.3622,-0.36353,-0.36139,-0.35438000000000003,-0.34319,3.6205,3.6266,3.6346,3.6443,3.6541,3.6664,3.6798,3.6953,3.7137,3.7342,3.7573,3.7826,3.812,3.844,3.8808,3.92,3.9639,4.0127,4.0634,4.1176,4.175,4.2332,4.2935,4.3536,4.4128,4.4705
68,3,0.23656999999999997,0.16455999999999998,0.10377,0.05388099999999999,0.011179999999999999,-0.027442,-0.062545,-0.094459,-0.12519,-0.15309,-0.1832,-0.21297,-0.24122,-0.26798,-0.29711,-0.32368,-0.34904,-0.37132,-0.39264,-0.4114,-0.42688999999999994,-0.441,-0.44925,-0.45583999999999997,-0.45771000000000006,-0.45548999999999995,4.4965,4.5049,4.516,4.5245,4.542,4.5557,4.5706,4.5889999999999995,4.6127,4.6374,4.6649,4.6962,4.7324,4.7719,4.8178,4.8674,4.9218,4.9807,5.0406,5.1074,5.1766,5.2488,5.3226,5.3991,5.4766,5.5551
69,3,0.19403,0.11914000000000001,0.061502999999999995,0.010006000000000001,-0.033589999999999995,-0.07120900000000001,-0.10733,-0.13907,-0.16944,-0.19839,-0.22694,-0.25666,-0.28355,-0.31055,-0.33739,-0.36303,-0.38654,-0.40835,-0.42886,-0.44651,-0.46166,-0.47402,-0.48449,-0.48911000000000004,-0.49282,-0.49087,4.1511,4.1631,4.1762,4.1917,4.2128,4.2316,4.2532,4.2785,4.3069,4.3375,4.3711,4.4078,4.449,4.4949,4.5446,4.5994,4.6583,4.7205,4.7875,4.8561,4.93,5.0035,5.0809,5.1611,5.2408,5.3206
70,3,0.16757,0.11438,0.062482,0.024025,-0.010053,-0.041092000000000004,-0.074687,-0.10052,-0.12679,-0.15064,-0.17590999999999998,-0.19879000000000002,-0.22069,-0.24126,-0.26133,-0.27931999999999996,-0.29548,-0.30801,-0.31697,-0.32475,-0.32826,-0.32955999999999996,-0.32609,-0.31905,-0.30853,-0.29419,3.4695,3.4765,3.4839,3.4955,3.5094,3.5232,3.5382,3.5563,3.5771,3.6012,3.628,3.6572,3.6916,3.7285,3.7689999999999997,3.8133,3.8605,3.9102,3.9617,4.016,4.0703,4.1256,4.1795,4.234,4.2862,4.3354
71,3,0.36148,0.25898000000000004,0.18007,0.11405,0.050467000000000005,0.0045093,-0.037596,-0.073655,-0.10801,-0.1389,-0.17006,-0.19942000000000001,-0.22603,-0.25237,-0.27769,-0.30218,-0.32471,-0.34469,-0.36346,-0.37823,-0.39069,-0.39983,-0.40378000000000003,-0.4052,-0.40008,-0.39169,3.8598,3.8637,3.8775,3.89,3.91,3.9197,3.9373,3.955,3.9778,4.0015,4.0282,4.0563,4.0899,4.1264,4.1664,4.2115,4.2593,4.3118,4.3679,4.4266,4.488,4.552,4.6173,4.6828,4.7498,4.8134
72,3,0.24473000000000003,0.16896,0.10778,0.05316799999999999,0.0088348,-0.029666,-0.06794,-0.098213,-0.12705999999999998,-0.15422,-0.18141,-0.20719,-0.23139,-0.25629,-0.27971,-0.30322,-0.32519000000000003,-0.34405,-0.36135,-0.37674,-0.38816999999999996,-0.39737,-0.40131,-0.4005,-0.3982,-0.38911,3.7248,3.7358,3.7444,3.7575,3.7725,3.7888,3.8059,3.8263,3.8489999999999998,3.8736,3.9010000000000002,3.932,3.9665,4.0047,4.0468,4.0921,4.1419,4.1963,4.2526,4.3128,4.3766,4.4427,4.5089999999999995,4.5762,4.6442,4.7111
73,3,0.32137,0.23744,0.14969000000000002,0.082981,0.031262,-0.0098613,-0.052879999999999996,-0.087565,-0.11947999999999999,-0.15007,-0.17805,-0.20759,-0.23315999999999998,-0.25885,-0.28375,-0.30803,-0.33042,-0.35157,-0.36932,-0.38477,-0.39748,-0.40808,-0.41313999999999995,-0.41451000000000005,-0.41301000000000004,-0.40546,3.8626,3.8785,3.8829,3.8968,3.9106,3.923,3.9397,3.9593,3.9804,4.0046,4.0317,4.0609,4.095,4.1313,4.1721,4.2178,4.2667,4.3197,4.3762,4.4358,4.4983,4.5634,4.6303,4.6972,4.7649,4.8308
74,3,0.24093,0.16019,0.09118899999999999,0.030545999999999997,-0.01573,-0.05960599999999999,-0.10457999999999999,-0.13906,-0.17103,-0.20276,-0.23242,-0.26532,-0.29247,-0.32038,-0.34899,-0.37605,-0.4014,-0.42465,-0.44538999999999995,-0.46485,-0.48103,-0.49699,-0.50841,-0.51605,-0.52145,-0.52355,4.3107,4.324,4.3377,4.3538,4.3738,4.391,4.4156,4.4377,4.4665,4.4956,4.5287,4.5677,4.6073,4.6527,4.7027,4.7573,4.8154,4.8784,4.9442,5.0139,5.0861,5.1607,5.2387,5.3167,5.3984,5.4794
75,3,0.48185,0.26848,0.12158,0.015642,-0.064665,-0.1294,-0.18619000000000002,-0.23690999999999998,-0.2852,-0.32353000000000004,-0.35443,-0.37311,-0.37514000000000003,-0.36025,-0.33025,-0.29023000000000004,-0.24591,-0.20185999999999998,-0.15771,-0.12278,-0.094868,-0.067827,-0.046586,-0.033926,-0.023655000000000002,-0.016489,3.6765,3.6905,3.7132,3.7375,3.7732,3.8164,3.8699,3.935,4.0147,4.109,4.2129,4.3283,4.4483,4.5667,4.6755,4.7677,4.8405,4.8918,4.936,4.9659,4.9865,4.9982,5.0074,5.0057,5.0012,5.0007
76,3,0.39588,0.29534,0.21370999999999998,0.14179,0.08870399999999999,0.038494,-0.0084044,-0.044801,-0.078448,-0.1095,-0.138,-0.16558,-0.18827,-0.21172,-0.23243000000000003,-0.25081,-0.26732,-0.28068000000000004,-0.29073000000000004,-0.29963,-0.30482,-0.30623,-0.30465,-0.29938000000000003,-0.29244000000000003,-0.28057,3.3602,3.3627,3.3703,3.378,3.3893,3.3997,3.4126,3.4278,3.4468,3.4675,3.4913,3.5183,3.5493,3.5829,3.6201,3.6605,3.7016,3.7474,3.7938,3.8436,3.8927,3.9426,3.9921,4.0421,4.0914,4.1377
77,3,0.35322,0.26261999999999996,0.18747,0.12574000000000002,0.074405,0.030292000000000003,-0.012288,-0.04504,-0.075431,-0.10339000000000001,-0.12968,-0.15563,-0.17884,-0.20199,-0.22430999999999998,-0.24720999999999999,-0.26616,-0.28349,-0.29883000000000004,-0.31124,-0.31958000000000003,-0.32693,-0.32802,-0.32486,-0.31667,-0.30646,3.4455,3.4524,3.4589999999999996,3.4701,3.4793,3.4912,3.5049,3.5206,3.5389,3.5594,3.5811,3.6058,3.6345,3.6666,3.7011,3.7396,3.7824,3.8283,3.8772,3.9299,3.9846,4.0404,4.0978,4.1545,4.2089,4.2628
78,3,0.3732,0.27211,0.18788,0.11577,0.058163,0.0070607,-0.03784,-0.076678,-0.111,-0.14336,-0.17398,-0.20313,-0.23060999999999998,-0.25711,-0.28304,-0.30778,-0.33016,-0.35020999999999997,-0.36941999999999997,-0.38474,-0.39728,-0.40659,-0.41244,-0.41418,-0.41256000000000004,-0.40595,3.8494,3.8589,3.8702,3.883,3.8967,3.9127,3.929,3.9487,3.9706,3.9951,4.0222,4.0526,4.0861,4.1241,4.1647,4.21,4.2601,4.3126,4.3689,4.4287,4.492,4.5563,4.6221,4.6903,4.7564,4.8233
79,3,0.27576999999999996,0.18228,0.11185,0.05222,0.004730699999999999,-0.040435000000000006,-0.075964,-0.1083,-0.13881,-0.17031,-0.1964,-0.22455,-0.25251,-0.27566,-0.29667,-0.31396999999999997,-0.32568,-0.33438,-0.33553,-0.32706999999999997,-0.31678,-0.29813,-0.27704,-0.25214000000000003,-0.22551999999999997,-0.19954000000000002,3.4593,3.4663,3.4773,3.4892,3.5054,3.5213,3.5417,3.5659,3.5938,3.6246,3.6613,3.7033,3.7496,3.8032,3.8614,3.925,3.9921,4.0624,4.1341,4.2054,4.2735,4.3376,4.3967,4.4463,4.4917,4.5308
80,3,0.24843,0.16668,0.10311,0.048047,-0.0023311,-0.043289,-0.083819,-0.11681,-0.14706,-0.17747000000000002,-0.20613,-0.23356,-0.26037,-0.28713,-0.31304,-0.33862,-0.36186999999999997,-0.38245999999999997,-0.40208,-0.41858999999999996,-0.43305,-0.44456999999999997,-0.45185,-0.45514,-0.45681000000000005,-0.45223,3.9839,3.995,4.0085,4.0248,4.0448,4.0619,4.0818,4.1048,4.132,4.1625,4.1936,4.2268,4.266,4.3092,4.3566,4.4073,4.4618,4.521,4.5833,4.6488,4.7179,4.7885,4.8611,4.935,5.0091,5.0843
81,3,0.405,0.30295,0.21841999999999998,0.14944000000000002,0.090016,0.040818,-0.005800199999999999,-0.042256,-0.077463,-0.10818,-0.13781,-0.1644,-0.18863,-0.21225,-0.2327,-0.25177,-0.26765,-0.28160999999999997,-0.29203,-0.30051,-0.30511,-0.30934,-0.30635999999999997,-0.30256,-0.29498,-0.28365,3.3318,3.3381,3.3475,3.3566,3.3662,3.3803,3.3946,3.4128,3.4312,3.4548,3.4794,3.5082,3.5407,3.5756,3.6148,3.6564,3.702,3.7489,3.7972,3.8488,3.9006,3.9539,4.0068,4.0594,4.1111,4.1621
82,3,0.27766,0.19854000000000002,0.12458,0.06475,0.012242,-0.029638,-0.073309,-0.10725,-0.13739,-0.1688,-0.1982,-0.22723000000000002,-0.25461,-0.28153,-0.30582,-0.33171,-0.35454,-0.3749,-0.39482,-0.41061000000000003,-0.42378999999999994,-0.43498000000000003,-0.44135,-0.444,-0.44383999999999996,-0.43814,3.9716,3.983,3.9963,4.0091,4.0271,4.0437,4.0623,4.085,4.1098,4.1359,4.1669,4.1993,4.2361,4.2765,4.3206,4.3707,4.4227,4.4803,4.5398,4.6028,4.669,4.7373,4.8072,4.8782,4.9503,5.0209
83,3,0.26488,0.18247,0.11458,0.056505999999999994,0.008090100000000001,-0.034199,-0.077308,-0.11057,-0.14044,-0.17031,-0.19952,-0.22721,-0.2519,-0.27788,-0.3037,-0.32852,-0.35076999999999997,-0.37094,-0.38946,-0.40524,-0.41818,-0.42956000000000005,-0.43627,-0.43786,-0.4385,-0.43201000000000006,3.9107,3.9248,3.9397,3.9530000000000003,3.9709,3.9889,4.0076,4.031000000000001,4.056,4.0841,4.1148,4.1487,4.1877,4.2293,4.2751,4.3253,4.3799,4.4379,4.4997,4.5651,4.6321,4.7017,4.7742,4.8463,4.9197,4.9924
84,3,0.1898,0.11554,0.056155,0.0013265999999999998,-0.042898,-0.080377,-0.1224,-0.15567,-0.18666,-0.21746999999999997,-0.24704,-0.27474,-0.30101999999999995,-0.32982,-0.35762,-0.38419000000000003,-0.40988,-0.43268,-0.45421999999999996,-0.47407,-0.49013,-0.50576,-0.51769,-0.5263399999999999,-0.53369,-0.53551,4.3809,4.3965,4.4081,4.4231,4.446000000000001,4.4674,4.4876,4.5101,4.5406,4.5724,4.6084,4.6464,4.6886,4.7338,4.7847,4.8401,4.8993,4.9626,5.031000000000001,5.1006,5.1755,5.2505,5.3295,5.4104,5.4917,5.5751
85,3,0.44868,0.24655,0.10565,0.0025298,-0.07460900000000001,-0.13595,-0.18997,-0.2436,-0.28944000000000003,-0.33134,-0.36209,-0.38351,-0.39025,-0.38143,-0.35591,-0.31625,-0.27051,-0.22255999999999998,-0.17522000000000001,-0.13455,-0.10163,-0.072324,-0.050255,-0.037094999999999996,-0.024789,-0.017633000000000003,3.7163,3.7395,3.7597,3.786,3.8199,3.8667,3.9224,3.9878,4.0688,4.1645,4.2713,4.388999999999999,4.512,4.6352,4.7511,4.8563,4.9419,5.0002,5.0508,5.0844,5.1064,5.1211,5.1272,5.1246,5.1171,5.1107
86,3,0.37915,0.28103,0.20199,0.13393,0.077713,0.030004000000000003,-0.014609,-0.052052,-0.085412,-0.11639000000000001,-0.14545,-0.17323,-0.19738,-0.22136,-0.24236,-0.26172,-0.27788,-0.29154,-0.30256,-0.31033,-0.31489,-0.31571,-0.31388,-0.30701999999999996,-0.29689,-0.28428000000000003,3.4383,3.4413,3.45,3.4573,3.4678,3.4787,3.4904,3.5067,3.5241,3.5455,3.5689,3.5956,3.6259,3.6601,3.6974,3.7385,3.7826,3.8286,3.8756,3.9258,3.9771,4.0289,4.0808,4.1313,4.1806,4.2271
87,3,-0.0055236,-0.031657,-0.058505999999999996,-0.081319,-0.10025,-0.12605,-0.15075,-0.16956,-0.19211,-0.21473000000000003,-0.23571,-0.25756999999999997,-0.28199,-0.30394,-0.32775,-0.35065999999999997,-0.37125,-0.39149,-0.40986999999999996,-0.42528,-0.43846,-0.44978,-0.45687,-0.45976999999999996,-0.46043,-0.45656,4.0404,4.0424,4.0515,4.0634,4.077,4.0964,4.1119,4.132,4.1579,4.1841,4.2132,4.2458,4.2816,4.3214,4.3666,4.4144,4.4667,4.522,4.5808,4.6439,4.7091,4.777,4.8468,4.9181,4.9743,5.0464
88,3,0.36548,0.26421,0.18175,0.1157,0.057925,0.010817,-0.036347000000000004,-0.07302,-0.1051,-0.13618,-0.16574,-0.19382,-0.22005,-0.24561999999999998,-0.27066999999999997,-0.29578000000000004,-0.3174,-0.33737,-0.35448,-0.36983,-0.38031,-0.38995,-0.39445,-0.39343,-0.38979,-0.37947,3.7108,3.7194,3.7295,3.7427,3.7548,3.7711,3.7899,3.81,3.8316,3.8569,3.8842,3.9145,3.9487,3.9863,4.0281,4.073,4.1231,4.176,4.2329,4.2926,4.3559,4.4201,4.4857,4.553,4.6202,4.6842
89,3,0.34509,0.25911999999999996,0.1846,0.12415,0.071631,0.032967,-0.009593,-0.042399,-0.071255,-0.098826,-0.12359,-0.14785,-0.16951,-0.19104000000000002,-0.21181999999999998,-0.23334000000000002,-0.25056,-0.26742,-0.28217,-0.29347,-0.30191,-0.31024,-0.31066,-0.3088,-0.30159,-0.28981,3.415,3.4219,3.4285,3.4407,3.4507,3.4644,3.4744,3.4918,3.5105,3.5318,3.5546,3.5801,3.6078,3.6386,3.6725,3.7107,3.7512,3.7946,3.8427,3.8917,3.9435,3.9964,4.0525,4.1064,4.1605,4.213
90,3,0.4998,0.28104,0.13128,0.017991,-0.062241,-0.12774000000000002,-0.18481,-0.23701999999999998,-0.28365999999999997,-0.32206999999999997,-0.35216,-0.36851,-0.36838000000000004,-0.35202,-0.32176,-0.28075,-0.24161,-0.19568,-0.15464,-0.12107000000000001,-0.093388,-0.06661,-0.047786,-0.03489,-0.02329,-0.016442,3.6626,3.6779,3.6995,3.725,3.76,3.8035,3.8555,3.9218,4.0018,4.0964,4.2036,4.3191,4.4383,4.5546,4.6596,4.7514,4.8243,4.8772,4.9239999999999995,4.9576,4.9849,5.004,5.0172,5.0281,5.0411,5.0596
91,3,0.18382,0.11688,0.064756,0.018799,-0.019893,-0.054947,-0.091741,-0.11965999999999999,-0.14617,-0.17194,-0.19876,-0.2242,-0.24736999999999998,-0.27176,-0.29581999999999997,-0.31943,-0.34095,-0.3607,-0.37869,-0.39442,-0.4074,-0.41928999999999994,-0.42446000000000006,-0.42838999999999994,-0.42846999999999996,-0.42486999999999997,3.8659,3.8812,3.8865,3.8998,3.9145,3.9318,3.9489,3.9683,3.9915,4.0165,4.0443,4.0747,4.1099,4.1476,4.1905,4.2367,4.2868,4.3425,4.3997,4.4616,4.5248,4.5902,4.6578,4.7266,4.7963,4.8664
92,3,0.35551,0.26197,0.18596,0.12546,0.069803,0.026668,-0.015387,-0.049661000000000004,-0.08194,-0.10925,-0.13518,-0.16314,-0.18738,-0.21072,-0.23365,-0.25661,-0.27698,-0.2957,-0.31185999999999997,-0.32482,-0.33553,-0.34144,-0.34315,-0.3414,-0.33447,-0.32581,3.523,3.5268,3.5378,3.5483,3.5573,3.5721,3.5863,3.6034,3.6232,3.6438,3.6681,3.6935,3.7228,3.7558,3.7933,3.8333,3.8775,3.9248,3.9759,4.0299,4.0866,4.1453,4.2047,4.2658,4.3236,4.3819
93,3,0.21165,0.13468,0.072906,0.019781,-0.025796,-0.064855,-0.1089,-0.14155,-0.17255,-0.20158,-0.23084000000000002,-0.26082,-0.28473000000000004,-0.31325,-0.33976999999999996,-0.36785,-0.39293,-0.41405,-0.43451999999999996,-0.45348999999999995,-0.46858,-0.48336,-0.49261000000000005,-0.49921000000000004,-0.5038600000000001,-0.5041,4.1803,4.1917,4.2091,4.2262,4.2475,4.2693,4.2901,4.3158,4.3455,4.3773,4.4137,4.4510000000000005,4.4943,4.5411,4.5925,4.6482,4.7082,4.7719,4.8393,4.9115,4.9853,5.0611,5.14,5.2209,5.3022,5.3858
94,3,0.23476999999999998,0.1538,0.088978,0.033297,-0.011115,-0.050263,-0.089935,-0.12218,-0.15392,-0.18304,-0.2117,-0.23984,-0.26608000000000004,-0.2927,-0.31881,-0.34381,-0.36651999999999996,-0.38806999999999997,-0.40723000000000004,-0.42436999999999997,-0.43846,-0.45142,-0.45891000000000004,-0.46391000000000004,-0.46545,-0.46257,3.9966,4.0051,4.0199,4.0360000000000005,4.0538,4.0713,4.0921,4.1149,4.141,4.1701,4.2012,4.2365,4.2753,4.3183,4.3653,4.4168,4.4717,4.5318,4.5943,4.6602,4.73,4.801,4.8747,4.9491,5.0252,5.1012
95,3,0.32277,0.2335,0.16034,0.09594,0.042355000000000004,-0.0030577,-0.043185,-0.079694,-0.11039000000000002,-0.13984000000000002,-0.16899999999999998,-0.19635,-0.22361999999999999,-0.24773,-0.2743,-0.29856,-0.32,-0.34057,-0.35877,-0.37631,-0.38806,-0.39864,-0.40631,-0.40597,-0.40428000000000003,-0.39823000000000003,3.7838,3.7907,3.8019,3.8110000000000004,3.8274,3.8417,3.8541,3.8756,3.8944,3.9214,3.9419999999999997,3.9718,4.0038,4.0387,4.0792,4.123,4.1694,4.22,4.2765,4.3334,4.3942,4.4595,4.5233,4.5897,4.6578,4.7219999999999995
96,3,0.31048000000000003,0.22093000000000002,0.15447,0.093044,0.046475999999999996,0.006155699999999999,-0.034082999999999995,-0.065724,-0.095198,-0.12362000000000001,-0.14837999999999998,-0.17603,-0.19934000000000002,-0.22345,-0.24589,-0.26945,-0.29009,-0.30741,-0.3241,-0.337,-0.34702,-0.3531,-0.35581,-0.3526,-0.34464,-0.33353,3.5459,3.5578,3.5614,3.572,3.588,3.5989,3.6156,3.6336,3.6532,3.6754,3.7026,3.7283,3.7602,3.7958,3.8328,3.8747,3.9205,3.9712,4.0228,4.0793,4.1381,4.1986,4.2589,4.3212,4.382,4.4397
97,3,0.3059,0.22102,0.15129,0.092771,0.0462,0.004372999999999999,-0.035418,-0.067905,-0.096874,-0.12177,-0.14833,-0.17284000000000002,-0.19841,-0.22225999999999999,-0.24477,-0.26789,-0.2888,-0.30629,-0.32268,-0.33531,-0.34383,-0.35078000000000004,-0.35159,-0.34785,-0.33949,-0.32800999999999997,3.5729,3.5784,3.5885,3.5993,3.6105,3.6223,3.6374,3.6573,3.6759,3.6958,3.721,3.7469,3.7765,3.8107,3.8468,3.8883,3.9330000000000003,3.9811,4.0332,4.0868,4.1437,4.2025,4.2604,4.3197,4.3787,4.4337
98,3,0.3665,0.27116,0.17857,0.11441,0.06282,0.019962999999999998,-0.025797000000000004,-0.060001,-0.09253600000000001,-0.12376,-0.15292,-0.18395,-0.21061999999999997,-0.24006999999999998,-0.26621,-0.29381999999999997,-0.31859,-0.34106,-0.36358,-0.38206,-0.39886,-0.41445,-0.42623,-0.43422,-0.43825,-0.44063,4.5195,4.5291,4.5436,4.5567,4.5689,4.5796,4.591,4.6077,4.6282,4.6497,4.6739,4.702,4.7343,4.7685,4.8084,4.8519,4.8999,4.9522,5.0074,5.0672,5.1286,5.193,5.2609,5.3286,5.4011,5.4733
99,3,0.40515999999999996,0.29766,0.2095,0.1353,0.07461799999999999,0.024089,-0.026003,-0.064297,-0.098629,-0.13008,-0.16134,-0.18992,-0.21583000000000002,-0.24176,-0.26802,-0.29317,-0.31653000000000003,-0.33562,-0.35353,-0.36784,-0.37931,-0.38924000000000003,-0.3907,-0.39087,-0.38463,-0.37472,3.7398,3.7446,3.7558,3.7657,3.7798,3.7924,3.8079,3.8264,3.8461,3.8714,3.8936,3.9227,3.9552,3.9891,4.0301,4.0709,4.1197,4.1713,4.226,4.2832,4.3455,4.4055,4.4719,4.537,4.6022,4.6639
100,3,0.20096,0.128,0.067409,0.013712,-0.029632,-0.06633700000000001,-0.10794000000000001,-0.14187,-0.17188,-0.20193,-0.23096999999999998,-0.25979,-0.28506,-0.31306999999999996,-0.3392,-0.36643000000000003,-0.39082,-0.4124,-0.43341,-0.45141000000000003,-0.4684,-0.48145,-0.49183999999999994,-0.49916000000000005,-0.50293,-0.50198,4.1791,4.1922,4.2079,4.2282,4.2478,4.2659,4.2894,4.3152,4.3448,4.3768,4.4117,4.4492,4.4921,4.5385,4.5899,4.6458,4.7061,4.7698,4.8358,4.908,4.9829,5.0573,5.1366,5.2179,5.2984,5.3805
101,3,0.25397,0.16978,0.10192000000000001,0.044566,-0.0027175,-0.046151,-0.089361,-0.12412999999999999,-0.1561,-0.18466,-0.21352,-0.24265,-0.26774000000000003,-0.29524,-0.32188,-0.34870999999999996,-0.37215,-0.39411,-0.41385,-0.43208,-0.4466,-0.46038,-0.46943,-0.47529,-0.47923999999999994,-0.47907,4.0124,4.0233,4.04,4.055,4.0757,4.0928,4.1138,4.1377,4.1664,4.1952,4.2293,4.2662,4.3063,4.3504,4.3992,4.4513,4.5086,4.5695,4.6344,4.7017,4.7724,4.8445,4.9199,4.9967,5.0760000000000005,5.1544
102,3,0.3026,0.19648,0.1211,0.057649,0.0049004,-0.044191,-0.083275,-0.11947999999999999,-0.15256,-0.18569000000000002,-0.21323000000000003,-0.24036,-0.26341,-0.28344,-0.29898,-0.30956999999999996,-0.31585,-0.31756,-0.31209000000000003,-0.30239,-0.28622,-0.2652,-0.24048000000000003,-0.21741,-0.19205999999999998,-0.16698,3.4099,3.4171,3.4301,3.4411,3.4571,3.4742,3.4955,3.5212,3.5511,3.5859,3.6263,3.6726,3.7237,3.7793,3.8391,3.9009,3.9664,4.0309,4.0964,4.1586,4.218999999999999,4.2729,4.3208,4.3679,4.3976,4.4256
103,3,0.22624,0.14357,0.079718,0.0229,-0.024950999999999997,-0.065499,-0.10626,-0.1403,-0.17436,-0.20382999999999998,-0.23384000000000002,-0.26600999999999997,-0.29357,-0.32119000000000003,-0.34897,-0.37667,-0.4005,-0.42361000000000004,-0.44515,-0.46412,-0.48015,-0.49548000000000003,-0.5062,-0.51289,-0.51825,-0.52093,4.3061,4.3197,4.3345,4.3472,4.3685,4.3897,4.4081,4.4342,4.4616,4.4928,4.5251,4.5617,4.6026,4.6488,4.6989,4.7536,4.8118,4.8746,4.9409,5.0117,5.0828,5.1582,5.2358,5.3146,5.3955,5.4765
104,3,0.30072,0.21813000000000002,0.14953,0.092503,0.043522000000000005,0.0018234000000000002,-0.039166,-0.07166900000000001,-0.10527,-0.13552999999999998,-0.16526,-0.19468,-0.22144,-0.24928000000000003,-0.27541,-0.30308,-0.32695,-0.34897,-0.36904000000000003,-0.38654,-0.40248,-0.41648999999999997,-0.42693000000000003,-0.43323,-0.43635,-0.43513,4.427,4.4354,4.4436,4.4557,4.4652,4.4778,4.4924,4.5086,4.5311,4.5538,4.5795,4.6078,4.6409,4.6791,4.7217,4.7672,4.8177,4.8728,4.9278,4.9902,5.0552,5.1214,5.1912,5.2626,5.3355,5.409
105,3,0.33077,0.237,0.15689,0.094124,0.039896,-0.0041769,-0.05268,-0.08569,-0.11581,-0.14879,-0.17718,-0.20623000000000002,-0.23196999999999998,-0.25843,-0.28267,-0.30675,-0.32969,-0.35051,-0.36843000000000004,-0.38434,-0.39765,-0.40665,-0.40995,-0.41136000000000006,-0.40898,-0.40048,3.8271,3.8379,3.8484,3.8625,3.8765,3.8963,3.9145,3.9363,3.9606,3.9876,4.0162,4.0457,4.085,4.1256,4.1677,4.2161,4.2667,4.3224,4.38,4.444,4.5099,4.5760000000000005,4.6455,4.7158,4.7847,4.8545
106,3,0.21544000000000002,0.14148,0.081177,0.029463999999999997,-0.013366999999999999,-0.053147,-0.09184500000000001,-0.1214,-0.15267999999999998,-0.17997,-0.20861999999999997,-0.23581,-0.26043,-0.28735,-0.31298000000000004,-0.33741,-0.36014,-0.38132,-0.40089,-0.41673000000000004,-0.42973,-0.44193999999999994,-0.44974,-0.45236000000000004,-0.45321000000000006,-0.4501,3.9724,3.9877,3.9999,4.0172,4.0358,4.0559,4.0748,4.098,4.1268,4.1538,4.1873,4.2212,4.2609,4.3039,4.35,4.4017,4.4574,4.5169999999999995,4.579,4.6456,4.7135,4.7854,4.8589,4.9336,5.0089999999999995,5.0847
107,3,0.22488000000000002,0.14645,0.08317999999999999,0.026246,-0.026025,-0.062694,-0.11029000000000001,-0.14287,-0.17614000000000002,-0.20598000000000002,-0.23599,-0.26602,-0.29277,-0.32087,-0.34893,-0.3754,-0.40045,-0.42286999999999997,-0.44338,-0.46258999999999995,-0.47947,-0.49438000000000004,-0.50532,-0.5122899999999999,-0.5190600000000001,-0.52072,4.2569,4.2734,4.2897,4.3017,4.3228,4.3423,4.3642,4.3901,4.4205,4.4521,4.4875,4.5269,4.5698,4.6171,4.669,4.7252,4.7857,4.851,4.9195,4.9921,5.0663,5.1437,5.2238,5.3051,5.3878,5.4732
108,3,0.40592,0.30457,0.21957,0.14924,0.09099199999999999,0.040566000000000005,-0.0064551,-0.044431,-0.07801,-0.10889000000000001,-0.13777,-0.16535,-0.18857000000000002,-0.21204,-0.23255,-0.25087,-0.26696,-0.28015999999999996,-0.29053,-0.2987,-0.30245,-0.30491999999999997,-0.30283000000000004,-0.29693,-0.28899,-0.27648,3.3181,3.3232,3.3308,3.3408,3.3494,3.3634,3.3751,3.3925,3.4115,3.4337,3.4585,3.4866,3.5179,3.5527,3.5906,3.6322,3.676,3.7226,3.7711,3.8213,3.8727,3.9247,3.9762,4.0280000000000005,4.0781,4.1261
109,3,0.22476,0.14556,0.079236,0.023116,-0.021859,-0.06225599999999999,-0.10622000000000001,-0.14027,-0.17218,-0.20131,-0.23137,-0.26087,-0.28619,-0.31465,-0.34202,-0.36953,-0.39426,-0.41728000000000004,-0.43711000000000005,-0.45507,-0.47146000000000005,-0.48593000000000003,-0.49635,-0.50261,-0.50807,-0.50802,4.2173,4.23,4.2458,4.2627,4.2817,4.3012,4.3223,4.3465,4.376,4.4071,4.4415,4.4795,4.5222,4.5681,4.6194,4.6745,4.7332,4.7977,4.8644,4.9348,5.0101,5.0854,5.162999999999999,5.2439,5.3256,5.4086
110,3,0.2033,0.13196,0.06586900000000001,0.0097076,-0.038224,-0.075886,-0.11664000000000001,-0.1484,-0.18134,-0.2136,-0.24253000000000002,-0.27255,-0.30141999999999997,-0.32933,-0.35958,-0.38658000000000003,-0.41291000000000005,-0.4362,-0.46096000000000004,-0.47889,-0.49548000000000003,-0.51226,-0.52485,-0.5355300000000001,-0.54327,-0.54665,4.3619,4.3753,4.3966,4.4128,4.4321,4.4592,4.4822,4.5098,4.5418,4.5758,4.6126,4.6517,4.6967,4.7471,4.8017,4.8605,4.9225,4.9903,5.0611,5.1353,5.2145,5.2935,5.3763,5.4618,5.5503,5.6382
111,3,0.30106,0.2023,0.12197000000000001,0.05899600000000001,0.006299,-0.043883,-0.082385,-0.11815999999999999,-0.15252000000000002,-0.18477000000000002,-0.21206999999999998,-0.23851,-0.26134,-0.28060999999999997,-0.29524,-0.30561,-0.31062,-0.31106,-0.30457,-0.2935,-0.27829,-0.25756,-0.237,-0.21516,-0.18552000000000002,-0.16294,3.3605,3.3741,3.3824,3.3944,3.4125,3.4295,3.4523,3.4801,3.5125,3.5484,3.5909,3.6381,3.6913,3.7487,3.8106,3.8748,3.9411,4.0072,4.0733,4.137,4.1968,4.2513,4.301,4.3446,4.38,4.4119
