,Unnamed: 0,0,1,2,3,4,5,6,7,8,9,10,11,12,13,14,15,16,17,18,19,20,21,22,23,24,25,26,27,28,29,30,31,32,33,34,35,36,37,38,39,40,41,42,43,Unnamed: 0,0,1,2,3,4,5,6,7,8,9,10,11,12,13,14,15,16,17,18,19,20,21,22,23,24,25,26,27,28,29,30,31,32,33,34,35,36,37,38,39,40,41,42,43
0,R/Ohm,0.032527,-0.01612,-0.05977,-0.092711,-0.12007,-0.14433,-0.16957,-0.19212,-0.2136,-0.23695,-0.2606,-0.28729,-0.31293000000000004,-0.33986,-0.36719,-0.39575,-0.42392,-0.45145,-0.479,-0.50637,-0.53333,-0.55977,-0.5837399999999999,-0.60543,-0.62533,-0.64069,-0.65165,-0.65575,-0.65554,-0.64588,-0.63205,-0.60577,-0.57843,-0.5421600000000001,-0.49679,-0.45043,-0.39974,-0.3442,-0.29475,-0.24369,-0.1934,-0.14989,-0.11555,-0.085336,impedance,6.3647,6.3944,6.4211,6.4491,6.4775,6.5068,6.5358,6.5654,6.5969,6.6302,6.6657,6.704,6.7472,6.7949,6.8466,6.9026,6.9629,7.0292,7.0994,7.1743,7.254,7.3387,7.4272,7.5217,7.6203,7.7237,7.8308,7.9408,8.0533,8.1658,8.2755,8.3826,8.4831,8.588,8.6865,8.7759,8.8578,8.9325,8.9978,9.0573,9.1086,9.1578,9.1993,9.2318
1,R/Ohm,0.043724,0.0019227,-0.035924,-0.068464,-0.097166,-0.12255,-0.14965,-0.17207,-0.1936,-0.21474,-0.23709,-0.26093,-0.28305,-0.30794,-0.33309,-0.35874,-0.38408,-0.40993,-0.43494,-0.45869,-0.48322,-0.505,-0.52577,-0.5452600000000001,-0.5645399999999999,-0.57584,-0.58058,-0.58049,-0.57102,-0.5533600000000001,-0.5319699999999999,-0.5010600000000001,-0.46412,-0.4271100000000001,-0.3837,-0.33488,-0.28309,-0.23441,-0.19343,-0.15077000000000002,-0.12194,-0.090706,-0.066416,-0.046789,impedance,6.2959,6.3126,6.3329,6.3547,6.3783,6.4025,6.4295,6.457999999999999,6.4878,6.5221,6.5607,6.6019,6.6464,6.6949,6.7462,6.8022,6.8629,6.9277,6.9959,7.0703,7.1493,7.2314,7.319,7.4114,7.5083,7.6089,7.7129,7.8165,7.9201,8.0233,8.121,8.2115,8.2964,8.373,8.4381,8.4914,8.526,8.5415,8.5403,8.5239,8.4951,8.4646,8.434,8.415
2,R/Ohm,0.37334,0.25725,0.16721,0.094509,0.031925,-0.017912,-0.052328,-0.085938,-0.11483,-0.13173,-0.15675999999999998,-0.18051,-0.20438,-0.22779,-0.25294,-0.2764,-0.29979,-0.32327,-0.34764,-0.37063,-0.39274,-0.4149600000000001,-0.4362,-0.45613,-0.47688,-0.49377,-0.50741,-0.5186,-0.52384,-0.52362,-0.51486,-0.50221,-0.4824,-0.45649,-0.42452,-0.39225,-0.35609,-0.31395,-0.27276,-0.23159,-0.1897,-0.15677,-0.12328,-0.09265,impedance,6.0422,6.0772,6.0927,6.1092,6.1372,6.1541,6.1856,6.207999999999999,6.2292,6.2627,6.2881,6.3157,6.3452,6.377000000000001,6.4108,6.4495,6.4913,6.537000000000001,6.5855,6.6385,6.6949,6.7555,6.8199,6.8885,6.9608,7.0371,7.1184,7.2027,7.2893,7.3786,7.4688,7.556,7.6415,7.7206,7.7956,7.8615,7.9269,7.9844,8.0342,8.0772,8.1141,8.1459,8.175,8.2005
3,R/Ohm,0.089157,0.026483,-0.019251,-0.05693400000000001,-0.091122,-0.11803,-0.15165,-0.17346,-0.19588,-0.21771,-0.24051,-0.26711,-0.28785,-0.31306,-0.3381,-0.36454,-0.3896,-0.41411,-0.4376,-0.46213,-0.48545,-0.5081100000000001,-0.52828,-0.54499,-0.56062,-0.56968,-0.57243,-0.56962,-0.56,-0.54272,-0.51983,-0.49098,-0.45891,-0.42075,-0.37584,-0.33301,-0.28882,-0.24146,-0.20166,-0.16214,-0.12614,-0.094088,-0.071893,-0.051624,impedance,6.4169,6.4401,6.4665,6.4915,6.5177,6.5395,6.5617,6.587000000000001,6.6145,6.6441,6.6751,6.7077,6.7445,6.7845,6.8277,6.8748,6.9273,6.9835,7.0443,7.1084,7.1770000000000005,7.2482,7.3241,7.4038,7.4885,7.5753,7.6662,7.7572,7.8481,7.9368,8.0215,8.1024,8.1756,8.2293,8.2867,8.3373,8.3816,8.4187,8.4461,8.4691,8.4862,8.5005,8.5185,8.5405
4,R/Ohm,0.34231,0.23482,0.14704,0.086551,0.027675,-0.017707,-0.055531,-0.083733,-0.11335,-0.14031,-0.16695,-0.18957,-0.2142,-0.23867,-0.26583,-0.29011,-0.31475,-0.34078,-0.36775,-0.39333,-0.4174100000000001,-0.44215,-0.46651,-0.48937,-0.5129600000000001,-0.53496,-0.55502,-0.5675399999999999,-0.5894699999999999,-0.6007899999999999,-0.61319,-0.61224,-0.60929,-0.60039,-0.5827100000000001,-0.56075,-0.53273,-0.4925,-0.44781,-0.39883,-0.34404,-0.2954,-0.24423000000000006,-0.19211,impedance,5.2882,5.3103,5.3334,5.3477,5.3805,5.3977,5.4238,5.4464,5.4712,5.495,5.5237,5.5539,5.5838,5.6179,5.6545,5.6952,5.7396,5.7885,5.8417,5.8983,5.9596,6.0234,6.093,6.1665,6.2431,6.3218,6.4084,6.5024,6.5905,6.6893,6.7976,6.905,7.007999999999999,7.1125,7.216,7.3154,7.4184,7.5153,7.6035,7.6849,7.7586,7.8235,7.881,7.9314
5,R/Ohm,0.019588,-0.030872000000000007,-0.07119099999999999,-0.10311,-0.13248,-0.15516,-0.18413,-0.20489,-0.22551,-0.2484,-0.27169,-0.29873,-0.32412,-0.35107,-0.37959,-0.40798,-0.43762,-0.46658,-0.49529,-0.52477,-0.55345,-0.58196,-0.6090899999999999,-0.63434,-0.6611,-0.68071,-0.6967899999999999,-0.70905,-0.71313,-0.71082,-0.70177,-0.68092,-0.65572,-0.6160100000000001,-0.5685899999999999,-0.51822,-0.46056,-0.39767,-0.33881999999999995,-0.28005,-0.22637,-0.17602,-0.13477999999999998,-0.099897,impedance,6.5428,6.5712,6.5963,6.6237,6.651,6.6764,6.7024,6.7295,6.7583,6.7886,6.8218,6.8576,6.8978,6.9425,6.9912,7.0447,7.1029,7.1662,7.2343,7.3073,7.3849,7.4676,7.5556,7.6482,7.7457,7.8491,7.9569,8.0697,8.1857,8.3039,8.4224,8.5364,8.6482,8.7508,8.8542,8.9491,9.0353,9.1124,9.1784,9.2363,9.2852,9.3313,9.3727,9.4168
6,R/Ohm,0.25233,0.15123,0.07817,0.007158700000000001,-0.042243,-0.084047,-0.1152,-0.14352,-0.16905,-0.19723,-0.21806,-0.23945,-0.2619,-0.28622,-0.31345,-0.3381,-0.36705,-0.39802,-0.42597,-0.45825,-0.49042,-0.52065,-0.55376,-0.58827,-0.61941,-0.65084,-0.68448,-0.72153,-0.7509600000000001,-0.77754,-0.80337,-0.8242700000000001,-0.8377700000000001,-0.84491,-0.8411700000000001,-0.83105,-0.80309,-0.7591899999999999,-0.70896,-0.6413399999999999,-0.5636399999999999,-0.48344,-0.40201,-0.32635,impedance,6.5759,6.6077,6.6458,6.6756,6.7136,6.7446,6.7789,6.8117,6.8454,6.877999999999999,6.9125,6.9496,6.9881,7.0274,7.0706,7.1192,7.1704,7.2267,7.2885,7.3546,7.426,7.5041,7.584,7.6703,7.7622,7.8586,7.9602,8.0659,8.1797,8.3,8.4253,8.5572,8.6953,8.8382,8.9828,9.1278,9.2772,9.4189,9.5592,9.6887,9.8027,9.8988,9.9737,10.026
7,R/Ohm,0.30299,0.19385,0.10134,0.029389,-0.030041,-0.072689,-0.11035,-0.13954,-0.17413,-0.19908,-0.22372,-0.25029,-0.26968000000000003,-0.29797,-0.32463000000000003,-0.35109,-0.38033,-0.41106,-0.44124,-0.47412,-0.5075,-0.53992,-0.5749,-0.6096600000000001,-0.6453800000000001,-0.68098,-0.71777,-0.75745,-0.79396,-0.8309700000000001,-0.86749,-0.9042,-0.93662,-0.96579,-0.98578,-0.99938,-0.99384,-0.97383,-0.93827,-0.87836,-0.7952899999999999,-0.69876,-0.5877399999999999,-0.47361,impedance,6.7363,6.7751,6.8031,6.8397,6.8703,6.9171,6.9437,6.979,7.0112,7.053999999999999,7.0856,7.1268,7.1643,7.2098,7.2514,7.2729,7.32,7.3715,7.428999999999999,7.4898,7.5562,7.6287,7.7047,7.7860000000000005,7.8735,7.9653,8.0626,8.1649,8.2738,8.3899,8.5131,8.6447,8.7849,8.935,9.0897,9.2525,9.4111,9.5874,9.77,9.951,10.123,10.276,10.406,10.508
8,R/Ohm,0.10331,0.049664,0.0048423,-0.035771,-0.070062,-0.10106,-0.13030999999999998,-0.15695,-0.18298,-0.20927,-0.23529,-0.26167,-0.28815,-0.31594,-0.34258,-0.36877,-0.39671,-0.42325,-0.44758,-0.47583,-0.50075,-0.5252600000000001,-0.5497,-0.57184,-0.5976199999999999,-0.61598,-0.6314,-0.64361,-0.64969,-0.6491600000000001,-0.64357,-0.6272,-0.60225,-0.57531,-0.52881,-0.47633,-0.41547,-0.35656,-0.29983000000000004,-0.24345,-0.19815,-0.15297,-0.11468,-0.083665,impedance,5.421,5.4364,5.4546,5.4756,5.4978,5.5219,5.5528,5.5809,5.6108,5.6456,5.6823,5.7232,5.7693,5.818,5.871,5.9288,5.9908,6.0571,6.129,6.2064,6.2869,6.3686,6.4555,6.5452,6.6396,6.7379999999999995,6.8424,6.9484,7.0591,7.1701,7.2803,7.3889,7.495,7.5915,7.6758,7.7462,7.8017,7.8416,7.8684,7.8829,7.8918,7.9015,7.9128,7.9309
9,R/Ohm,0.0010229,-0.042928,-0.079812,-0.10842,-0.13508,-0.15566,-0.17870999999999998,-0.19958,-0.21997,-0.24146,-0.26474000000000003,-0.29069,-0.31608,-0.34193,-0.36912,-0.39755,-0.42549,-0.45329,-0.48128,-0.50841,-0.53491,-0.5622699999999999,-0.58668,-0.6096,-0.63,-0.64718,-0.6599,-0.66562,-0.66676,-0.6584300000000001,-0.6439199999999999,-0.61897,-0.59013,-0.55308,-0.5059600000000001,-0.45659,-0.40267,-0.34566,-0.29461,-0.24213,-0.19155,-0.14781,-0.1119,-0.08252000000000001,impedance,6.5188,6.545,6.5718,6.5956,6.6209,6.6467,6.6714,6.6976,6.7249,6.7541,6.7859,6.8202,6.859,6.9016,6.949,7.0,7.0558,7.1165,7.1817,7.2516,7.3260000000000005,7.4056,7.49,7.5796,7.6735,7.7717,7.8756,7.983,8.092,8.2021,8.3092,8.4125,8.5111,8.5972,8.6847,8.7649,8.836,8.9002,8.9545,9.0023,9.044,9.0835,9.1145,9.1522
10,R/Ohm,0.046424,-0.014959,-0.058212,-0.086246,-0.12109,-0.14105,-0.1714,-0.19343,-0.21153,-0.24001,-0.26263000000000003,-0.28967,-0.31357,-0.34323000000000004,-0.37068,-0.3972,-0.42781,-0.45483,-0.47997,-0.5104,-0.53719,-0.56614,-0.59246,-0.6129399999999999,-0.63543,-0.65089,-0.66481,-0.67004,-0.6713899999999999,-0.6634,-0.65,-0.62461,-0.5957100000000001,-0.55701,-0.50848,-0.45838,-0.40451,-0.34656,-0.29484,-0.24192,-0.1912,-0.14691,-0.1116,-0.082123,impedance,6.5226,6.5498,6.5738,6.6062,6.6265,6.6596,6.6882,6.7158,6.7432,6.7755,6.8128,6.8471,6.8878,6.934,6.9799,7.0327,7.0904,7.1549,7.2224,7.2915,7.3709,7.4462,7.5356,7.6238,7.7183,7.8164,7.9199,8.0269,8.1359,8.2453,8.3542,8.4564,8.5534,8.6309,8.7103,8.7831,8.8454,8.8964,8.9364,8.9683,8.9904,9.0068,9.0171,9.0278
11,R/Ohm,0.29593,0.18672,0.10499,0.030416,-0.022866,-0.071279,-0.10658,-0.13587,-0.16216,-0.19024,-0.2134,-0.23578,-0.25915,-0.28473000000000004,-0.31294,-0.34011,-0.36902,-0.39951,-0.4298,-0.46166,-0.49397,-0.52603,-0.5589,-0.59215,-0.62585,-0.65956,-0.69287,-0.7270399999999999,-0.7591100000000001,-0.79065,-0.81986,-0.8439700000000001,-0.8644799999999999,-0.8776200000000001,-0.8798,-0.8745,-0.8537799999999999,-0.8195600000000001,-0.77058,-0.7035600000000001,-0.6227600000000001,-0.5381600000000001,-0.44664,-0.35878000000000004,impedance,6.5707,6.6069,6.6398,6.6667,6.6991,6.7334,6.7635,6.7949,6.8273,6.8597,6.8928,6.9281,6.9645,7.0034,7.0451,7.0917,7.1425,7.1981,7.2582,7.3229,7.3938,7.4691,7.5494,7.6354,7.7259,7.8215,7.9231,8.0303,8.1439,8.2652,8.391,8.5256,8.6672,8.8146,8.9652,9.1188,9.2858,9.4506,9.6126,9.7681,9.9111,10.037,10.145,10.235
12,R/Ohm,0.088488,0.025873,-0.031191000000000007,-0.072431,-0.10988,-0.13897,-0.17723,-0.19894,-0.22211,-0.24908,-0.27177,-0.30116,-0.32628,-0.35306,-0.38425,-0.41439,-0.4441600000000001,-0.47661,-0.50903,-0.53671,-0.5649,-0.59696,-0.62358,-0.65275,-0.6824399999999999,-0.70515,-0.7244,-0.74003,-0.7493,-0.75035,-0.74468,-0.72817,-0.70495,-0.66299,-0.61547,-0.56196,-0.4986100000000001,-0.4313,-0.36631,-0.30198,-0.24363,-0.18822,-0.14468,-0.10616,impedance,6.667999999999999,6.6983,6.7279,6.7573,6.7802,6.8148,6.8425,6.8676,6.8982,6.9305,6.9643,7.0019,7.0406,7.0867,7.1339999999999995,7.1876,7.2455,7.3099,7.3797,7.4512,7.5312,7.6105,7.6985,7.7914,7.8888,7.9921,8.101,8.2141,8.3328,8.4536,8.5754,8.6944,8.811,8.9035,9.0069,9.1018,9.1872,9.2599,9.3192,9.3686,9.4036,9.4344,9.4571,9.4793
13,R/Ohm,0.032272,-0.019727,-0.064765,-0.099393,-0.13078,-0.15571,-0.18331,-0.20654,-0.22874,-0.2524,-0.27724,-0.30521,-0.3315,-0.35984,-0.38952,-0.4229,-0.45302,-0.4834,-0.51525,-0.5462100000000001,-0.57691,-0.6097,-0.63945,-0.66848,-0.69577,-0.72235,-0.74664,-0.76646,-0.78182,-0.78983,-0.78989,-0.7801899999999999,-0.76376,-0.73878,-0.69543,-0.64242,-0.5825100000000001,-0.50898,-0.44008,-0.36537,-0.29099,-0.22677,-0.17392,-0.1283,impedance,6.596,6.627000000000001,6.6615,6.691,6.7211,6.7524,6.7829999999999995,6.8141,6.8482,6.8836,6.9221,6.9623,7.0085,7.0584,7.1125,7.1706,7.2347,7.3038,7.3774,7.4564,7.5407,7.6291,7.7233,7.8233,7.9297,8.0408,8.1579,8.2803,8.4079,8.5409,8.6759,8.8135,8.9487,9.0917,9.2306,9.3626,9.4852,9.5978,9.6966,9.783999999999999,9.859,9.9267,9.9819,10.028
14,R/Ohm,-0.00054782,-0.046998000000000005,-0.08769,-0.11929,-0.1459,-0.16812,-0.1986,-0.21923,-0.23955,-0.26223,-0.28552,-0.31294,-0.33774,-0.36548,-0.3953,-0.4239600000000001,-0.45525,-0.4865,-0.51669,-0.5491699999999999,-0.58136,-0.61431,-0.64555,-0.67828,-0.7129300000000001,-0.74239,-0.77059,-0.79755,-0.8195899999999999,-0.83483,-0.8431200000000001,-0.84088,-0.8322700000000001,-0.80414,-0.76417,-0.71431,-0.64846,-0.57199,-0.4924,-0.41037,-0.33317,-0.25911,-0.19951,-0.14606,impedance,6.6564,6.686,6.7142,6.7439,6.7717,6.8003,6.8265,6.8561,6.8877,6.9201,6.9559,6.9931,7.0368,7.0838,7.1357,7.1923,7.2537,7.32,7.3921,7.4688,7.55,7.6364,7.7276,7.8248,7.9273,8.0371,8.1518,8.2744,8.4025,8.5375,8.677,8.8199,8.9621,9.1083,9.2548,9.3988,9.5332,9.6587,9.7678,9.8607,9.9407,10.011,10.077,10.142
15,R/Ohm,0.12052,0.053648,0.012348,-0.017051,-0.05909800000000001,-0.10298,-0.13344,-0.1638,-0.18536,-0.20251,-0.22301,-0.25021,-0.26686,-0.29057,-0.32424000000000003,-0.34896,-0.37478,-0.4049,-0.43681,-0.46928,-0.50242,-0.5334399999999999,-0.56599,-0.60033,-0.62979,-0.6681600000000001,-0.69843,-0.72706,-0.7589600000000001,-0.78469,-0.80615,-0.83024,-0.84262,-0.8491,-0.8437399999999999,-0.8306,-0.80842,-0.76243,-0.70596,-0.6383800000000001,-0.55792,-0.47972,-0.39701,-0.31275,impedance,6.7056,6.7254,6.7442,6.7929,6.8305,6.8656,6.897,6.9297,6.9671,6.9989,7.0313,7.0673,7.1052,7.1417,7.1868,7.2282,7.281000000000001,7.3343,7.3946,7.4585,7.529,7.5976,7.6815,7.7724,7.8545,7.949,8.0509,8.1546,8.2664,8.3858,8.5089,8.6375,8.7751,8.9154,9.0555,9.1956,9.3263,9.4582,9.5862,9.7013,9.8016,9.8811,9.9429,9.9843
16,R/Ohm,0.030866,-0.020812,-0.065652,-0.098941,-0.12924000000000002,-0.15473,-0.18466,-0.20567,-0.22756,-0.25013,-0.27409,-0.30115,-0.32621,-0.35409,-0.38264,-0.41035,-0.44053,-0.47064,-0.49918,-0.52992,-0.56014,-0.58962,-0.61855,-0.6471600000000001,-0.67774,-0.70117,-0.72163,-0.73819,-0.74831,-0.7516,-0.74837,-0.73245,-0.7105899999999999,-0.67109,-0.6246,-0.57268,-0.50971,-0.44236,-0.37558,-0.30973,-0.2515,-0.1957,-0.14945999999999998,-0.10976,impedance,6.5732,6.5997,6.6286,6.6565,6.6835,6.7105,6.7362,6.7646,6.7945,6.8261,6.8602,6.8969,6.9389,6.985,7.0349,7.0907,7.1505,7.2154,7.2866,7.3617,7.4416,7.526,7.6161,7.7114,7.8112,7.917999999999999,8.03,8.1467,8.2688,8.3945,8.5209,8.6479,8.7709,8.8915,9.0104,9.1218,9.2242,9.318,9.3998,9.4657,9.5237,9.5796,9.6299,9.6833
17,R/Ohm,0.012785,-0.026388,-0.060669000000000015,-0.091901,-0.1192,-0.1436,-0.16899999999999998,-0.19052,-0.21216,-0.23491,-0.25875,-0.28345,-0.30939,-0.3364,-0.36471,-0.39124,-0.42073,-0.44978,-0.48049,-0.50685,-0.53094,-0.5613600000000001,-0.58622,-0.6117,-0.6352399999999999,-0.65492,-0.6675399999999999,-0.67783,-0.67873,-0.67209,-0.65878,-0.63618,-0.6048100000000001,-0.57111,-0.5262899999999999,-0.47542,-0.4168600000000001,-0.36034,-0.30605,-0.25102,-0.20519,-0.15904,-0.11828,-0.085851,impedance,6.3856,6.4052,6.426,6.4469,6.471,6.4973,6.5245,6.555,6.5864,6.6208,6.6579999999999995,6.6987,6.7444,6.7939,6.8481,6.9079999999999995,6.9718,7.0411,7.1169,7.1949,7.28,7.3663,7.4602,7.5633,7.6673,7.7748,7.8898,8.0066,8.1275,8.2494,8.3677,8.4855,8.5956,8.7067,8.8169,8.9074,8.9849,9.0424,9.0816,9.1022,9.1038,9.0948,9.0737,9.0558
18,R/Ohm,0.31411999999999995,0.19945,0.11163,0.034778,-0.020311000000000003,-0.069852,-0.10646,-0.14038,-0.16677999999999998,-0.19562,-0.22034,-0.24314,-0.26754,-0.29282,-0.32151,-0.34924,-0.37878,-0.40985,-0.44168,-0.47414,-0.5080899999999999,-0.5422899999999999,-0.57648,-0.61285,-0.64868,-0.6852699999999999,-0.72006,-0.7592399999999999,-0.7975399999999999,-0.8351,-0.87265,-0.91031,-0.94274,-0.97201,-0.99283,-1.0094,-1.0132,-0.99468,-0.96229,-0.90746,-0.82788,-0.73338,-0.62173,-0.50375,impedance,6.7010000000000005,6.7322,6.7656,6.7984,6.8351,6.8667,6.9038,6.9403,6.9739,7.0061,7.0427,7.0811,7.1201,7.1624,7.2055,7.2557,7.3084,7.3669,7.4292,7.4969,7.5701,7.6498,7.7318,7.8185,7.9143,8.0122,8.1171,8.228,8.3443,8.4684,8.597999999999999,8.7392,8.8874,9.0442,9.2079,9.3798,9.5682,9.7626,9.9604,10.158,10.348,10.515999999999998,10.662,10.778
19,R/Ohm,0.2243,0.13996,0.06141,0.0063051,-0.049386,-0.078933,-0.11868,-0.14723,-0.17506,-0.20623,-0.23404,-0.26096,-0.28989000000000004,-0.32093,-0.34663,-0.37379,-0.40385,-0.4307,-0.45968,-0.48266,-0.50592,-0.5351899999999999,-0.55515,-0.57765,-0.59643,-0.6097600000000001,-0.6167699999999999,-0.61907,-0.61516,-0.60293,-0.5838800000000001,-0.55767,-0.52808,-0.49222,-0.44497,-0.40011,-0.35212,-0.30029,-0.25417,-0.2077,-0.1617,-0.12377,-0.093371,-0.068034,impedance,6.3547,6.3881,6.4167,6.4481,6.4771,6.506,6.535,6.5659,6.6002,6.6342,6.6706,6.7095,6.752000000000001,6.7967,6.8498,6.9037,6.9627,7.0272,7.0925,7.1667,7.2423,7.3236,7.4124,7.5034,7.5959,7.6945,7.7983,7.903,8.0072,8.1132,8.2163,8.3095,8.3997,8.4878,8.5606,8.6281,8.6867,8.736,8.7728,8.7998,8.8142,8.8182,8.8056,8.7791
20,R/Ohm,0.0091632,-0.037439,-0.076973,-0.1085,-0.13572,-0.15753,-0.18483,-0.2059,-0.22601,-0.24758,-0.27133,-0.29731,-0.32209,-0.34902,-0.3773,-0.40509,-0.43486,-0.46427,-0.49303,-0.52225,-0.55153,-0.5808800000000001,-0.60929,-0.63605,-0.66392,-0.6854399999999999,-0.70411,-0.71863,-0.72655,-0.72622,-0.7186100000000001,-0.69862,-0.67309,-0.63608,-0.5858399999999999,-0.53135,-0.47154,-0.40687,-0.34504,-0.28368000000000004,-0.22677,-0.17347,-0.1324,-0.095658,impedance,6.5144,6.5442,6.5735,6.6047,6.6344,6.6629,6.6922,6.7231,6.7554,6.79,6.8263,6.8651,6.9093,6.9571,7.0097,7.0672,7.1289,7.1953,7.2677,7.3437,7.425,7.5108,7.6027,7.6988,7.8013,7.9087,8.0224,8.1411,8.2627,8.3873,8.5144,8.6379,8.7579,8.8832,8.9992,9.1069,9.2058,9.2986,9.3748,9.4429,9.5039,9.5545,9.5969,9.6252
21,R/Ohm,0.025619,-0.022276,-0.066804,-0.10235,-0.12637,-0.15571,-0.17806,-0.20147,-0.21626,-0.24264,-0.26909,-0.29589,-0.32226,-0.34542,-0.3776,-0.40902,-0.43538,-0.46761,-0.49649,-0.5253,-0.54986,-0.58017,-0.6116199999999999,-0.63261,-0.65745,-0.67774,-0.69534,-0.7044600000000001,-0.71192,-0.70503,-0.69492,-0.67432,-0.64759,-0.60951,-0.55833,-0.50531,-0.44588,-0.38314,-0.32531,-0.26636,-0.21119,-0.16139,-0.12264,-0.090072,impedance,6.5546,6.5846,6.6179,6.6481,6.6811,6.7087,6.7393,6.7692,6.8021,6.8347,6.8706,6.9094,6.9531,6.9998,7.0507,7.108,7.1652,7.2311,7.3042,7.3726,7.4538,7.5366,7.6273,7.7172,7.8142,7.9201,8.0264,8.1408,8.2559,8.3725,8.488,8.6018,8.7097,8.7977,8.8898,8.9734,9.0426,9.1024,9.1477,9.1819,9.2028,9.2173,9.2214,9.222000000000001
22,R/Ohm,0.32827,0.22147,0.1334,0.057413,0.0060077,-0.038607,-0.071243,-0.10086,-0.12322,-0.14423,-0.16758,-0.19032,-0.21348000000000006,-0.2368,-0.26195,-0.28591,-0.31017,-0.33525,-0.36178,-0.38669,-0.41147,-0.43585,-0.46002,-0.48331,-0.50715,-0.52736,-0.5452899999999999,-0.5613100000000001,-0.57122,-0.57605,-0.57493,-0.5675100000000001,-0.55301,-0.5313899999999999,-0.50561,-0.4759100000000001,-0.44043,-0.39978,-0.35677,-0.31304,-0.26587,-0.22543,-0.18327,-0.14378,impedance,6.1341,6.1637,6.1878,6.2049,6.227,6.2526,6.2733,6.303999999999999,6.3322,6.3624,6.3888,6.4179,6.4474,6.4801,6.5153,6.5553,6.5984,6.6451,6.6956,6.7511,6.8111,6.8755,6.9433,7.0155,7.0925,7.1736,7.2598,7.3502,7.444,7.5405,7.6387,7.7381,7.8331,7.9273,8.0145,8.0968,8.18,8.257,8.3266,8.3883,8.446,8.4956,8.5418,8.5837
23,R/Ohm,0.34817,0.23896,0.15128,0.073959,0.017628,-0.029143,-0.067554,-0.098317,-0.12662,-0.15502,-0.17855,-0.20179,-0.22498,-0.24898,-0.27559,-0.30126,-0.32671999999999995,-0.3537,-0.38084,-0.40777,-0.43438,-0.4607100000000001,-0.48634,-0.51181,-0.53691,-0.5596800000000001,-0.58004,-0.59883,-0.6113,-0.61998,-0.6228,-0.61842,-0.6075,-0.58808,-0.56289,-0.5333399999999999,-0.49689,-0.45233,-0.40755,-0.35815,-0.30664,-0.26058000000000003,-0.214,-0.16951,impedance,6.266,6.2868,6.3132,6.3352,6.3601,6.3858,6.409,6.4329,6.4579,6.4829,6.5086,6.5363,6.5661,6.5978,6.6327,6.6723,6.7153,6.7631,6.8147,6.8706,6.9315,6.9968,7.0666,7.1411,7.2197,7.3036,7.3919,7.4845,7.581,7.682,7.7859,7.89,7.9938,8.0951,8.1912,8.2819,8.3688,8.4501,8.5253,8.5931,8.6552,8.7082,8.7564,8.8002
24,R/Ohm,0.099986,0.035563,-0.013498,-0.052382000000000005,-0.085239,-0.11576,-0.14506,-0.16872,-0.1928,-0.21594,-0.23939,-0.26517,-0.28945,-0.31382,-0.33974,-0.36678,-0.39189,-0.41674,-0.4411100000000001,-0.46566,-0.48879,-0.512,-0.53269,-0.5506,-0.56497,-0.57525,-0.57891,-0.57698,-0.5687300000000001,-0.55301,-0.5310600000000001,-0.50241,-0.47249,-0.43468,-0.3914,-0.34759,-0.30294,-0.25528,-0.21494,-0.17402,-0.1341,-0.10106,-0.07684500000000001,-0.055886,impedance,6.4014,6.4306,6.4518,6.4787,6.4999,6.5271,6.5517,6.5766,6.6037,6.6327,6.6632,6.6961,6.7347,6.7749,6.8194,6.867000000000001,6.9198,6.976,7.0366,7.101,7.17,7.2419,7.32,7.4018,7.4872,7.5769,7.6693,7.7622,7.8561,7.9471,8.0349,8.113999999999999,8.187999999999999,8.2413,8.2986,8.3492,8.3923,8.4273,8.4549,8.4755,8.4881,8.5032,8.5137,8.5289
25,R/Ohm,0.031329,-0.015609,-0.061348,-0.095358,-0.12695,-0.15078,-0.17255,-0.19493,-0.21727,-0.24111,-0.26612,-0.2926,-0.31952,-0.34679,-0.37525,-0.40474,-0.43395,-0.46301,-0.49303,-0.52099,-0.54929,-0.57745,-0.60409,-0.62936,-0.65184,-0.6713399999999999,-0.68734,-0.69505,-0.7005600000000001,-0.6967,-0.68515,-0.66083,-0.63446,-0.59663,-0.54908,-0.49662,-0.43887,-0.37671,-0.3204,-0.26196,-0.20600000000000002,-0.15653,-0.1181,-0.087215,impedance,6.4937,6.5269,6.557,6.5899,6.6208,6.6517,6.6842,6.7167,6.7515,6.7866,6.8259,6.8662,6.912000000000001,6.9617,7.0157,7.0746,7.1372,7.2055,7.2782,7.3554,7.4369,7.5242,7.6174,7.7141,7.8163,7.9236,8.0356,8.1518,8.2703,8.3909,8.5104,8.6264,8.7389,8.8541,8.9542,9.0501,9.1317,9.2034,9.2604,9.3051,9.3356,9.3572,9.3592,9.3418
26,R/Ohm,0.37463,0.25404,0.16968,0.11999,0.051554,-0.00035782,-0.045813,-0.080796,-0.11372,-0.14336,-0.17001,-0.19405,-0.21837,-0.24401,-0.27111,-0.29694,-0.32315,-0.35013,-0.3774,-0.40446,-0.43102,-0.45838,-0.48287,-0.5085,-0.53246,-0.5556399999999999,-0.57657,-0.5939800000000001,-0.60712,-0.61463,-0.61569,-0.61159,-0.59812,-0.57953,-0.55145,-0.5213300000000001,-0.48264,-0.43722,-0.39102,-0.34254,-0.29034,-0.24634,-0.20038,-0.15647,impedance,6.3356,6.3609,6.3811,6.4169,6.4465,6.4746,6.5021,6.5286,6.556,6.5829,6.6094,6.6402,6.6712,6.704,6.7397,6.7804,6.8236,6.871,6.9225,6.9786,7.0389,7.1033,7.1717,7.2451,7.3216,7.4035,7.4895,7.5802,7.676,7.7733,7.8735,7.9747,8.0735,8.1692,8.259,8.3427,8.4053,8.4719,8.5294,8.5776,8.6167,8.6461,8.668,8.6795
27,R/Ohm,0.38867,0.27686,0.16716,0.090132,0.027748,-0.022873,-0.05694700000000001,-0.089771,-0.11993,-0.14339000000000002,-0.16807,-0.19186,-0.21565,-0.24023000000000005,-0.26641,-0.28997,-0.31599,-0.34217,-0.36819,-0.39463,-0.42039,-0.4448,-0.47028,-0.49434,-0.51898,-0.54035,-0.56008,-0.5785899999999999,-0.5893,-0.59555,-0.59792,-0.59108,-0.5763199999999999,-0.5562699999999999,-0.52928,-0.49992,-0.4612600000000001,-0.4185,-0.37524,-0.32898,-0.28062,-0.23632,-0.19397,-0.15475,impedance,6.22,6.2417,6.2569,6.2781,6.303999999999999,6.3279,6.3541,6.3785,6.4024,6.437,6.4637,6.4919,6.5219,6.5546,6.5898,6.6299,6.6735,6.7211,6.7724,6.8274,6.8877,6.9524,7.0203,7.0934,7.171,7.252999999999999,7.3404,7.4314,7.5264,7.6254,7.7254,7.8269,7.9268,8.0234,8.1145,8.1992,8.2804,8.3596,8.4307,8.4942,8.5531,8.6042,8.6504,8.6922
28,R/Ohm,0.090659,0.026789,-0.025343,-0.06905499999999999,-0.10393,-0.1345,-0.16797,-0.19278,-0.21702,-0.24189,-0.26753000000000005,-0.29618,-0.32253000000000004,-0.35098,-0.38071,-0.40867,-0.43955,-0.4698,-0.4987,-0.52958,-0.55978,-0.5894699999999999,-0.61832,-0.6463800000000001,-0.67599,-0.6987899999999999,-0.7191,-0.73487,-0.74547,-0.7472300000000001,-0.74157,-0.72636,-0.7047399999999999,-0.66496,-0.6200899999999999,-0.5677300000000001,-0.5061899999999999,-0.43923,-0.3737,-0.3091,-0.25133,-0.19511,-0.14955,-0.10997,impedance,6.5678,6.5955,6.6242,6.6506,6.6784,6.7062,6.7329,6.7617,6.7922,6.8244,6.8593,6.8963,6.9385,6.9847,7.0355,7.0917,7.1518,7.2171,7.2883,7.3633,7.4434,7.5291,7.6189,7.7151,7.8157,7.9225,8.0339,8.1519,8.2739,8.3986,8.5255,8.6512,8.7728,8.8939,9.0118,9.123,9.2258,9.3176,9.4014,9.4718,9.5359,9.5916,9.6436,9.698
29,R/Ohm,0.01836,-0.033129,-0.067773,-0.10029,-0.12616,-0.15267,-0.16389,-0.18549,-0.20714,-0.22943,-0.2528,-0.27867,-0.30289,-0.32847,-0.35505,-0.38217,-0.40883,-0.43492,-0.46098,-0.4868,-0.51161,-0.5365,-0.5586300000000001,-0.57881,-0.5971,-0.60985,-0.61788,-0.62055,-0.61573,-0.60272,-0.58525,-0.55775,-0.52828,-0.49153,-0.44714,-0.40131,-0.35406,-0.30238000000000004,-0.2571,-0.21103,-0.16671,-0.12764,-0.097454,-0.071217,impedance,6.3347,6.3627,6.3864,6.4137,6.4418,6.4608,6.4967,6.5234,6.5517,6.5815,6.6149,6.6499,6.6903,6.7336,6.7817,6.8339,6.8905,6.9524,7.0183,7.0888,7.1637,7.2429,7.3272,7.4168,7.5094,7.6086,7.7093,7.8132,7.9179,8.0213,8.1232,8.2179,8.3076,8.3948,8.4782,8.5549,8.6246,8.6871,8.7427,8.7929,8.8395,8.8828,8.9237,8.9646
30,R/Ohm,0.24313,0.14358,0.068965,-0.00042649999999999996,-0.049569,-0.091826,-0.12389,-0.15058,-0.17519,-0.203,-0.22397,-0.24473000000000006,-0.26783,-0.29191,-0.31942,-0.34507,-0.37352,-0.40403,-0.43503,-0.46669,-0.49918,-0.5320199999999999,-0.56397,-0.5955699999999999,-0.6308,-0.66304,-0.6952,-0.72846,-0.7590899999999999,-0.78645,-0.81121,-0.83294,-0.8467899999999999,-0.85459,-0.85015,-0.84009,-0.81553,-0.7762899999999999,-0.72524,-0.6600699999999999,-0.58111,-0.50326,-0.41958,-0.33467,impedance,6.6495,6.6836,6.7132,6.7451,6.7823,6.8154,6.8514,6.8833,6.9187,6.9517,6.9884,7.0244,7.0629,7.1037,7.1472,7.195,7.2476,7.3042,7.3663,7.4328,7.5049,7.5825,7.6654,7.7518,7.8447,7.9445,8.0478,8.1568,8.2731,8.395,8.5243,8.6582,8.7984,8.9422,9.091000000000001,9.2391,9.4013,9.5602,9.7076,9.8466,9.9736,10.081,10.171,10.24
31,R/Ohm,-0.15168,-0.12136,-0.10375,-0.067359,-0.063283,-0.13408,-0.1321,-0.13151,-0.1723,-0.1715,-0.16354000000000002,-0.19206,-0.19959,-0.21366,-0.2288,-0.24829,-0.25865,-0.28667,-0.30838000000000004,-0.32733,-0.35491,-0.37942,-0.40208,-0.42442,-0.45203,-0.47893,-0.5052800000000001,-0.52718,-0.54878,-0.5704,-0.58803,-0.60238,-0.60728,-0.6129899999999999,-0.59937,-0.59518,-0.58244,-0.55167,-0.5169699999999999,-0.49115,-0.44069,-0.39094,-0.34344,-0.29159,impedance,6.2944,6.2593,6.2553,6.2249,6.2491,6.2642,6.3183,6.3394,6.3628,6.3861,6.4313,6.4534,6.4938,6.5287,6.5591,6.5932,6.6318,6.6703,6.7169,6.7585,6.8086,6.8637,6.928,6.9837,7.0541,7.1273,7.1985,7.2792,7.3677,7.4632,7.5544,7.6552,7.7564,7.8448,7.9767,8.0775,8.1955,8.269,8.3672,8.4554,8.5433,8.6162,8.6795,8.7342
32,R/Ohm,0.38365,0.25641,0.16922,0.0885,0.027762,-0.020344,-0.061167999999999986,-0.094839,-0.12293,-0.15211,-0.17678,-0.20063,-0.22445,-0.24952,-0.27619,-0.30219,-0.32869,-0.35603,-0.38389,-0.41138,-0.43864,-0.4651,-0.49197,-0.5178,-0.5431199999999999,-0.56623,-0.5874,-0.60652,-0.62012,-0.6292399999999999,-0.632,-0.62978,-0.61783,-0.60128,-0.57549,-0.54689,-0.5092399999999999,-0.46808,-0.42148,-0.3728,-0.32016,-0.2731,-0.22513,-0.17970999999999998,impedance,6.2449,6.2675,6.297999999999999,6.327999999999999,6.358,6.3869,6.4141,6.4427,6.4714,6.4986,6.5278,6.5591,6.5914,6.627000000000001,6.6653,6.7076,6.754,6.805,6.8605,6.9201,6.985,7.0542,7.1276,7.2058,7.2888,7.377000000000001,7.4696,7.5669,7.6675,7.7733,7.8819,7.9889,8.0973,8.2046,8.3042,8.4014,8.5031,8.5928,8.6775,8.7545,8.8251,8.8877,8.9427,8.9911
33,R/Ohm,0.35686,0.24509,0.15509,0.075075,0.016858,-0.031713,-0.06895,-0.1014,-0.12828,-0.15752,-0.1815,-0.20452,-0.22852,-0.25281,-0.27989,-0.30558,-0.33223,-0.35951,-0.38725,-0.41509,-0.44285,-0.46965,-0.49676,-0.52285,-0.54897,-0.57262,-0.59442,-0.61423,-0.62941,-0.63948,-0.64348,-0.6421899999999999,-0.63208,-0.61631,-0.59026,-0.56186,-0.52533,-0.47889,-0.43219,-0.38101,-0.32756,-0.27857,-0.2285,-0.18148,impedance,6.2878,6.3195,6.3431,6.3674,6.3926,6.4189,6.4454,6.4721,6.497000000000001,6.5229,6.5503,6.5793,6.6096,6.6432,6.6792,6.7207,6.765,6.8139,6.8674,6.9255,6.9883,7.0563,7.1284,7.2051,7.2873,7.3729,7.4639,7.5591,7.6595,7.7631,7.8707,7.98,8.0884,8.1959,8.2974,8.3947,8.4903,8.5787,8.6614,8.7357,8.8037,8.863,8.916,8.9635
34,R/Ohm,0.38715,0.26193,0.16410999999999998,0.072781,0.0072024,-0.045111,-0.087864,-0.12479,-0.15382,-0.18385,-0.21033,-0.23405,-0.26016,-0.28565,-0.31494,-0.34199,-0.37147,-0.40287,-0.4352,-0.4683,-0.49955,-0.5363100000000001,-0.5673699999999999,-0.59832,-0.6361399999999999,-0.66799,-0.70116,-0.73795,-0.7679600000000001,-0.79828,-0.8275600000000001,-0.85182,-0.86872,-0.8799799999999999,-0.88015,-0.8741200000000001,-0.85319,-0.81652,-0.76636,-0.69792,-0.6175,-0.5342399999999999,-0.44296,-0.35629,impedance,6.6419,6.676,6.7104,6.7436,6.7793,6.8142,6.8488,6.8835,6.9195,6.9518,6.9867,7.0238,7.0632,7.1006,7.1468,7.195,7.2482,7.3054,7.3675,7.4359,7.5083,7.5908,7.6679,7.7618,7.8524,7.9525,8.0541,8.1648,8.2833,8.4053,8.5352,8.6729,8.8172,8.9653,9.1183,9.2726,9.4462,9.607000000000001,9.7663,9.9188,10.057,10.177,10.278,10.358
35,R/Ohm,0.063826,0.010392,-0.031565,-0.069498,-0.099271,-0.1249,-0.14476,-0.16888,-0.19077,-0.21352,-0.2365,-0.26179,-0.28439000000000003,-0.30847,-0.33362,-0.35824,-0.38301,-0.40744,-0.43125,-0.45498,-0.47874,-0.50193,-0.52278,-0.54088,-0.55834,-0.5687300000000001,-0.57343,-0.57182,-0.56357,-0.54773,-0.5271899999999999,-0.49629,-0.4648100000000001,-0.42599,-0.38153,-0.33828,-0.29265,-0.24555,-0.20479,-0.16441,-0.12866,-0.096427,-0.07359700000000001,-0.052841999999999986,impedance,6.2602,6.2801,6.3065,6.3246,6.3499,6.3765,6.4076,6.4339,6.4615,6.4907,6.5227,6.5568,6.5959,6.6384,6.6844,6.7342,6.7885,6.847,6.9096,6.9762,7.0475,7.1233,7.2029,7.2871,7.3764,7.4696,7.5655,7.6623,7.7606,7.8559,7.9484,8.0336,8.1137,8.189,8.2605,8.3238,8.3788,8.4299,8.4735,8.5134,8.5472,8.5832,8.6181,8.6594
36,R/Ohm,0.35406,0.23809,0.14770999999999998,0.070921,0.013984,-0.031585,-0.071225,-0.10395,-0.12925,-0.1599,-0.18258,-0.20542,-0.22841,-0.25228,-0.27884000000000003,-0.30333000000000004,-0.32949,-0.35649000000000003,-0.38371,-0.41099,-0.43771,-0.46372,-0.48993,-0.5153800000000001,-0.5401100000000001,-0.5633699999999999,-0.58329,-0.6020300000000001,-0.6146199999999999,-0.6228199999999999,-0.62566,-0.6209600000000001,-0.60841,-0.59075,-0.56335,-0.534,-0.4955600000000001,-0.45161,-0.40636,-0.35758,-0.30643000000000004,-0.25998000000000004,-0.21391,-0.17026,impedance,6.3166,6.3388,6.3644,6.3914,6.4174,6.4413,6.4662,6.4913,6.5157,6.5391,6.5648,6.5928,6.6221,6.6539,6.688,6.7272,6.7695,6.8166,6.8684,6.9241,6.9847,7.0498,7.1192,7.1931,7.2724,7.356,7.4437,7.5361,7.6326,7.7327,7.8339,7.9387,8.0414,8.1423,8.2366,8.3261,8.4081,8.4875,8.5609,8.6276,8.6866,8.7372,8.7824,8.8229
37,R/Ohm,0.30827,0.1977,0.11276,0.03783,-0.018478,-0.06460700000000001,-0.10252,-0.134,-0.15925,-0.18814,-0.21113,-0.23373,-0.25719000000000003,-0.2819,-0.3099,-0.33617,-0.36441,-0.39494,-0.42268,-0.45393,-0.48577,-0.51567,-0.54808,-0.57916,-0.61005,-0.64058,-0.67024,-0.70285,-0.72819,-0.74974,-0.7691100000000001,-0.78269,-0.78867,-0.78769,-0.77609,-0.75837,-0.72187,-0.6794399999999999,-0.62721,-0.5634100000000001,-0.4937,-0.4232800000000001,-0.35196,-0.2863,impedance,6.547999999999999,6.5777,6.6067,6.638,6.6708,6.7015,6.7333,6.7642,6.7969,6.8272,6.8598,6.8948,6.9304,6.9691,7.0101,7.0566,7.1067,7.1615,7.2219,7.2861,7.3555,7.4306,7.5102,7.5949,7.6852,7.7803,7.8805,7.9869,8.099,8.2165,8.3404,8.4678,8.6008,8.7379,8.8706,9.0041,9.1461,9.279,9.4074,9.5281,9.6383,9.7367,9.8214,9.8955
38,R/Ohm,0.35862,0.24886,0.15113,0.07779900000000001,0.01832,-0.029333,-0.06704,-0.10074,-0.12787,-0.15713,-0.18015,-0.20342,-0.22738000000000005,-0.25188,-0.2785,-0.30423,-0.33066,-0.35791,-0.38589,-0.4134600000000001,-0.4408,-0.46777,-0.49435,-0.5201100000000001,-0.5455300000000001,-0.5704100000000001,-0.59173,-0.6110800000000001,-0.6257199999999999,-0.63578,-0.63984,-0.63769,-0.62735,-0.61248,-0.58585,-0.5583199999999999,-0.52159,-0.47871,-0.43274,-0.38301,-0.32944,-0.28164,-0.23195,-0.18515,impedance,6.2451,6.2682,6.3062,6.3306,6.3629,6.3887,6.4192,6.4475,6.4761,6.505,6.5347,6.5666,6.6001,6.6362,6.6747,6.7179,6.7653,6.8164,6.8721,6.9323,6.9974,7.0673,7.1411,7.22,7.3035,7.3909,7.4847,7.5821,7.6846,7.7901,7.8984,8.0092,8.1188,8.2271,8.3284,8.4272,8.5314,8.6232,8.7094,8.7878,8.8601,8.9238,8.9808,9.0301
39,R/Ohm,0.34723000000000004,0.23248,0.15178,0.075151,0.021463,-0.022928,-0.059048,-0.090376,-0.11809,-0.14934,-0.1708,-0.1915,-0.21231,-0.23395,-0.2567,-0.27671,-0.29839,-0.3204,-0.34207,-0.36336,-0.38412,-0.40388,-0.42349,-0.44217,-0.45988,-0.47451,-0.48627,-0.49485,-0.49545,-0.4907,-0.4794,-0.46012,-0.43439,-0.4046,-0.37029,-0.33562,-0.29587,-0.25556,-0.21815,-0.18005,-0.14488,-0.11653,-0.090664,-0.068458,impedance,6.0572,6.0808,6.1074,6.1274,6.1529,6.1738,6.1992,6.2217,6.2468,6.2703,6.2973,6.3254,6.3559,6.3884,6.4232,6.4629,6.5055,6.5513,6.6007,6.6534,6.7103,6.7707,6.8346,6.9025,6.974,7.0504,7.1298,7.2126,7.2976,7.3842,7.4685,7.5508,7.6297,7.7035,7.7686,7.8258,7.882999999999999,7.9301,7.9708,8.0052,8.0334,8.0582,8.0818,8.1053
40,R/Ohm,0.29189,0.18467,0.09977,0.028234,-0.026715,-0.070799,-0.10714,-0.13871,-0.16404000000000002,-0.19158,-0.21399,-0.23634,-0.26002,-0.285,-0.3129,-0.34,-0.36837,-0.39856,-0.42634,-0.45843,-0.4906100000000001,-0.52082,-0.55373,-0.5866899999999999,-0.61842,-0.65149,-0.68358,-0.7188399999999999,-0.74951,-0.7780199999999999,-0.80357,-0.8256899999999999,-0.84134,-0.8519,-0.8492299999999999,-0.8413799999999999,-0.81092,-0.77237,-0.7216199999999999,-0.65285,-0.57358,-0.49083,-0.40657,-0.32799,impedance,6.6356,6.6668,6.6956,6.7227,6.7519,6.7814,6.8096,6.8376,6.8672,6.8944,6.9231,6.9542,6.9861,7.021,7.059,7.1015,7.1479,7.1987,7.2557,7.3164,7.3819,7.4548,7.5301,7.6112,7.6987,7.7902,7.8870000000000005,7.9886,8.0973,8.2138,8.3337,8.4644,8.5976,8.7375,8.8798,9.0247,9.1667,9.3132,9.456,9.5894,9.7111,9.817,9.9056,9.9779
41,R/Ohm,0.1824,0.10955,0.045014,-0.0069428,-0.045122,-0.083297,-0.11411,-0.13624,-0.1526,-0.16427,-0.18502,-0.20545,-0.22691,-0.24927,-0.27405,-0.29819,-0.32267,-0.34807,-0.37448,-0.40051,-0.42619,-0.45182,-0.47732,-0.50134,-0.52678,-0.5491199999999999,-0.56899,-0.5874199999999999,-0.60117,-0.60937,-0.6096699999999999,-0.60722,-0.59416,-0.57592,-0.54802,-0.51899,-0.48321,-0.4395600000000001,-0.39431,-0.34687,-0.29501,-0.25123,-0.20475,-0.16072,impedance,6.2436,6.2602,6.2659,6.3091,6.3326,6.3618,6.3872,6.4186,6.4489,6.4834,6.5129,6.5441,6.5778,6.6133,6.6511,6.6939,6.7402,6.7908,6.8447,6.9034,6.9663,7.0342,7.1058,7.1817,7.2626,7.3484,7.4378,7.5331,7.6317,7.7347,7.8423,7.9468,8.0513,8.1531,8.2515,8.3429,8.4404,8.5246,8.6045,8.6773,8.7415,8.7977,8.8461,8.8867
42,R/Ohm,0.1028,0.038313,-0.015189,-0.058535,-0.095369,-0.12615,-0.15905999999999998,-0.1845,-0.20924,-0.23427,-0.25995,-0.28889000000000004,-0.31478,-0.34313,-0.37228,-0.40066,-0.4306,-0.46094,-0.49071,-0.51939,-0.54801,-0.57844,-0.60731,-0.6341,-0.6605,-0.6825100000000001,-0.7009,-0.7148899999999999,-0.7220300000000001,-0.72117,-0.71327,-0.6937399999999999,-0.6691600000000001,-0.6322300000000001,-0.58494,-0.53247,-0.47333,-0.40894,-0.34832,-0.28664,-0.22891,-0.17668,-0.13397,-0.097318,impedance,6.4685,6.5014,6.5326,6.563,6.5924,6.6229,6.652,6.6838,6.7172,6.7519,6.7894,6.8299,6.8748,6.9239,6.9772,7.0349,7.0979,7.1656,7.2383,7.315,7.397,7.4841,7.5760000000000005,7.6729,7.7756,7.8848,7.9982,8.1158,8.2396,8.363999999999999,8.4898,8.6148,8.7341,8.8595,8.9795,9.0883,9.1874,9.2761,9.3525,9.4179,9.4696,9.5121,9.5388,9.5469
43,R/Ohm,0.37424,0.26126,0.16990999999999998,0.087464,0.031295,-0.015994,-0.05513,-0.085965,-0.1124,-0.14737,-0.16927,-0.19143,-0.21276,-0.23467,-0.25826,-0.27983,-0.30254000000000003,-0.32572,-0.34766,-0.37082,-0.39352,-0.41459,-0.43615,-0.45712,-0.47729,-0.49468,-0.50913,-0.5233399999999999,-0.52868,-0.52767,-0.5223800000000001,-0.50795,-0.48765,-0.46199,-0.43098,-0.3979,-0.35583000000000004,-0.31481,-0.27407,-0.2313,-0.18964,-0.15438,-0.121,-0.094759,impedance,6.1033,6.1413,6.159,6.1791,6.2018,6.2229,6.2461,6.2689,6.2907,6.3137,6.3382,6.3643,6.3924,6.4236,6.456,6.4938,6.534,6.5782,6.6262,6.6773,6.7332,6.7925,6.8551,6.9219,6.9923,7.068,7.1472,7.2306,7.3171,7.4062,7.4948,7.5832,7.6681,7.7478,7.821000000000001,7.8872,7.9477,8.0027,8.0516,8.0933,8.1299,8.158999999999999,8.1844,8.207
44,R/Ohm,0.14805,0.079644,0.030682,-0.016096,-0.053433,-0.090074,-0.12531,-0.15175999999999998,-0.1798,-0.2074,-0.23486,-0.26251,-0.28883000000000003,-0.31688,-0.3473,-0.37169,-0.39825,-0.42415,-0.44628,-0.47489,-0.50235,-0.52164,-0.54346,-0.56414,-0.5854,-0.60116,-0.61338,-0.62051,-0.62212,-0.6174,-0.60658,-0.5867899999999999,-0.56011,-0.52875,-0.48783,-0.44004,-0.38644,-0.33379000000000003,-0.28482,-0.23374,-0.19181,-0.15068,-0.1139,-0.083702,impedance,5.559,5.5829,5.5985,5.6203,5.6436,5.6672,5.6974,5.7231,5.7515,5.7812,5.8147,5.8495,5.8913,5.9357,5.9784,6.0283,6.0803,6.1375,6.1991,6.2598,6.3281,6.3968,6.471,6.5488,6.6305,6.7164,6.8059,6.8988,6.9945,7.0918,7.1877,7.2815,7.3721,7.4493,7.5301,7.6077,7.6819,7.7503,7.8125,7.8708,7.9251,7.9817,8.0327,8.0861
45,R/Ohm,0.42803,0.27449,0.15165,0.066311,0.0019119,-0.052503,-0.093465,-0.13433,-0.16502999999999998,-0.19309,-0.22199,-0.25129,-0.27898,-0.30864,-0.33791,-0.36694,-0.39482,-0.4209,-0.44624,-0.47105,-0.49071,-0.50794,-0.51608,-0.51427,-0.50373,-0.4818,-0.44919,-0.4104600000000001,-0.37262,-0.31993,-0.26876,-0.22119,-0.17244,-0.13507,-0.1001,-0.07115,-0.050115,-0.037022,-0.023607,-0.013569,-0.0089682,-0.0048632,-0.0049343,-0.00010882,impedance,6.1552,6.1886,6.2159,6.2448,6.2707,6.3003,6.33,6.3585,6.3891,6.4234,6.4605,6.5018,6.5484,6.6009,6.6586,6.7215,6.7915,6.8674,6.9489,7.0371,7.1305,7.2306,7.3368,7.4436,7.5507,7.6551,7.7528,7.8395,7.9134,7.9717,8.0286,8.0727,8.1079,8.1338,8.1556,8.1748,8.1959,8.2272,8.272,8.3388,8.3894,8.3096,8.1684,8.3677
46,R/Ohm,0.067362,0.0072712,-0.041863,-0.075883,-0.11059,-0.13835999999999998,-0.16615,-0.19043,-0.21293,-0.23759,-0.26254,-0.2905,-0.31695,-0.34435,-0.37282,-0.40265,-0.43199,-0.46063,-0.48959,-0.51827,-0.54638,-0.5753,-0.6015699999999999,-0.6269,-0.65061,-0.6709,-0.6874,-0.69953,-0.70472,-0.7034199999999999,-0.6946899999999999,-0.6754399999999999,-0.65145,-0.61505,-0.56962,-0.51822,-0.46213,-0.39917,-0.34199,-0.28331,-0.22618,-0.17521,-0.13494,-0.10032,impedance,6.4636,6.4913,6.5163,6.5424,6.567,6.5933,6.6177,6.6437,6.6718,6.7004,6.7328,6.767,6.8065,6.8504,6.8978,6.9494,7.0064,7.0683,7.1352,7.2062,7.2823,7.3624,7.4478,7.5387,7.6341,7.7346,7.8411,7.9508,8.0646,8.181000000000001,8.2961,8.4106,8.5197,8.6184,8.7188,8.8108,8.8952,8.9699,9.0334,9.0889,9.135,9.1782,9.2155,9.2548
47,R/Ohm,0.092331,0.025733,-0.029451,-0.070289,-0.10785,-0.13782,-0.17195,-0.19773,-0.22251,-0.24669,-0.27259,-0.30159,-0.32694,-0.35625,-0.38751,-0.41842,-0.44993,-0.48129,-0.51213,-0.54359,-0.57609,-0.6059399999999999,-0.63673,-0.66635,-0.69802,-0.72341,-0.7458199999999999,-0.7650899999999999,-0.7789699999999999,-0.7833,-0.78142,-0.76915,-0.7488600000000001,-0.70977,-0.66384,-0.60924,-0.54418,-0.47229,-0.40277,-0.33172,-0.26606,-0.20455,-0.15591,-0.1148,impedance,6.6958,6.7248,6.7621,6.7933,6.8289,6.8564,6.8881,6.9191,6.9541,6.9897,7.0274,7.0675,7.1127,7.1617,7.2144,7.2729,7.3353,7.4024,7.4764,7.5519,7.6342,7.7214,7.814,7.9099,8.0124,8.1209,8.2343,8.3533,8.4783,8.6056,8.7357,8.863999999999999,8.9908,9.1015,9.2156,9.3219,9.4162,9.4954,9.5571,9.6031,9.6307,9.6461,9.6454,9.6397
48,R/Ohm,0.080252,0.020415,-0.03211,-0.072372,-0.10620999999999997,-0.13492,-0.1636,-0.18821,-0.21244,-0.23726,-0.26291,-0.29123000000000004,-0.31852,-0.34638,-0.37519,-0.40585,-0.43523,-0.4643600000000001,-0.49386,-0.52308,-0.5514899999999999,-0.58119,-0.60822,-0.6330600000000001,-0.65764,-0.67799,-0.69526,-0.70695,-0.71327,-0.71155,-0.7035899999999999,-0.68335,-0.65899,-0.62438,-0.57693,-0.52693,-0.46974,-0.40771,-0.3505,-0.29075,-0.23295,-0.18188,-0.14045,-0.10378,impedance,6.5092,6.5367,6.5616,6.5878,6.6148,6.6409,6.6679,6.6949,6.7232,6.7547,6.7881,6.824,6.865,6.91,6.9595,7.0135,7.0725,7.1367,7.2054,7.2785,7.3567,7.4396,7.5278,7.6221,7.7211,7.8251,7.934,8.0473,8.1649,8.2832,8.4045,8.5193,8.6333,8.7418,8.8472,8.948,9.0385,9.1199,9.1934,9.2597,9.3167,9.3733,9.4275,9.4769
49,R/Ohm,0.37176,0.25503000000000003,0.1677,0.09573,0.034781,-0.008296,-0.052038,-0.08114500000000001,-0.10849,-0.14015999999999998,-0.16427,-0.18802,-0.20828,-0.23052,-0.25237,-0.27374,-0.29542,-0.31726,-0.3389,-0.36047,-0.38125,-0.40222,-0.42367,-0.44285,-0.46456,-0.48167,-0.49588,-0.5079600000000001,-0.51213,-0.5099199999999999,-0.49915,-0.48071,-0.4546,-0.42079,-0.3808,-0.33942,-0.30003,-0.25329,-0.21083,-0.17287,-0.13635999999999998,-0.11031,-0.083941,-0.061336,impedance,5.9638,5.9827,5.9905,6.0154,6.0386,6.0615,6.0856,6.1097,6.1344,6.1578,6.1854,6.2184,6.2484,6.2854,6.3197,6.3602,6.4033,6.4484,6.4992,6.5515,6.6069,6.6658,6.7324,6.7992,6.8816,6.9589,7.0397,7.1266,7.2142,7.306,7.3977,7.4878,7.5726,7.6505,7.722,7.7807,7.8459,7.8928,7.9337,7.9714,7.9985,8.0218,8.0449,8.066
50,R/Ohm,0.017421000000000002,-0.039963,-0.075941,-0.11379,-0.13562000000000002,-0.16505,-0.19402,-0.20775,-0.23237,-0.25775,-0.28182,-0.3116,-0.3353,-0.36812,-0.39287,-0.42823,-0.45784,-0.48916,-0.51751,-0.5514100000000001,-0.58286,-0.61628,-0.64632,-0.67747,-0.7088399999999999,-0.73685,-0.76248,-0.78628,-0.80367,-0.8147300000000001,-0.81916,-0.81101,-0.79791,-0.76689,-0.72319,-0.66932,-0.60451,-0.52845,-0.45398,-0.37671,-0.30201,-0.23391,-0.17945,-0.13141,impedance,6.7357,6.7656,6.7973,6.8304,6.8579,6.8838,6.912000000000001,6.9447,6.9733,7.0037,7.0374,7.0764,7.119,7.1669,7.2175,7.27,7.3293,7.3937,7.4665,7.5392,7.615,7.7003,7.7898,7.8834,7.9844,8.0898,8.2028,8.3197,8.4442,8.5734,8.7062,8.8407,8.9736,9.0883,9.2141,9.3351,9.446,9.5439,9.6262,9.6931,9.7458,9.7897,9.824,9.854
51,R/Ohm,0.018931,-0.03234,-0.067618,-0.079076,-0.11068,-0.13892000000000002,-0.16513,-0.18871,-0.21055,-0.2351,-0.2599,-0.28701,-0.313,-0.33987,-0.36788,-0.39688,-0.42505,-0.45315,-0.48188,-0.50832,-0.53489,-0.56204,-0.58637,-0.608,-0.62846,-0.64336,-0.65382,-0.65914,-0.65761,-0.64922,-0.63267,-0.6104,-0.58185,-0.54427,-0.50359,-0.45587,-0.40531,-0.34902,-0.29969,-0.24787,-0.19743,-0.15275,-0.11653,-0.086213,impedance,6.3842,6.4129,6.4419,6.4863,6.5184,6.5458,6.5765,6.6083,6.6414,6.6767,6.7139,6.7536,6.7995,6.8476,6.9014,6.9587,7.0217,7.0889999999999995,7.1612,7.2369,7.3186,7.4036,7.4948,7.5889999999999995,7.6893,7.7941,7.9027,8.0129,8.1263,8.2394,8.3501,8.4597,8.5599,8.6636,8.7613,8.8514,8.9286,8.9983,9.0583,9.1069,9.144,9.169,9.1758,9.162
52,R/Ohm,0.36271,0.24355,0.15233,0.07739299999999999,0.014614,-0.02829,-0.07028,-0.10401,-0.13035,-0.15837,-0.1817,-0.20594,-0.22982,-0.25448000000000004,-0.28094,-0.30788000000000004,-0.3345,-0.36214,-0.38992,-0.41781,-0.44572,-0.47377,-0.49942,-0.5252600000000001,-0.55267,-0.57524,-0.59667,-0.61645,-0.6301399999999999,-0.64003,-0.6419199999999999,-0.6392100000000001,-0.62934,-0.6126699999999999,-0.58526,-0.55485,-0.51548,-0.46829,-0.42068,-0.36963,-0.31589,-0.2673,-0.21938,-0.17228,impedance,6.3465,6.3694,6.4058,6.432,6.4644,6.4927,6.5242,6.5493,6.5801,6.6083,6.6377,6.6675,6.6995,6.7349,6.7715,6.8136,6.8585,6.9083,6.9624,7.0202,7.0835,7.1502,7.2224,7.2979,7.3792,7.4633,7.553,7.6477,7.7464,7.849,7.954,8.0595,8.1654,8.269,8.3653,8.4559,8.526,8.6004,8.6652,8.7189,8.7645,8.7972,8.8227,8.8374
53,R/Ohm,0.11596,0.06829299999999999,0.025605000000000003,-0.011494,-0.04286,-0.0721,-0.098577,-0.12064,-0.14228,-0.16585,-0.18473,-0.20391,-0.22406,-0.24513,-0.26706,-0.289,-0.31249,-0.33676,-0.36057,-0.38567,-0.4106,-0.43453,-0.45899999999999996,-0.48262,-0.50578,-0.52698,-0.54651,-0.56665,-0.5787100000000001,-0.5855,-0.5869,-0.57748,-0.56166,-0.54086,-0.5108199999999999,-0.47576,-0.4401600000000001,-0.3963,-0.34866,-0.29847,-0.25075,-0.21004,-0.1678,-0.13792,impedance,6.3764,6.3827,6.391,6.3968,6.4046,6.4155,6.4268,6.4416,6.4574,6.4743,6.4939,6.5154,6.5397,6.5682,6.5999,6.6354,6.6748,6.7184,6.7662,6.8188,6.877000000000001,6.939,7.0055,7.077000000000001,7.1534,7.2346,7.3216,7.4128,7.5089999999999995,7.6085,7.7114,7.816,7.9209,8.0206,8.1143,8.203,8.2984,8.3883,8.4711,8.5485,8.6195,8.6799,8.7292,8.7642
54,R/Ohm,0.048813,-0.0040955,-0.051904999999999986,-0.086503,-0.1174,-0.1423,-0.16977,-0.19275,-0.21532,-0.23897,-0.26337,-0.29111,-0.31698000000000004,-0.34478000000000003,-0.37276,-0.40169,-0.43086,-0.45959,-0.48847,-0.517,-0.545,-0.57334,-0.59969,-0.62427,-0.64818,-0.6678,-0.6825899999999999,-0.69307,-0.69753,-0.6937,-0.68395,-0.6613899999999999,-0.63622,-0.59988,-0.55305,-0.50279,-0.44659,-0.38617,-0.33105,-0.27351,-0.21865,-0.16994,-0.13014,-0.096425,impedance,6.4712,6.4989,6.5272,6.5541,6.5802,6.6079,6.6351,6.6633,6.6937,6.7255,6.7603,6.7973,6.8393,6.8854,6.9357,6.9904,7.0497,7.1145,7.1844,7.2588,7.3381,7.4217,7.5106,7.6048,7.7038,7.8091,7.9184,8.0311,8.1476,8.2656,8.3828,8.498,8.6094,8.7187,8.8241,8.9216,9.0106,9.0911,9.1623,9.2271,9.2855,9.3403,9.3908,9.4414
55,R/Ohm,0.40476,0.28600000000000003,0.19852,0.11253,0.052837,0.0017069000000000006,-0.0386,-0.07307999999999999,-0.10416,-0.13527999999999998,-0.16183,-0.18747,-0.21238,-0.23813,-0.26569,-0.29042,-0.31691,-0.34375,-0.37038,-0.3969,-0.4229,-0.44809,-0.47417,-0.49898,-0.5250600000000001,-0.5504,-0.57458,-0.60063,-0.62145,-0.64181,-0.65861,-0.6712600000000001,-0.6773399999999999,-0.67761,-0.66805,-0.6535,-0.6289600000000001,-0.58649,-0.54037,-0.48257,-0.41848,-0.35454,-0.29041,-0.22986,impedance,5.331,5.3571,5.3789,5.407,5.4322,5.4559,5.4801,5.5046,5.5289,5.556,5.5834,5.6126,5.644,5.6787,5.7165,5.7604,5.8061,5.8559,5.91,5.9676,6.0294,6.0956,6.1657,6.2397,6.3174,6.3994,6.486000000000001,6.5766,6.6726,6.7729,6.877000000000001,6.9895,7.1032,7.2206,7.3391,7.4563,7.5803,7.6997,7.8133,7.9174,8.0112,8.0874,8.1534,8.2069
56,R/Ohm,0.010682,-0.030262,-0.073133,-0.095575,-0.11962,-0.15179,-0.16119,-0.18427,-0.20577,-0.22931,-0.25288,-0.27872,-0.30367,-0.33025,-0.35624,-0.38352,-0.41026,-0.43688,-0.46328,-0.4887,-0.51372,-0.53933,-0.5614600000000001,-0.5808300000000001,-0.59848,-0.61128,-0.61835,-0.62179,-0.61482,-0.60224,-0.58629,-0.55866,-0.5283899999999999,-0.49158,-0.45083,-0.40502,-0.35719,-0.30576,-0.26057,-0.21438,-0.16852,-0.12913,-0.097505,-0.07188,impedance,6.3472,6.3723,6.4037,6.4361,6.4691,6.4954,6.5342,6.5657,6.5975,6.6325,6.6695,6.7087,6.7531,6.8012,6.8529,6.9085,6.9691,7.0343,7.1031,7.1768,7.2555,7.3377,7.4251,7.5172,7.6131,7.7138,7.817,7.9226,8.0298,8.1347,8.2378,8.3344,8.4266,8.5189,8.6041,8.6821,8.7507,8.8111,8.8594,8.8985,8.9271,8.9458,8.9484,8.9341
57,R/Ohm,0.01618,-0.039021,-0.075847,-0.11102,-0.13656,-0.16334,-0.1894,-0.21286,-0.23728,-0.25521,-0.28102,-0.30607,-0.33282,-0.36688,-0.38848,-0.42493,-0.45487,-0.48663,-0.52084,-0.54798,-0.58343,-0.6122,-0.64167,-0.66911,-0.69914,-0.7226199999999999,-0.74644,-0.7648699999999999,-0.77759,-0.78225,-0.78136,-0.76804,-0.74637,-0.71,-0.66294,-0.6099899999999999,-0.54497,-0.47358,-0.40504,-0.3351,-0.26642,-0.20524,-0.15636,-0.11382,impedance,6.6742,6.7115,6.7422,6.7857,6.8067,6.8487,6.8793,6.9129,6.952000000000001,6.9856,7.0232,7.063,7.1136,7.1644,7.2183,7.2786,7.3429,7.4119,7.4886,7.5664,7.6486,7.7413,7.8317,7.9361,8.0387,8.1504,8.2662,8.3887,8.5164,8.6444,8.7781,8.9087,9.0371,9.1545,9.2803,9.3935,9.4922,9.5783,9.6446,9.6952,9.7276,9.7441,9.7424,9.7242
58,R/Ohm,0.32183,0.22173,0.13764,0.05775,0.009067,-0.038057,-0.070029,-0.098824,-0.12534,-0.14593,-0.16828,-0.19088,-0.21193,-0.23453,-0.2594,-0.27941,-0.30309,-0.32726,-0.35137,-0.37485,-0.3981,-0.41969,-0.4416,-0.46311,-0.48413,-0.50173,-0.51672,-0.53065,-0.5363100000000001,-0.5368,-0.5330199999999999,-0.51917,-0.50012,-0.47621,-0.44446,-0.41288,-0.37555,-0.3332,-0.29167,-0.25025,-0.2072,-0.17138,-0.13652999999999998,-0.10425,impedance,6.1067,6.1252,6.1548,6.1651,6.1935,6.2166,6.2519,6.2683,6.2963,6.3347,6.3629,6.3928,6.4244,6.4582,6.4943,6.5349,6.5785,6.6258,6.6766,6.7317,6.7909,6.8542,6.921,6.9921,7.0669,7.1462,7.2301,7.317,7.4068,7.5001,7.5925,7.6838,7.7725,7.8566,7.935,8.0069,8.0745,8.1372,8.1934,8.2437,8.2885,8.3281,8.3629,8.3959
59,R/Ohm,0.0033685000000000004,-0.044397000000000006,-0.083243,-0.11566,-0.14239000000000002,-0.16522,-0.19125,-0.21242,-0.23311,-0.25533,-0.27934000000000003,-0.30622,-0.33185,-0.35952,-0.38838,-0.41929,-0.44913,-0.4794600000000001,-0.50968,-0.5406,-0.57114,-0.60256,-0.63259,-0.66132,-0.68994,-0.71434,-0.7368100000000001,-0.75636,-0.7689199999999999,-0.77535,-0.77389,-0.76032,-0.74193,-0.71137,-0.66627,-0.61303,-0.55003,-0.47807,-0.41097,-0.34213000000000005,-0.27297,-0.21208,-0.1625,-0.11964,impedance,6.5586,6.591,6.6235,6.6529,6.6826,6.7141,6.7437,6.7759,6.8089,6.8444,6.8826,6.9221,6.9684,7.0178,7.0712,7.1299,7.1935,7.2623,7.3362,7.4145,7.4981,7.5865,7.6804,7.7794,7.8839999999999995,7.9943,8.1117,8.2333,8.3598,8.4908,8.6243,8.7583,8.8899,9.029,9.1621,9.2898,9.4053,9.5109,9.6031,9.6837,9.7533,9.8148,9.8678,9.9081
60,R/Ohm,0.073162,0.015218,-0.034616,-0.074541,-0.10741,-0.13483,-0.16335999999999998,-0.18795,-0.21100000000000002,-0.23595,-0.26086,-0.28852,-0.315,-0.34242,-0.37061,-0.39984,-0.42915,-0.45779,-0.4864600000000001,-0.5151,-0.54274,-0.57158,-0.59743,-0.62256,-0.6472,-0.6656,-0.68208,-0.69248,-0.69626,-0.69381,-0.68284,-0.66295,-0.63802,-0.60269,-0.55689,-0.50748,-0.45253,-0.39192,-0.33549,-0.27778,-0.22277,-0.17324,-0.13373,-0.099176,impedance,6.4211,6.4502,6.4765,6.5031,6.5312,6.5584,6.5859,6.6144,6.6448,6.6768,6.7116,6.749,6.7913,6.8376,6.8881,6.9432,7.0034,7.0683,7.1382,7.2128,7.2912,7.3751,7.4641,7.558,7.6565,7.7614,7.8712,7.9836,8.1009,8.2191,8.3376,8.4524,8.5636,8.6771,8.7829,8.8826,8.9736,9.0569,9.1294,9.1941,9.2501,9.304,9.3526,9.4023
61,R/Ohm,0.07706,0.16169,0.25212,0.36409,0.25833,0.15746,0.08185,0.022787,-0.022686,-0.061278,-0.088871,-0.11818,-0.14048,-0.16417,-0.18685,-0.20834,-0.2313,-0.2557,-0.2756,-0.29859,-0.32189,-0.34593,-0.36811,-0.38965,-0.41014,-0.43032,-0.44949,-0.46783,-0.4824,-0.49462,-0.50463,-0.50665,-0.50161,-0.49194,-0.47479,-0.45228,-0.42208,-0.38989,-0.35552,-0.31928,-0.27657,-0.23800000000000002,-0.20008,-0.16152,impedance,6.2238,6.2018,6.1801,6.1611,6.1705,6.1895,6.2038,6.2253,6.2508,6.2703,6.2948,6.3149,6.3467,6.3707,6.3964,6.4243,6.4544,6.4865,6.5235,6.5633,6.6063,6.6529,6.7032,6.7584,6.8166,6.8785,6.9446,7.0148,7.087999999999999,7.1659,7.2474,7.3313,7.4152,7.4986,7.5814,7.6578,7.7305,7.796,7.852,7.8992,7.9467,7.9862,8.0183,8.0455
62,R/Ohm,0.23343000000000005,0.13496,0.06049,-0.009506,-0.054704,-0.098071,-0.13027,-0.15827,-0.18153,-0.20846,-0.22951,-0.24889,-0.27155,-0.29632,-0.32343,-0.34908,-0.37857,-0.40888,-0.43924,-0.4718100000000001,-0.50434,-0.53525,-0.56975,-0.6040300000000001,-0.63832,-0.6704600000000001,-0.70421,-0.73825,-0.77073,-0.7995399999999999,-0.8282,-0.85293,-0.8703700000000001,-0.8805700000000001,-0.88121,-0.8735700000000001,-0.8477299999999999,-0.8074,-0.7538600000000001,-0.68372,-0.6006100000000001,-0.51648,-0.42668,-0.33857,impedance,6.7661,6.8028,6.8326,6.8686,6.9029,6.9352,6.9677,6.9968,7.0321,7.0638,7.0968,7.1299,7.165,7.202000000000001,7.2411,7.2856,7.3343,7.3866,7.4449,7.5068,7.5746,7.6489,7.7251,7.8092,7.8947,7.9875,8.0857,8.1899,8.2999,8.4158,8.5378,8.6677,8.8033,8.9442,9.0889,9.2333,9.3631,9.5054,9.6443,9.7681,9.8776,9.9688,10.043,10.098
63,R/Ohm,0.076687,0.011281,-0.033847,-0.066666,-0.10403,-0.12717,-0.1459,-0.17029,-0.1947,-0.2194,-0.24409,-0.27157,-0.29673,-0.32299999999999995,-0.34996,-0.3778,-0.40465,-0.4311,-0.4573,-0.4835,-0.50847,-0.5341100000000001,-0.5571,-0.5777899999999999,-0.5961,-0.60965,-0.61921,-0.62287,-0.61839,-0.6077100000000001,-0.59163,-0.56443,-0.53576,-0.50132,-0.45697,-0.41177,-0.36336,-0.31185,-0.26596,-0.21946,-0.17315999999999998,-0.13294,-0.10214,-0.07562,impedance,6.2782,6.313,6.3393,6.3686,6.3894,6.4246,6.4579,6.4866,6.5166,6.5489,6.5835,6.6203,6.6622,6.7076,6.7574,6.8108,6.8689,6.9322,6.9991,7.0709,7.1471,7.2277,7.3129,7.4032,7.497999999999999,7.5975,7.7010000000000005,7.8065,7.9138,8.021,8.1245,8.2235,8.3174,8.4154,8.5034,8.5854,8.6592,8.7271,8.7873,8.8405,8.8871,8.9328,8.974,9.0124
64,R/Ohm,0.27645,0.16957,0.087604,0.015546,-0.035603,-0.07995,-0.1158,-0.14482,-0.17095,-0.19836,-0.22063,-0.24304,-0.26439,-0.29322,-0.31728,-0.34616,-0.37435,-0.40566,-0.43696,-0.4688100000000001,-0.50185,-0.5363899999999999,-0.56688,-0.60113,-0.63612,-0.66683,-0.70002,-0.73405,-0.76415,-0.7934,-0.8167,-0.84191,-0.8571200000000001,-0.86388,-0.86295,-0.85457,-0.83434,-0.7930699999999999,-0.74162,-0.67673,-0.59816,-0.5181600000000001,-0.43177,-0.34743,impedance,6.6822,6.7134,6.7485,6.7776,6.8172,6.8493,6.8837,6.9192,6.9521,6.9866,7.0219,7.0587,7.098,7.1384,7.1808,7.2305,7.282,7.3389,7.401,7.4686,7.5415,7.6223,7.7015,7.7849,7.8813,7.9811,8.0864,8.1995,8.3169,8.4384,8.5684,8.7011,8.8464,8.9919,9.1413,9.2932,9.4626,9.6137,9.7701,9.9164,10.052,10.171,10.271,10.347
65,R/Ohm,0.34372,0.22846,0.15349000000000002,0.069229,0.01497,-0.028966,-0.065703,-0.095628,-0.12174,-0.15392,-0.17518,-0.19586,-0.21698,-0.23864,-0.26243,-0.2827,-0.30595,-0.32928,-0.35135,-0.37496,-0.39749,-0.41881,-0.4409,-0.46252,-0.48212,-0.5007199999999999,-0.51575,-0.52977,-0.5361600000000001,-0.53674,-0.53093,-0.5177,-0.4983800000000001,-0.47282,-0.44227,-0.40983,-0.36829,-0.32572,-0.28441,-0.2408,-0.19848,-0.16168,-0.12807000000000002,-0.099732,impedance,6.1576,6.1801,6.1992,6.2199,6.245,6.265,6.2871,6.3105,6.3332,6.3549,6.3795,6.4055,6.4339,6.4643,6.4969,6.5341,6.5742,6.617999999999999,6.6662,6.7174,6.7728,6.8324,6.8954,6.9624,7.0339,7.1091,7.1892,7.2725,7.3594,7.4489,7.5379,7.6275,7.712999999999999,7.7953,7.8681,7.9363,7.9939,8.0492,8.0982,8.1386,8.1735,8.2043,8.2294,8.2517
